base,rule,template,side,regime,main_profit_pct,main_trades,losing_windows,profitable_windows
ATOM,ATOM:range_breakout:short:market_aligned:h24:l4,range_breakout,short,market_aligned,304.4346654173787,580,0,3
1000PEPE,1000PEPE:range_breakout:long:market_aligned:h24:l4,range_breakout,long,market_aligned,283.32049977040896,786,1,2
FET,FET:micro_momentum:short:market_chop:h18:l5,micro_momentum,short,market_chop,281.1473760896296,397,1,2
1000PEPE,1000PEPE:rsi_reversion:long:local_chop:h24:l4,rsi_reversion,long,local_chop,268.90355909957987,326,1,2
NEAR,NEAR:rsi_reversion:short:local_chop:h24:l4,rsi_reversion,short,local_chop,218.4196534190895,225,0,3
DOT,DOT:rsi_reversion:short:local_chop:h24:l4,rsi_reversion,short,local_chop,218.30869392220586,140,0,3
UNI,UNI:rsi_reversion:long:local_chop:h24:l4,rsi_reversion,long,local_chop,216.7861283226475,242,1,2
ICP,ICP:rsi_reversion:short:local_chop:h24:l4,rsi_reversion,short,local_chop,205.88823337196072,168,0,3
ADA,ADA:micro_momentum:short:market_chop:h18:l5,micro_momentum,short,market_chop,204.61804608888738,402,0,3
ALGO,ALGO:range_breakout:short:market_aligned:h24:l4,range_breakout,short,market_aligned,197.25026931290455,536,0,3
MANA,MANA:range_breakout:short:market_aligned:h24:l4,range_breakout,short,market_aligned,186.3887995344584,548,0,3
FET,FET:rsi_reversion:long:local_chop:h24:l4,rsi_reversion,long,local_chop,170.68203762839866,262,0,3
DOT,DOT:micro_momentum:short:market_chop:h18:l5,micro_momentum,short,market_chop,167.84252125199393,385,1,2
RUNE,RUNE:micro_momentum:short:market_chop:h18:l5,micro_momentum,short,market_chop,157.00026305237765,383,0,3
GALA,GALA:range_breakout:short:market_aligned:h24:l4,range_breakout,short,market_aligned,155.30765732200723,603,2,1
RUNE,RUNE:range_breakout:long:market_aligned:h24:l4,range_breakout,long,market_aligned,154.5697735625231,682,1,2
NEAR,NEAR:vwap_reclaim:short:market_contra:h18:l5,vwap_reclaim,short,market_contra,153.13496199062251,150,0,3
UNI,UNI:rsi_reversion:short:local_chop:h24:l4,rsi_reversion,short,local_chop,151.80066385376853,184,0,3
UNI,UNI:micro_momentum:short:market_chop:h18:l5,micro_momentum,short,market_chop,140.6360613875251,330,1,2
FET,FET:rsi_reversion:short:local_chop:h24:l4,rsi_reversion,short,local_chop,139.3117808403346,217,0,3
ICP,ICP:vwap_reclaim:long:market_contra:h18:l5,vwap_reclaim,long,market_contra,132.85846520880116,109,1,2
1000SHIB,1000SHIB:micro_momentum:long:market_chop:h18:l5,micro_momentum,long,market_chop,130.97386390838022,261,0,3
1000PEPE,1000PEPE:vwap_reclaim:long:market_contra:h18:l5,vwap_reclaim,long,market_contra,126.94587165712528,107,1,2
1000SHIB,1000SHIB:range_breakout:long:market_aligned:h24:l4,range_breakout,long,market_aligned,123.30882227745181,688,1,2
1000PEPE,1000PEPE:panic_snapback:long:market_contra:h12:l4,panic_snapback,long,market_contra,120.51296295010174,296,0,3
ALGO,ALGO:range_breakout:long:market_aligned:h24:l4,range_breakout,long,market_aligned,119.81003487724442,531,1,2
ICP,ICP:rsi_reversion:long:local_chop:h24:l4,rsi_reversion,long,local_chop,118.24197220337763,241,1,2
ARB,ARB:rsi_reversion:long:local_chop:h24:l4,rsi_reversion,long,local_chop,118.22355817013018,256,0,3
FET,FET:panic_snapback:long:market_contra:h12:l4,panic_snapback,long,market_contra,116.79964925227483,239,1,2
1000SHIB,1000SHIB:micro_momentum:short:market_chop:h18:l5,micro_momentum,short,market_chop,115.51948949248248,381,1,2
SAND,SAND:rsi_reversion:long:local_chop:h24:l4,rsi_reversion,long,local_chop,115.42599483142678,218,1,2
ALGO,ALGO:micro_momentum:short:market_chop:h18:l5,micro_momentum,short,market_chop,114.42462754258575,392,1,2
ATOM,ATOM:vwap_reclaim:short:market_contra:h18:l5,vwap_reclaim,short,market_contra,113.10664131960762,136,1,2
ARB,ARB:rsi_reversion:short:local_chop:h24:l4,rsi_reversion,short,local_chop,107.67750552838845,206,0,3
HBAR,HBAR:micro_momentum:short:market_chop:h18:l5,micro_momentum,short,market_chop,102.43661188881447,356,0,3
UNI,UNI:range_breakout:long:market_aligned:h24:l4,range_breakout,long,market_aligned,101.35691424718041,577,0,3
1000PEPE,1000PEPE:stoch_turn:long:local_trend:h24:l4,stoch_turn,long,local_trend,101.2907406830426,130,0,3
DOT,DOT:vwap_reclaim:short:market_contra:h18:l5,vwap_reclaim,short,market_contra,100.43135145305021,151,0,3
ARB,ARB:vwap_reclaim:long:market_contra:h18:l5,vwap_reclaim,long,market_contra,100.25564117771935,91,1,2
HBAR,HBAR:range_breakout:short:market_aligned:h24:l4,range_breakout,short,market_aligned,98.65650241740863,633,1,2
DOT,DOT:vwap_reclaim:long:market_contra:h18:l5,vwap_reclaim,long,market_contra,95.57440969258919,102,1,2
FET,FET:vwap_reclaim:short:market_contra:h18:l5,vwap_reclaim,short,market_contra,94.53130610401162,120,1,2
MANA,MANA:panic_snapback:long:market_contra:h12:l4,panic_snapback,long,market_contra,87.41678621227221,192,1,2
ATOM,ATOM:rsi_reversion:long:local_chop:h24:l4,rsi_reversion,long,local_chop,85.36430134969616,193,1,2
SAND,SAND:range_breakout:short:market_aligned:h24:l4,range_breakout,short,market_aligned,84.45318119284676,643,2,1
FET,FET:stoch_turn:long:local_trend:h24:l4,stoch_turn,long,local_trend,84.38359516947514,116,0,3
FIL,FIL:stoch_turn:long:local_trend:h24:l4,stoch_turn,long,local_trend,83.5282044601028,143,2,1
FIL,FIL:panic_snapback:long:market_contra:h12:l4,panic_snapback,long,market_contra,82.1925177280925,221,0,3
UNI,UNI:panic_snapback:short:market_contra:h12:l4,panic_snapback,short,market_contra,78.16600534537316,195,1,2
DOT,DOT:panic_snapback:long:market_contra:h12:l4,panic_snapback,long,market_contra,75.6550138123584,222,1,2
FIL,FIL:stoch_turn:short:local_trend:h24:l4,stoch_turn,short,local_trend,73.58604051069332,108,1,2
UNI,UNI:panic_snapback:long:market_contra:h12:l4,panic_snapback,long,market_contra,73.10919143390907,215,0,3
GALA,GALA:vwap_reclaim:short:market_contra:h18:l5,vwap_reclaim,short,market_contra,72.64955221963888,142,1,2
RUNE,RUNE:vwap_reclaim:short:market_contra:h18:l5,vwap_reclaim,short,market_contra,70.9016686254228,111,1,2
FET,FET:panic_snapback:short:market_contra:h12:l4,panic_snapback,short,market_contra,70.57176554172774,245,2,1
INJ,INJ:range_breakout:short:market_aligned:h24:l4,range_breakout,short,market_aligned,69.84220838804774,651,2,1
ALGO,ALGO:panic_snapback:long:market_contra:h12:l4,panic_snapback,long,market_contra,68.5327165130837,184,1,2
DOT,DOT:range_breakout:short:market_aligned:h24:l4,range_breakout,short,market_aligned,68.51314052947521,592,1,2
SAND,SAND:stoch_turn:short:local_trend:h24:l4,stoch_turn,short,local_trend,68.11909954806654,96,1,2
NEAR,NEAR:stoch_turn:long:local_trend:h24:l4,stoch_turn,long,local_trend,66.63191072387934,132,1,2
UNI,UNI:vwap_reclaim:long:market_contra:h18:l5,vwap_reclaim,long,market_contra,65.46166586305051,98,1,2
SAND,SAND:panic_snapback:long:market_contra:h12:l4,panic_snapback,long,market_contra,63.67458436718208,230,0,3
ARB,ARB:stoch_turn:long:local_trend:h24:l4,stoch_turn,long,local_trend,62.524573320901,119,1,2
ADA,ADA:range_breakout:long:market_aligned:h24:l4,range_breakout,long,market_aligned,62.38625314962772,674,1,2
MANA,MANA:stoch_turn:long:local_trend:h24:l4,stoch_turn,long,local_trend,62.08908658186441,149,1,2
1000PEPE,1000PEPE:vwap_reclaim:short:market_contra:h18:l5,vwap_reclaim,short,market_contra,61.45444697350465,131,2,1
1000PEPE,1000PEPE:stoch_turn:short:local_trend:h24:l4,stoch_turn,short,local_trend,61.33546892744329,135,2,1
RUNE,RUNE:stoch_turn:short:local_trend:h24:l4,stoch_turn,short,local_trend,61.09420048091492,130,1,2
MANA,MANA:stoch_turn:short:local_trend:h24:l4,stoch_turn,short,local_trend,59.43254894248851,106,0,3
ARB,ARB:panic_snapback:long:market_contra:h12:l4,panic_snapback,long,market_contra,58.224333116154895,264,1,2
MANA,MANA:rsi_reversion:short:local_chop:h24:l4,rsi_reversion,short,local_chop,57.69725611770858,163,1,2
SAND,SAND:vwap_reclaim:long:market_contra:h18:l5,vwap_reclaim,long,market_contra,55.75544940708926,94,1,2
1000SHIB,1000SHIB:vwap_reclaim:long:market_contra:h18:l5,vwap_reclaim,long,market_contra,54.35373575038155,86,0,3
ALGO,ALGO:vwap_reclaim:short:market_contra:h18:l5,vwap_reclaim,short,market_contra,53.91751186214038,129,2,1
SAND,SAND:micro_momentum:long:market_chop:h18:l5,micro_momentum,long,market_chop,53.47815089109298,279,1,2
1000PEPE,1000PEPE:micro_momentum:short:market_chop:h18:l5,micro_momentum,short,market_chop,52.615432731341,433,2,1
ATOM,ATOM:panic_snapback:long:market_contra:h12:l4,panic_snapback,long,market_contra,52.03820783086424,219,1,2
FET,FET:stoch_turn:short:local_trend:h24:l4,stoch_turn,short,local_trend,51.82063167029787,149,2,1
FIL,FIL:micro_momentum:long:market_chop:h18:l5,micro_momentum,long,market_chop,51.11587914478628,310,1,2
1000PEPE,1000PEPE:micro_momentum:long:market_chop:h18:l5,micro_momentum,long,market_chop,51.05918496485097,301,1,2
ADA,ADA:stoch_turn:short:local_trend:h24:l4,stoch_turn,short,local_trend,50.87278017981114,111,0,3
ADA,ADA:range_breakout:short:market_aligned:h24:l4,range_breakout,short,market_aligned,48.790924872447945,686,2,1
RUNE,RUNE:panic_snapback:long:market_contra:h12:l4,panic_snapback,long,market_contra,42.85559268636114,228,1,2
NEAR,NEAR:panic_snapback:long:market_contra:h12:l4,panic_snapback,long,market_contra,40.70358267371295,214,1,2
ADA,ADA:rsi_reversion:short:local_chop:h24:l4,rsi_reversion,short,local_chop,40.604146557999734,167,1,2
SAND,SAND:range_breakout:long:market_aligned:h24:l4,range_breakout,long,market_aligned,40.0934639485163,645,1,2
UNI,UNI:micro_momentum:long:market_chop:h18:l5,micro_momentum,long,market_chop,37.638220532198254,308,2,1
FIL,FIL:rsi_reversion:short:local_chop:h24:l4,rsi_reversion,short,local_chop,36.92526219029095,181,1,2
NEAR,NEAR:rsi_reversion:long:local_chop:h24:l4,rsi_reversion,long,local_chop,33.49515595443701,239,1,2
UNI,UNI:stoch_turn:short:local_trend:h24:l4,stoch_turn,short,local_trend,32.97564140249398,122,0,3
ATOM,ATOM:stoch_turn:short:local_trend:h24:l4,stoch_turn,short,local_trend,31.985536226390778,102,1,2
ICP,ICP:range_breakout:short:market_aligned:h24:l4,range_breakout,short,market_aligned,28.48699549652741,628,1,2
ICP,ICP:panic_snapback:long:market_contra:h12:l4,panic_snapback,long,market_contra,27.05752352551101,221,1,2
DOT,DOT:rsi_reversion:long:local_chop:h24:l4,rsi_reversion,long,local_chop,26.836792249013634,219,2,1
FET,FET:range_breakout:short:market_aligned:h24:l4,range_breakout,short,market_aligned,25.734606730919865,637,2,1
1000SHIB,1000SHIB:panic_snapback:short:market_contra:h12:l4,panic_snapback,short,market_contra,25.23165990082945,189,2,1
MANA,MANA:micro_momentum:short:market_chop:h18:l5,micro_momentum,short,market_chop,24.771015392387792,373,2,1
HBAR,HBAR:vwap_reclaim:short:market_contra:h18:l5,vwap_reclaim,short,market_contra,24.436938447207517,115,2,1
SAND,SAND:stoch_turn:long:local_trend:h24:l4,stoch_turn,long,local_trend,23.49862331497112,148,2,1
UNI,UNI:range_breakout:short:market_aligned:h24:l4,range_breakout,short,market_aligned,22.571871050602795,574,2,1
1000SHIB,1000SHIB:panic_snapback:long:market_contra:h12:l4,panic_snapback,long,market_contra,21.31219509192519,242,2,1
UNI,UNI:stoch_turn:long:local_trend:h24:l4,stoch_turn,long,local_trend,20.897845682822734,106,1,2
DOT,DOT:stoch_turn:short:local_trend:h24:l4,stoch_turn,short,local_trend,20.274041836067802,98,1,2
1000SHIB,1000SHIB:vwap_reclaim:short:market_contra:h18:l5,vwap_reclaim,short,market_contra,19.245619928349605,114,2,1
INJ,INJ:panic_snapback:short:market_contra:h12:l4,panic_snapback,short,market_contra,17.620974187135026,235,2,1
HBAR,HBAR:stoch_turn:short:local_trend:h24:l4,stoch_turn,short,local_trend,16.46660099815591,120,1,2
1000SHIB,1000SHIB:rsi_reversion:long:local_chop:h24:l4,rsi_reversion,long,local_chop,15.69847752586955,226,2,1
MANA,MANA:vwap_reclaim:short:market_contra:h18:l5,vwap_reclaim,short,market_contra,14.989911621401898,115,2,1
GALA,GALA:stoch_turn:long:local_trend:h24:l4,stoch_turn,long,local_trend,13.761921887057142,124,1,2
DOT,DOT:panic_snapback:short:market_contra:h12:l4,panic_snapback,short,market_contra,13.351970182004578,144,1,2
1000SHIB,1000SHIB:rsi_reversion:short:local_chop:h24:l4,rsi_reversion,short,local_chop,13.314620532935706,127,1,2
INJ,INJ:vwap_reclaim:short:market_contra:h18:l5,vwap_reclaim,short,market_contra,12.77242480830093,138,2,1
INJ,INJ:rsi_reversion:short:local_chop:h24:l4,rsi_reversion,short,local_chop,11.867688411854708,240,1,2
1000PEPE,1000PEPE:rsi_reversion:short:local_chop:h24:l4,rsi_reversion,short,local_chop,11.786584779594463,266,2,1
FIL,FIL:vwap_reclaim:short:market_contra:h18:l5,vwap_reclaim,short,market_contra,10.641380481222097,130,1,2
MANA,MANA:rsi_reversion:long:local_chop:h24:l4,rsi_reversion,long,local_chop,8.862796246769953,239,1,2
FIL,FIL:micro_momentum:short:market_chop:h18:l5,micro_momentum,short,market_chop,7.549468753228645,419,1,2
INJ,INJ:micro_momentum:short:market_chop:h18:l5,micro_momentum,short,market_chop,4.181929359321991,397,2,1
ADA,ADA:rsi_reversion:long:local_chop:h24:l4,rsi_reversion,long,local_chop,3.1081953922396117,226,2,1
FIL,FIL:rsi_reversion:long:local_chop:h24:l4,rsi_reversion,long,local_chop,2.8117816450178967,266,2,1
SAND,SAND:rsi_reversion:short:local_chop:h24:l4,rsi_reversion,short,local_chop,2.7294108208962093,152,1,2
INJ,INJ:vwap_reclaim:long:market_contra:h18:l5,vwap_reclaim,long,market_contra,1.994802866359883,115,1,2
ALGO,ALGO:vwap_reclaim:long:market_contra:h18:l5,vwap_reclaim,long,market_contra,0.8310052778306982,111,1,2
ADA,ADA:micro_momentum:long:market_chop:h18:l5,micro_momentum,long,market_chop,0.7484949687104887,280,1,2
ADA,ADA:stoch_turn:long:local_trend:h24:l4,stoch_turn,long,local_trend,0.5534778570450296,125,1,2
MANA,MANA:vwap_reclaim:long:market_contra:h18:l5,vwap_reclaim,long,market_contra,0.2569096090234151,108,1,2
ICP,ICP:stoch_turn:long:local_trend:h24:l4,stoch_turn,long,local_trend,-1.4897894023204739,110,1,2
HBAR,HBAR:stoch_turn:long:local_trend:h24:l4,stoch_turn,long,local_trend,-3.1450544793042656,125,2,1
ARB,ARB:range_breakout:long:market_aligned:h24:l4,range_breakout,long,market_aligned,-5.495185658885987,629,1,2
SAND,SAND:vwap_reclaim:short:market_contra:h18:l5,vwap_reclaim,short,market_contra,-6.009787277761692,117,2,1
ARB,ARB:panic_snapback:short:market_contra:h12:l4,panic_snapback,short,market_contra,-7.053850482038946,206,1,2
GALA,GALA:panic_snapback:short:market_contra:h12:l4,panic_snapback,short,market_contra,-7.188419372401933,186,1,2
ICP,ICP:stoch_turn:short:local_trend:h24:l4,stoch_turn,short,local_trend,-7.950644733447199,142,1,2
HBAR,HBAR:panic_snapback:long:market_contra:h12:l4,panic_snapback,long,market_contra,-8.456306256916063,244,2,1
ICP,ICP:micro_momentum:long:market_chop:h18:l5,micro_momentum,long,market_chop,-11.308635116850816,331,2,1
DOT,DOT:stoch_turn:long:local_trend:h24:l4,stoch_turn,long,local_trend,-12.906500017374034,131,2,1
ATOM,ATOM:stoch_turn:long:local_trend:h24:l4,stoch_turn,long,local_trend,-13.788410515340207,131,2,1
ADA,ADA:panic_snapback:long:market_contra:h12:l4,panic_snapback,long,market_contra,-15.192585531675551,238,2,1
GALA,GALA:micro_momentum:short:market_chop:h18:l5,micro_momentum,short,market_chop,-15.234179419624795,389,2,1
ADA,ADA:vwap_reclaim:short:market_contra:h18:l5,vwap_reclaim,short,market_contra,-15.60655407961242,133,2,1
ALGO,ALGO:stoch_turn:long:local_trend:h24:l4,stoch_turn,long,local_trend,-16.175134551123534,115,1,2
GALA,GALA:rsi_reversion:long:local_chop:h24:l4,rsi_reversion,long,local_chop,-18.08561276371079,255,2,1
ADA,ADA:vwap_reclaim:long:market_contra:h18:l5,vwap_reclaim,long,market_contra,-18.22829922673758,102,1,2
MANA,MANA:range_breakout:long:market_aligned:h24:l4,range_breakout,long,market_aligned,-20.682913085727566,525,1,2
ALGO,ALGO:stoch_turn:short:local_trend:h24:l4,stoch_turn,short,local_trend,-21.37089954470976,131,2,1
INJ,INJ:range_breakout:long:market_aligned:h24:l4,range_breakout,long,market_aligned,-21.762169175523695,643,2,1
ATOM,ATOM:rsi_reversion:short:local_chop:h24:l4,rsi_reversion,short,local_chop,-26.53023999454973,129,2,1
GALA,GALA:panic_snapback:long:market_contra:h12:l4,panic_snapback,long,market_contra,-32.78111368397716,223,1,2
GALA,GALA:rsi_reversion:short:local_chop:h24:l4,rsi_reversion,short,local_chop,-33.845640560888235,231,2,1
ICP,ICP:vwap_reclaim:short:market_contra:h18:l5,vwap_reclaim,short,market_contra,-34.229416203598156,131,2,1
NEAR,NEAR:stoch_turn:short:local_trend:h24:l4,stoch_turn,short,local_trend,-34.27667426319307,111,2,1
ALGO,ALGO:rsi_reversion:long:local_chop:h24:l4,rsi_reversion,long,local_chop,-36.36541847903479,196,3,0
GALA,GALA:micro_momentum:long:market_chop:h18:l5,micro_momentum,long,market_chop,-36.5485479504878,309,2,1
1000SHIB,1000SHIB:stoch_turn:long:local_trend:h24:l4,stoch_turn,long,local_trend,-41.261616538061844,136,1,2
HBAR,HBAR:micro_momentum:long:market_chop:h18:l5,micro_momentum,long,market_chop,-41.65494845259293,289,1,2
ICP,ICP:panic_snapback:short:market_contra:h12:l4,panic_snapback,short,market_contra,-43.41403803038904,184,2,1
MANA,MANA:panic_snapback:short:market_contra:h12:l4,panic_snapback,short,market_contra,-43.665642539943235,143,1,2
NEAR,NEAR:vwap_reclaim:long:market_contra:h18:l5,vwap_reclaim,long,market_contra,-46.98379216728016,127,2,1
GALA,GALA:stoch_turn:short:local_trend:h24:l4,stoch_turn,short,local_trend,-47.263219123525914,106,2,1
ALGO,ALGO:micro_momentum:long:market_chop:h18:l5,micro_momentum,long,market_chop,-49.295563120402164,284,1,2
ATOM,ATOM:panic_snapback:short:market_contra:h12:l4,panic_snapback,short,market_contra,-52.67829718792339,113,2,1
NEAR,NEAR:range_breakout:long:market_aligned:h24:l4,range_breakout,long,market_aligned,-53.003240258438026,633,2,1
RUNE,RUNE:micro_momentum:long:market_chop:h18:l5,micro_momentum,long,market_chop,-54.16438650439343,304,2,1
NEAR,NEAR:range_breakout:short:market_aligned:h24:l4,range_breakout,short,market_aligned,-54.53717578666351,651,2,1
RUNE,RUNE:stoch_turn:long:local_trend:h24:l4,stoch_turn,long,local_trend,-54.70605039915273,113,2,1
MANA,MANA:micro_momentum:long:market_chop:h18:l5,micro_momentum,long,market_chop,-54.99071056602694,306,1,2
ARB,ARB:vwap_reclaim:short:market_contra:h18:l5,vwap_reclaim,short,market_contra,-55.638204828772636,136,2,1
FET,FET:vwap_reclaim:long:market_contra:h18:l5,vwap_reclaim,long,market_contra,-55.6459915774855,106,2,1
SAND,SAND:panic_snapback:short:market_contra:h12:l4,panic_snapback,short,market_contra,-56.129695213586835,171,2,1
1000SHIB,1000SHIB:range_breakout:short:market_aligned:h24:l4,range_breakout,short,market_aligned,-56.79597067980402,649,2,1
FIL,FIL:vwap_reclaim:long:market_contra:h18:l5,vwap_reclaim,long,market_contra,-57.738352642959725,121,3,0
ARB,ARB:stoch_turn:short:local_trend:h24:l4,stoch_turn,short,local_trend,-59.11883302258198,118,3,0
ARB,ARB:micro_momentum:short:market_chop:h18:l5,micro_momentum,short,market_chop,-62.25220469668058,372,2,1
GALA,GALA:vwap_reclaim:long:market_contra:h18:l5,vwap_reclaim,long,market_contra,-63.09000675048965,125,3,0
1000PEPE,1000PEPE:panic_snapback:short:market_contra:h12:l4,panic_snapback,short,market_contra,-63.68085825919732,278,2,1
ADA,ADA:panic_snapback:short:market_contra:h12:l4,panic_snapback,short,market_contra,-64.53655350778592,184,3,0
ARB,ARB:range_breakout:short:market_aligned:h24:l4,range_breakout,short,market_aligned,-65.16883837090339,630,2,1
RUNE,RUNE:rsi_reversion:long:local_chop:h24:l4,rsi_reversion,long,local_chop,-65.26140786667294,249,2,1
NEAR,NEAR:panic_snapback:short:market_contra:h12:l4,panic_snapback,short,market_contra,-71.95317778966688,196,3,0
ATOM,ATOM:micro_momentum:long:market_chop:h18:l5,micro_momentum,long,market_chop,-71.97940732158392,306,2,1
INJ,INJ:stoch_turn:short:local_trend:h24:l4,stoch_turn,short,local_trend,-74.68817847577087,129,3,0
INJ,INJ:panic_snapback:long:market_contra:h12:l4,panic_snapback,long,market_contra,-78.25448476044943,255,2,1
INJ,INJ:stoch_turn:long:local_trend:h24:l4,stoch_turn,long,local_trend,-78.78154551820322,111,3,0
1000SHIB,1000SHIB:stoch_turn:short:local_trend:h24:l4,stoch_turn,short,local_trend,-84.01366973627572,97,3,0
ATOM,ATOM:vwap_reclaim:long:market_contra:h18:l5,vwap_reclaim,long,market_contra,-90.69118251471414,141,3,0
DOT,DOT:micro_momentum:long:market_chop:h18:l5,micro_momentum,long,market_chop,-90.74429801044053,307,2,1
ALGO,ALGO:panic_snapback:short:market_contra:h12:l4,panic_snapback,short,market_contra,-99.78161393924654,151,2,1
RUNE,RUNE:vwap_reclaim:long:market_contra:h18:l5,vwap_reclaim,long,market_contra,-102.25047878525933,93,2,1
FIL,FIL:panic_snapback:short:market_contra:h12:l4,panic_snapback,short,market_contra,-103.46387247936687,192,2,1
ALGO,ALGO:rsi_reversion:short:local_chop:h24:l4,rsi_reversion,short,local_chop,-105.69309510913655,163,2,1
SAND,SAND:micro_momentum:short:market_chop:h18:l5,micro_momentum,short,market_chop,-106.8508697910222,373,2,1
UNI,UNI:vwap_reclaim:short:market_contra:h18:l5,vwap_reclaim,short,market_contra,-108.15395675275789,145,2,1
ATOM,ATOM:range_breakout:long:market_aligned:h24:l4,range_breakout,long,market_aligned,-108.67468779290738,583,2,1
RUNE,RUNE:panic_snapback:short:market_contra:h12:l4,panic_snapback,short,market_contra,-109.91894687478307,182,3,0
HBAR,HBAR:rsi_reversion:short:local_chop:h24:l4,rsi_reversion,short,local_chop,-110.38572688574698,177,2,1
HBAR,HBAR:rsi_reversion:long:local_chop:h24:l4,rsi_reversion,long,local_chop,-111.31033537869008,187,2,1
FIL,FIL:range_breakout:short:market_aligned:h24:l4,range_breakout,short,market_aligned,-111.54748359213018,663,2,1
INJ,INJ:micro_momentum:long:market_chop:h18:l5,micro_momentum,long,market_chop,-115.60410352727956,342,2,1
DOT,DOT:range_breakout:long:market_aligned:h24:l4,range_breakout,long,market_aligned,-118.61810328450889,642,2,1
ARB,ARB:micro_momentum:long:market_chop:h18:l5,micro_momentum,long,market_chop,-128.41488996799893,332,3,0
HBAR,HBAR:range_breakout:long:market_aligned:h24:l4,range_breakout,long,market_aligned,-131.30042414666886,604,3,0
INJ,INJ:rsi_reversion:long:local_chop:h24:l4,rsi_reversion,long,local_chop,-136.49268395268084,240,2,1
HBAR,HBAR:vwap_reclaim:long:market_contra:h18:l5,vwap_reclaim,long,market_contra,-137.64456243039302,93,2,1
FIL,FIL:range_breakout:long:market_aligned:h24:l4,range_breakout,long,market_aligned,-146.90753066090366,626,3,0
FET,FET:range_breakout:long:market_aligned:h24:l4,range_breakout,long,market_aligned,-148.55876712951158,636,2,1
RUNE,RUNE:rsi_reversion:short:local_chop:h24:l4,rsi_reversion,short,local_chop,-151.56057046348332,205,3,0
ICP,ICP:range_breakout:long:market_aligned:h24:l4,range_breakout,long,market_aligned,-158.50148149462925,567,2,1
ATOM,ATOM:micro_momentum:short:market_chop:h18:l5,micro_momentum,short,market_chop,-163.9928047970037,379,3,0
HBAR,HBAR:panic_snapback:short:market_contra:h12:l4,panic_snapback,short,market_contra,-179.8887508110749,185,3,0
FET,FET:micro_momentum:long:market_chop:h18:l5,micro_momentum,long,market_chop,-188.08389552706416,339,2,1
ICP,ICP:micro_momentum:short:market_chop:h18:l5,micro_momentum,short,market_chop,-210.22616753613994,393,3,0
GALA,GALA:range_breakout:long:market_aligned:h24:l4,range_breakout,long,market_aligned,-215.67665339195804,585,3,0
NEAR,NEAR:micro_momentum:short:market_chop:h18:l5,micro_momentum,short,market_chop,-230.92627763069936,401,3,0
1000PEPE,1000PEPE:range_breakout:short:market_aligned:h24:l4,range_breakout,short,market_aligned,-266.17299502089196,765,2,1
RUNE,RUNE:range_breakout:short:market_aligned:h24:l4,range_breakout,short,market_aligned,-266.64394415921845,635,3,0
NEAR,NEAR:micro_momentum:long:market_chop:h18:l5,micro_momentum,long,market_chop,-346.5516651006936,341,3,0
