date,profit,exit_reason,raw_profit,candidate_id,pair,template,side,regime,hold,tp,sl,candidate_key
2023-07-02 00:15:00+00:00,-0.004773365056124911,fixed_hold,-0.03818692044899929,1m:ETC:vwap_stretch_reversion:long:market_chop:h12:tp0.0:sl0.0:6fdc05fdf4,ETC,vwap_stretch_reversion,long,market_chop,12,0.0,0.0,"ETC|vwap_stretch_reversion|long|market_chop|12|0.0|0.0|atr_ceiling=0.03,atr_floor=0.0012,bb_width=0.0025,close_pos=0.35,macro_limit=0.055,min_dist=0.0035,rsi_2=14,volume_mult=0.7,z_entry=2.4"
2023-07-14 16:24:00+00:00,-0.00725457103304454,fixed_hold,-0.05803656826435632,1m:SOL:vwap_stretch_reversion:long:market_chop:h12:tp0.0:sl0.0:936b55a31d,SOL,vwap_stretch_reversion,long,market_chop,12,0.0,0.0,"SOL|vwap_stretch_reversion|long|market_chop|12|0.0|0.0|atr_ceiling=0.03,atr_floor=0.0012,bb_width=0.0025,close_pos=0.35,macro_limit=0.055,min_dist=0.0035,rsi_2=10,volume_mult=0.7,z_entry=1.8"
2023-07-17 19:16:00+00:00,-0.0002622079524016574,fixed_hold,-0.0020976636192132593,1m:DOGE:vwap_stretch_reversion:short:market_chop:h12:tp0.0:sl0.0:93608b84d5,DOGE,vwap_stretch_reversion,short,market_chop,12,0.0,0.0,"DOGE|vwap_stretch_reversion|short|market_chop|12|0.0|0.0|atr_ceiling=0.03,atr_floor=0.0012,bb_width=0.0025,close_pos=0.35,macro_limit=0.055,min_dist=0.0035,rsi_2=10,volume_mult=0.7,z_entry=1.8"
2023-09-10 14:31:00+00:00,-7.162719273985597e-05,fixed_hold,-0.0005730175419188478,1m:SOL:vwap_stretch_reversion:long:market_chop:h12:tp0.0:sl0.0:936b55a31d,SOL,vwap_stretch_reversion,long,market_chop,12,0.0,0.0,"SOL|vwap_stretch_reversion|long|market_chop|12|0.0|0.0|atr_ceiling=0.03,atr_floor=0.0012,bb_width=0.0025,close_pos=0.35,macro_limit=0.055,min_dist=0.0035,rsi_2=10,volume_mult=0.7,z_entry=1.8"
2023-10-18 23:50:00+00:00,-0.0010789240398171441,fixed_hold,-0.008631392318537153,1m:SOL:vwap_stretch_reversion:long:market_chop:h12:tp0.0:sl0.0:936b55a31d,SOL,vwap_stretch_reversion,long,market_chop,12,0.0,0.0,"SOL|vwap_stretch_reversion|long|market_chop|12|0.0|0.0|atr_ceiling=0.03,atr_floor=0.0012,bb_width=0.0025,close_pos=0.35,macro_limit=0.055,min_dist=0.0035,rsi_2=10,volume_mult=0.7,z_entry=1.8"
2023-10-19 16:47:00+00:00,-0.001999395266082948,fixed_hold,-0.015995162128663584,1m:SOL:vwap_stretch_reversion:long:market_chop:h12:tp0.0:sl0.0:936b55a31d,SOL,vwap_stretch_reversion,long,market_chop,12,0.0,0.0,"SOL|vwap_stretch_reversion|long|market_chop|12|0.0|0.0|atr_ceiling=0.03,atr_floor=0.0012,bb_width=0.0025,close_pos=0.35,macro_limit=0.055,min_dist=0.0035,rsi_2=10,volume_mult=0.7,z_entry=1.8"
2023-10-20 06:22:00+00:00,0.0013397306881349912,fixed_hold,0.01071784550507993,1m:SOL:vwap_stretch_reversion:long:market_chop:h12:tp0.0:sl0.0:936b55a31d,SOL,vwap_stretch_reversion,long,market_chop,12,0.0,0.0,"SOL|vwap_stretch_reversion|long|market_chop|12|0.0|0.0|atr_ceiling=0.03,atr_floor=0.0012,bb_width=0.0025,close_pos=0.35,macro_limit=0.055,min_dist=0.0035,rsi_2=10,volume_mult=0.7,z_entry=1.8"
2023-10-23 13:21:00+00:00,-0.00835577316250384,fixed_hold,-0.06684618530003072,1m:SOL:vwap_stretch_reversion:long:market_chop:h12:tp0.0:sl0.0:936b55a31d,SOL,vwap_stretch_reversion,long,market_chop,12,0.0,0.0,"SOL|vwap_stretch_reversion|long|market_chop|12|0.0|0.0|atr_ceiling=0.03,atr_floor=0.0012,bb_width=0.0025,close_pos=0.35,macro_limit=0.055,min_dist=0.0035,rsi_2=10,volume_mult=0.7,z_entry=1.8"
2023-10-25 15:10:00+00:00,0.006859476641040766,fixed_hold,0.05487581312832613,1m:DOGE:vwap_stretch_reversion:short:market_chop:h12:tp0.0:sl0.0:93608b84d5,DOGE,vwap_stretch_reversion,short,market_chop,12,0.0,0.0,"DOGE|vwap_stretch_reversion|short|market_chop|12|0.0|0.0|atr_ceiling=0.03,atr_floor=0.0012,bb_width=0.0025,close_pos=0.35,macro_limit=0.055,min_dist=0.0035,rsi_2=10,volume_mult=0.7,z_entry=1.8"
2023-11-05 00:07:00+00:00,-0.0018107051388460689,fixed_hold,-0.014485641110768551,1m:SOL:vwap_stretch_reversion:long:market_chop:h12:tp0.0:sl0.0:936b55a31d,SOL,vwap_stretch_reversion,long,market_chop,12,0.0,0.0,"SOL|vwap_stretch_reversion|long|market_chop|12|0.0|0.0|atr_ceiling=0.03,atr_floor=0.0012,bb_width=0.0025,close_pos=0.35,macro_limit=0.055,min_dist=0.0035,rsi_2=10,volume_mult=0.7,z_entry=1.8"
2023-11-13 20:35:00+00:00,5.955640744799483e-05,fixed_hold,0.0004764512595839586,1m:XTZ:vwap_stretch_reversion:long:market_chop:h8:tp0.0:sl0.0:83a75a970f,XTZ,vwap_stretch_reversion,long,market_chop,8,0.0,0.0,"XTZ|vwap_stretch_reversion|long|market_chop|8|0.0|0.0|atr_ceiling=0.03,atr_floor=0.0012,bb_width=0.0025,close_pos=0.35,macro_limit=0.055,min_dist=0.0035,rsi_2=10,volume_mult=0.7,z_entry=1.8"
2023-11-17 23:53:00+00:00,0.0024172779889574535,fixed_hold,0.019338223911659628,1m:SOL:vwap_stretch_reversion:long:market_chop:h12:tp0.0:sl0.0:936b55a31d,SOL,vwap_stretch_reversion,long,market_chop,12,0.0,0.0,"SOL|vwap_stretch_reversion|long|market_chop|12|0.0|0.0|atr_ceiling=0.03,atr_floor=0.0012,bb_width=0.0025,close_pos=0.35,macro_limit=0.055,min_dist=0.0035,rsi_2=10,volume_mult=0.7,z_entry=1.8"
2023-11-28 15:30:00+00:00,0.003149127457675802,fixed_hold,0.025193019661406416,1m:SOL:vwap_stretch_reversion:long:market_chop:h12:tp0.0:sl0.0:936b55a31d,SOL,vwap_stretch_reversion,long,market_chop,12,0.0,0.0,"SOL|vwap_stretch_reversion|long|market_chop|12|0.0|0.0|atr_ceiling=0.03,atr_floor=0.0012,bb_width=0.0025,close_pos=0.35,macro_limit=0.055,min_dist=0.0035,rsi_2=10,volume_mult=0.7,z_entry=1.8"
2023-12-11 03:58:00+00:00,-0.002230096799683903,fixed_hold,-0.017840774397471223,1m:DOGE:vwap_stretch_reversion:short:market_chop:h12:tp0.0:sl0.0:93608b84d5,DOGE,vwap_stretch_reversion,short,market_chop,12,0.0,0.0,"DOGE|vwap_stretch_reversion|short|market_chop|12|0.0|0.0|atr_ceiling=0.03,atr_floor=0.0012,bb_width=0.0025,close_pos=0.35,macro_limit=0.055,min_dist=0.0035,rsi_2=10,volume_mult=0.7,z_entry=1.8"
2023-12-13 14:22:00+00:00,0.001981745281603512,fixed_hold,0.015853962252828094,1m:SOL:vwap_stretch_reversion:long:market_chop:h12:tp0.0:sl0.0:936b55a31d,SOL,vwap_stretch_reversion,long,market_chop,12,0.0,0.0,"SOL|vwap_stretch_reversion|long|market_chop|12|0.0|0.0|atr_ceiling=0.03,atr_floor=0.0012,bb_width=0.0025,close_pos=0.35,macro_limit=0.055,min_dist=0.0035,rsi_2=10,volume_mult=0.7,z_entry=1.8"
2023-12-17 00:20:00+00:00,-0.0016265052928037672,fixed_hold,-0.013012042342430138,1m:ETC:vwap_stretch_reversion:long:market_chop:h12:tp0.0:sl0.0:6fdc05fdf4,ETC,vwap_stretch_reversion,long,market_chop,12,0.0,0.0,"ETC|vwap_stretch_reversion|long|market_chop|12|0.0|0.0|atr_ceiling=0.03,atr_floor=0.0012,bb_width=0.0025,close_pos=0.35,macro_limit=0.055,min_dist=0.0035,rsi_2=14,volume_mult=0.7,z_entry=2.4"
2023-12-25 20:13:00+00:00,-0.003627498078401167,fixed_hold,-0.029019984627209335,1m:APT:vwap_stretch_reversion:long:market_chop:h8:tp0.0:sl0.0:ac7190ca1d,APT,vwap_stretch_reversion,long,market_chop,8,0.0,0.0,"APT|vwap_stretch_reversion|long|market_chop|8|0.0|0.0|atr_ceiling=0.018,atr_floor=0.0006,bb_width=0.0025,close_pos=0.35,macro_limit=0.055,min_dist=0.0035,rsi_2=10,volume_mult=0.7,z_entry=2.4"
2023-12-27 22:54:00+00:00,0.0036943337822167165,fixed_hold,0.029554670257733732,1m:SOL:vwap_stretch_reversion:long:market_chop:h12:tp0.0:sl0.0:936b55a31d,SOL,vwap_stretch_reversion,long,market_chop,12,0.0,0.0,"SOL|vwap_stretch_reversion|long|market_chop|12|0.0|0.0|atr_ceiling=0.03,atr_floor=0.0012,bb_width=0.0025,close_pos=0.35,macro_limit=0.055,min_dist=0.0035,rsi_2=10,volume_mult=0.7,z_entry=1.8"
2024-01-03 00:28:00+00:00,0.00795595518289692,fixed_hold,0.06364764146317536,1m:APT:vwap_stretch_reversion:long:market_chop:h8:tp0.0:sl0.0:ac7190ca1d,APT,vwap_stretch_reversion,long,market_chop,8,0.0,0.0,"APT|vwap_stretch_reversion|long|market_chop|8|0.0|0.0|atr_ceiling=0.018,atr_floor=0.0006,bb_width=0.0025,close_pos=0.35,macro_limit=0.055,min_dist=0.0035,rsi_2=10,volume_mult=0.7,z_entry=2.4"
2024-01-10 19:41:00+00:00,0.0058215310217261266,fixed_hold,0.04657224817380901,1m:SOL:vwap_stretch_reversion:long:market_chop:h12:tp0.0:sl0.0:936b55a31d,SOL,vwap_stretch_reversion,long,market_chop,12,0.0,0.0,"SOL|vwap_stretch_reversion|long|market_chop|12|0.0|0.0|atr_ceiling=0.03,atr_floor=0.0012,bb_width=0.0025,close_pos=0.35,macro_limit=0.055,min_dist=0.0035,rsi_2=10,volume_mult=0.7,z_entry=1.8"
2024-01-14 16:29:00+00:00,-0.0011765922629991539,fixed_hold,-0.009412738103993231,1m:ETC:vwap_stretch_reversion:long:market_chop:h12:tp0.0:sl0.0:6e952fa187,ETC,vwap_stretch_reversion,long,market_chop,12,0.0,0.0,"ETC|vwap_stretch_reversion|long|market_chop|12|0.0|0.0|atr_ceiling=0.03,atr_floor=0.0012,bb_width=0.0025,close_pos=0.35,macro_limit=0.055,min_dist=0.002,rsi_2=10,volume_mult=0.7,z_entry=2.4"
2024-01-14 16:29:00+00:00,-0.0011765922629991539,fixed_hold,-0.009412738103993231,1m:ETC:vwap_stretch_reversion:long:market_chop:h12:tp0.0:sl0.0:6fdc05fdf4,ETC,vwap_stretch_reversion,long,market_chop,12,0.0,0.0,"ETC|vwap_stretch_reversion|long|market_chop|12|0.0|0.0|atr_ceiling=0.03,atr_floor=0.0012,bb_width=0.0025,close_pos=0.35,macro_limit=0.055,min_dist=0.0035,rsi_2=14,volume_mult=0.7,z_entry=2.4"
2024-01-30 00:45:00+00:00,0.0001907272208172972,fixed_hold,0.0015258177665383775,1m:ETC:vwap_stretch_reversion:long:market_chop:h12:tp0.0:sl0.0:6e952fa187,ETC,vwap_stretch_reversion,long,market_chop,12,0.0,0.0,"ETC|vwap_stretch_reversion|long|market_chop|12|0.0|0.0|atr_ceiling=0.03,atr_floor=0.0012,bb_width=0.0025,close_pos=0.35,macro_limit=0.055,min_dist=0.002,rsi_2=10,volume_mult=0.7,z_entry=2.4"
2024-01-30 00:45:00+00:00,0.0001907272208172972,fixed_hold,0.0015258177665383775,1m:ETC:vwap_stretch_reversion:long:market_chop:h12:tp0.0:sl0.0:6fdc05fdf4,ETC,vwap_stretch_reversion,long,market_chop,12,0.0,0.0,"ETC|vwap_stretch_reversion|long|market_chop|12|0.0|0.0|atr_ceiling=0.03,atr_floor=0.0012,bb_width=0.0025,close_pos=0.35,macro_limit=0.055,min_dist=0.0035,rsi_2=14,volume_mult=0.7,z_entry=2.4"
2024-02-14 12:47:00+00:00,-0.0018350227111955937,fixed_hold,-0.01468018168956475,1m:ETC:vwap_stretch_reversion:long:market_chop:h12:tp0.0:sl0.0:6fdc05fdf4,ETC,vwap_stretch_reversion,long,market_chop,12,0.0,0.0,"ETC|vwap_stretch_reversion|long|market_chop|12|0.0|0.0|atr_ceiling=0.03,atr_floor=0.0012,bb_width=0.0025,close_pos=0.35,macro_limit=0.055,min_dist=0.0035,rsi_2=14,volume_mult=0.7,z_entry=2.4"
2024-02-27 07:04:00+00:00,0.00018161173433929644,fixed_hold,0.0014528938747143715,1m:APT:vwap_stretch_reversion:long:market_chop:h8:tp0.0:sl0.0:ac7190ca1d,APT,vwap_stretch_reversion,long,market_chop,8,0.0,0.0,"APT|vwap_stretch_reversion|long|market_chop|8|0.0|0.0|atr_ceiling=0.018,atr_floor=0.0006,bb_width=0.0025,close_pos=0.35,macro_limit=0.055,min_dist=0.0035,rsi_2=10,volume_mult=0.7,z_entry=2.4"
2024-02-27 13:28:00+00:00,0.0008822347266881225,fixed_hold,0.00705787781350498,1m:APT:vwap_stretch_reversion:long:market_chop:h8:tp0.0:sl0.0:ac7190ca1d,APT,vwap_stretch_reversion,long,market_chop,8,0.0,0.0,"APT|vwap_stretch_reversion|long|market_chop|8|0.0|0.0|atr_ceiling=0.018,atr_floor=0.0006,bb_width=0.0025,close_pos=0.35,macro_limit=0.055,min_dist=0.0035,rsi_2=10,volume_mult=0.7,z_entry=2.4"
2024-03-04 13:21:00+00:00,-0.0041839359798258305,fixed_hold,-0.033471487838606644,1m:APT:vwap_stretch_reversion:long:market_aligned:h12:tp0.0:sl0.0:5bffc84553,APT,vwap_stretch_reversion,long,market_aligned,12,0.0,0.0,"APT|vwap_stretch_reversion|long|market_aligned|12|0.0|0.0|atr_ceiling=0.03,atr_floor=0.0006,bb_width=0.0025,close_pos=0.35,macro_limit=0.055,min_dist=0.0035,rsi_2=10,volume_mult=0.7,z_entry=1.8"
2024-03-05 00:04:00+00:00,0.00810390514589733,fixed_hold,0.06483124116717864,1m:APT:vwap_stretch_reversion:long:market_aligned:h12:tp0.0:sl0.0:5bffc84553,APT,vwap_stretch_reversion,long,market_aligned,12,0.0,0.0,"APT|vwap_stretch_reversion|long|market_aligned|12|0.0|0.0|atr_ceiling=0.03,atr_floor=0.0006,bb_width=0.0025,close_pos=0.35,macro_limit=0.055,min_dist=0.0035,rsi_2=10,volume_mult=0.7,z_entry=1.8"
2024-03-07 15:52:00+00:00,-0.000578843881544957,fixed_hold,-0.004630751052359656,1m:APT:vwap_stretch_reversion:long:market_aligned:h12:tp0.0:sl0.0:5bffc84553,APT,vwap_stretch_reversion,long,market_aligned,12,0.0,0.0,"APT|vwap_stretch_reversion|long|market_aligned|12|0.0|0.0|atr_ceiling=0.03,atr_floor=0.0006,bb_width=0.0025,close_pos=0.35,macro_limit=0.055,min_dist=0.0035,rsi_2=10,volume_mult=0.7,z_entry=1.8"
2024-03-09 14:15:00+00:00,0.0006763861621750944,fixed_hold,0.005411089297400755,1m:DOGE:vwap_stretch_reversion:short:market_chop:h12:tp0.0:sl0.0:93608b84d5,DOGE,vwap_stretch_reversion,short,market_chop,12,0.0,0.0,"DOGE|vwap_stretch_reversion|short|market_chop|12|0.0|0.0|atr_ceiling=0.03,atr_floor=0.0012,bb_width=0.0025,close_pos=0.35,macro_limit=0.055,min_dist=0.0035,rsi_2=10,volume_mult=0.7,z_entry=1.8"
2024-03-10 11:21:00+00:00,-0.002843777466490851,fixed_hold,-0.02275021973192681,1m:SOL:vwap_stretch_reversion:long:market_chop:h12:tp0.0:sl0.0:936b55a31d,SOL,vwap_stretch_reversion,long,market_chop,12,0.0,0.0,"SOL|vwap_stretch_reversion|long|market_chop|12|0.0|0.0|atr_ceiling=0.03,atr_floor=0.0012,bb_width=0.0025,close_pos=0.35,macro_limit=0.055,min_dist=0.0035,rsi_2=10,volume_mult=0.7,z_entry=1.8"
2024-03-15 09:39:00+00:00,-0.000625,fixed_hold,-0.005,1m:DOGE:vwap_stretch_reversion:short:market_chop:h12:tp0.0:sl0.0:93608b84d5,DOGE,vwap_stretch_reversion,short,market_chop,12,0.0,0.0,"DOGE|vwap_stretch_reversion|short|market_chop|12|0.0|0.0|atr_ceiling=0.03,atr_floor=0.0012,bb_width=0.0025,close_pos=0.35,macro_limit=0.055,min_dist=0.0035,rsi_2=10,volume_mult=0.7,z_entry=1.8"
2024-03-19 11:50:00+00:00,-0.004153918052800311,fixed_hold,-0.03323134442240249,1m:DOGE:vwap_stretch_reversion:short:market_chop:h12:tp0.0:sl0.0:93608b84d5,DOGE,vwap_stretch_reversion,short,market_chop,12,0.0,0.0,"DOGE|vwap_stretch_reversion|short|market_chop|12|0.0|0.0|atr_ceiling=0.03,atr_floor=0.0012,bb_width=0.0025,close_pos=0.35,macro_limit=0.055,min_dist=0.0035,rsi_2=10,volume_mult=0.7,z_entry=1.8"
2024-03-19 16:13:00+00:00,0.014492216571570307,fixed_hold,0.11593773257256246,1m:APT:vwap_stretch_reversion:long:market_aligned:h12:tp0.0:sl0.0:5bffc84553,APT,vwap_stretch_reversion,long,market_aligned,12,0.0,0.0,"APT|vwap_stretch_reversion|long|market_aligned|12|0.0|0.0|atr_ceiling=0.03,atr_floor=0.0006,bb_width=0.0025,close_pos=0.35,macro_limit=0.055,min_dist=0.0035,rsi_2=10,volume_mult=0.7,z_entry=1.8"
2024-03-19 19:13:00+00:00,-0.0036127914245789867,fixed_hold,-0.028902331396631894,1m:DOGE:vwap_stretch_reversion:short:market_chop:h12:tp0.0:sl0.0:93608b84d5,DOGE,vwap_stretch_reversion,short,market_chop,12,0.0,0.0,"DOGE|vwap_stretch_reversion|short|market_chop|12|0.0|0.0|atr_ceiling=0.03,atr_floor=0.0012,bb_width=0.0025,close_pos=0.35,macro_limit=0.055,min_dist=0.0035,rsi_2=10,volume_mult=0.7,z_entry=1.8"
2024-03-20 12:45:00+00:00,-0.0013825757575756932,fixed_hold,-0.011060606060605545,1m:APT:vwap_stretch_reversion:long:market_aligned:h12:tp0.0:sl0.0:5bffc84553,APT,vwap_stretch_reversion,long,market_aligned,12,0.0,0.0,"APT|vwap_stretch_reversion|long|market_aligned|12|0.0|0.0|atr_ceiling=0.03,atr_floor=0.0006,bb_width=0.0025,close_pos=0.35,macro_limit=0.055,min_dist=0.0035,rsi_2=10,volume_mult=0.7,z_entry=1.8"
2024-03-20 23:21:00+00:00,-0.002311476068101517,fixed_hold,-0.018491808544812135,1m:APT:vwap_stretch_reversion:long:market_aligned:h12:tp0.0:sl0.0:5bffc84553,APT,vwap_stretch_reversion,long,market_aligned,12,0.0,0.0,"APT|vwap_stretch_reversion|long|market_aligned|12|0.0|0.0|atr_ceiling=0.03,atr_floor=0.0006,bb_width=0.0025,close_pos=0.35,macro_limit=0.055,min_dist=0.0035,rsi_2=10,volume_mult=0.7,z_entry=1.8"
2024-03-21 08:05:00+00:00,0.003645434227330866,fixed_hold,0.029163473818646927,1m:DOGE:vwap_stretch_reversion:short:market_chop:h12:tp0.0:sl0.0:93608b84d5,DOGE,vwap_stretch_reversion,short,market_chop,12,0.0,0.0,"DOGE|vwap_stretch_reversion|short|market_chop|12|0.0|0.0|atr_ceiling=0.03,atr_floor=0.0012,bb_width=0.0025,close_pos=0.35,macro_limit=0.055,min_dist=0.0035,rsi_2=10,volume_mult=0.7,z_entry=1.8"
2024-03-30 00:04:00+00:00,0.005407327460898796,fixed_hold,0.043258619687190365,1m:APT:vwap_stretch_reversion:long:market_aligned:h12:tp0.0:sl0.0:5bffc84553,APT,vwap_stretch_reversion,long,market_aligned,12,0.0,0.0,"APT|vwap_stretch_reversion|long|market_aligned|12|0.0|0.0|atr_ceiling=0.03,atr_floor=0.0006,bb_width=0.0025,close_pos=0.35,macro_limit=0.055,min_dist=0.0035,rsi_2=10,volume_mult=0.7,z_entry=1.8"
2024-04-01 18:09:00+00:00,0.001127156908466501,fixed_hold,0.009017255267732009,1m:SOL:vwap_stretch_reversion:long:market_chop:h12:tp0.0:sl0.0:936b55a31d,SOL,vwap_stretch_reversion,long,market_chop,12,0.0,0.0,"SOL|vwap_stretch_reversion|long|market_chop|12|0.0|0.0|atr_ceiling=0.03,atr_floor=0.0012,bb_width=0.0025,close_pos=0.35,macro_limit=0.055,min_dist=0.0035,rsi_2=10,volume_mult=0.7,z_entry=1.8"
2024-04-10 06:51:00+00:00,-0.005499086108854619,fixed_hold,-0.04399268887083695,1m:APT:vwap_stretch_reversion:long:market_aligned:h12:tp0.0:sl0.0:5bffc84553,APT,vwap_stretch_reversion,long,market_aligned,12,0.0,0.0,"APT|vwap_stretch_reversion|long|market_aligned|12|0.0|0.0|atr_ceiling=0.03,atr_floor=0.0006,bb_width=0.0025,close_pos=0.35,macro_limit=0.055,min_dist=0.0035,rsi_2=10,volume_mult=0.7,z_entry=1.8"
2024-04-16 19:36:00+00:00,0.0009518717894322492,fixed_hold,0.007614974315457994,1m:SOL:vwap_stretch_reversion:long:market_chop:h12:tp0.0:sl0.0:936b55a31d,SOL,vwap_stretch_reversion,long,market_chop,12,0.0,0.0,"SOL|vwap_stretch_reversion|long|market_chop|12|0.0|0.0|atr_ceiling=0.03,atr_floor=0.0012,bb_width=0.0025,close_pos=0.35,macro_limit=0.055,min_dist=0.0035,rsi_2=10,volume_mult=0.7,z_entry=1.8"
2024-04-17 08:28:00+00:00,9.32990678074319e-05,fixed_hold,0.0007463925424594552,1m:DOGE:vwap_stretch_reversion:short:market_chop:h12:tp0.0:sl0.0:93608b84d5,DOGE,vwap_stretch_reversion,short,market_chop,12,0.0,0.0,"DOGE|vwap_stretch_reversion|short|market_chop|12|0.0|0.0|atr_ceiling=0.03,atr_floor=0.0012,bb_width=0.0025,close_pos=0.35,macro_limit=0.055,min_dist=0.0035,rsi_2=10,volume_mult=0.7,z_entry=1.8"
2024-04-27 05:47:00+00:00,0.0008517101710171093,fixed_hold,0.0068136813681368745,1m:ETC:vwap_stretch_reversion:long:market_chop:h12:tp0.0:sl0.0:6e952fa187,ETC,vwap_stretch_reversion,long,market_chop,12,0.0,0.0,"ETC|vwap_stretch_reversion|long|market_chop|12|0.0|0.0|atr_ceiling=0.03,atr_floor=0.0012,bb_width=0.0025,close_pos=0.35,macro_limit=0.055,min_dist=0.002,rsi_2=10,volume_mult=0.7,z_entry=2.4"
2024-04-27 05:47:00+00:00,0.0008517101710171093,fixed_hold,0.0068136813681368745,1m:ETC:vwap_stretch_reversion:long:market_chop:h12:tp0.0:sl0.0:6fdc05fdf4,ETC,vwap_stretch_reversion,long,market_chop,12,0.0,0.0,"ETC|vwap_stretch_reversion|long|market_chop|12|0.0|0.0|atr_ceiling=0.03,atr_floor=0.0012,bb_width=0.0025,close_pos=0.35,macro_limit=0.055,min_dist=0.0035,rsi_2=14,volume_mult=0.7,z_entry=2.4"
2024-05-09 00:26:00+00:00,0.0017494098554145941,fixed_hold,0.013995278843316753,1m:ETC:vwap_stretch_reversion:long:market_chop:h12:tp0.0:sl0.0:6e952fa187,ETC,vwap_stretch_reversion,long,market_chop,12,0.0,0.0,"ETC|vwap_stretch_reversion|long|market_chop|12|0.0|0.0|atr_ceiling=0.03,atr_floor=0.0012,bb_width=0.0025,close_pos=0.35,macro_limit=0.055,min_dist=0.002,rsi_2=10,volume_mult=0.7,z_entry=2.4"
2024-05-10 19:50:00+00:00,0.002167268820572957,fixed_hold,0.017338150564583658,1m:SOL:vwap_stretch_reversion:long:market_chop:h12:tp0.0:sl0.0:936b55a31d,SOL,vwap_stretch_reversion,long,market_chop,12,0.0,0.0,"SOL|vwap_stretch_reversion|long|market_chop|12|0.0|0.0|atr_ceiling=0.03,atr_floor=0.0012,bb_width=0.0025,close_pos=0.35,macro_limit=0.055,min_dist=0.0035,rsi_2=10,volume_mult=0.7,z_entry=1.8"
2024-06-07 15:00:00+00:00,0.0011961407315560367,fixed_hold,0.009569125852448294,1m:DOGE:vwap_stretch_reversion:short:market_chop:h12:tp0.0:sl0.0:93608b84d5,DOGE,vwap_stretch_reversion,short,market_chop,12,0.0,0.0,"DOGE|vwap_stretch_reversion|short|market_chop|12|0.0|0.0|atr_ceiling=0.03,atr_floor=0.0012,bb_width=0.0025,close_pos=0.35,macro_limit=0.055,min_dist=0.0035,rsi_2=10,volume_mult=0.7,z_entry=1.8"
2024-07-27 16:14:00+00:00,0.0027638670252306406,fixed_hold,0.022110936201845125,1m:ETC:vwap_stretch_reversion:long:market_chop:h12:tp0.0:sl0.0:6fdc05fdf4,ETC,vwap_stretch_reversion,long,market_chop,12,0.0,0.0,"ETC|vwap_stretch_reversion|long|market_chop|12|0.0|0.0|atr_ceiling=0.03,atr_floor=0.0012,bb_width=0.0025,close_pos=0.35,macro_limit=0.055,min_dist=0.0035,rsi_2=14,volume_mult=0.7,z_entry=2.4"
2024-08-08 17:03:00+00:00,-0.0029036622596760593,fixed_hold,-0.023229298077408474,1m:SOL:vwap_stretch_reversion:long:market_chop:h12:tp0.0:sl0.0:936b55a31d,SOL,vwap_stretch_reversion,long,market_chop,12,0.0,0.0,"SOL|vwap_stretch_reversion|long|market_chop|12|0.0|0.0|atr_ceiling=0.03,atr_floor=0.0012,bb_width=0.0025,close_pos=0.35,macro_limit=0.055,min_dist=0.0035,rsi_2=10,volume_mult=0.7,z_entry=1.8"
2024-08-10 08:38:00+00:00,0.00042613636363632355,fixed_hold,0.0034090909090905884,1m:SOL:vwap_stretch_reversion:long:market_chop:h12:tp0.0:sl0.0:936b55a31d,SOL,vwap_stretch_reversion,long,market_chop,12,0.0,0.0,"SOL|vwap_stretch_reversion|long|market_chop|12|0.0|0.0|atr_ceiling=0.03,atr_floor=0.0012,bb_width=0.0025,close_pos=0.35,macro_limit=0.055,min_dist=0.0035,rsi_2=10,volume_mult=0.7,z_entry=1.8"
2024-08-11 19:10:00+00:00,-0.0020320526595853784,fixed_hold,-0.016256421276683027,1m:SOL:vwap_stretch_reversion:long:market_chop:h12:tp0.0:sl0.0:936b55a31d,SOL,vwap_stretch_reversion,long,market_chop,12,0.0,0.0,"SOL|vwap_stretch_reversion|long|market_chop|12|0.0|0.0|atr_ceiling=0.03,atr_floor=0.0012,bb_width=0.0025,close_pos=0.35,macro_limit=0.055,min_dist=0.0035,rsi_2=10,volume_mult=0.7,z_entry=1.8"
2024-08-12 12:41:00+00:00,-0.0006586231650156782,fixed_hold,-0.005268985320125426,1m:SOL:vwap_stretch_reversion:long:market_chop:h12:tp0.0:sl0.0:936b55a31d,SOL,vwap_stretch_reversion,long,market_chop,12,0.0,0.0,"SOL|vwap_stretch_reversion|long|market_chop|12|0.0|0.0|atr_ceiling=0.03,atr_floor=0.0012,bb_width=0.0025,close_pos=0.35,macro_limit=0.055,min_dist=0.0035,rsi_2=10,volume_mult=0.7,z_entry=1.8"
2024-08-20 02:41:00+00:00,-0.0022466605804344337,fixed_hold,-0.01797328464347547,1m:DOGE:vwap_stretch_reversion:short:market_chop:h12:tp0.0:sl0.0:93608b84d5,DOGE,vwap_stretch_reversion,short,market_chop,12,0.0,0.0,"DOGE|vwap_stretch_reversion|short|market_chop|12|0.0|0.0|atr_ceiling=0.03,atr_floor=0.0012,bb_width=0.0025,close_pos=0.35,macro_limit=0.055,min_dist=0.0035,rsi_2=10,volume_mult=0.7,z_entry=1.8"
2024-08-20 02:48:00+00:00,0.0032207840592251434,fixed_hold,0.025766272473801147,1m:DOGE:vwap_stretch_reversion:short:market_chop:h12:tp0.0:sl0.0:93608b84d5,DOGE,vwap_stretch_reversion,short,market_chop,12,0.0,0.0,"DOGE|vwap_stretch_reversion|short|market_chop|12|0.0|0.0|atr_ceiling=0.03,atr_floor=0.0012,bb_width=0.0025,close_pos=0.35,macro_limit=0.055,min_dist=0.0035,rsi_2=10,volume_mult=0.7,z_entry=1.8"
2024-08-24 01:05:00+00:00,2.7533636262136994e-05,fixed_hold,0.00022026909009709595,1m:SOL:vwap_stretch_reversion:long:market_chop:h12:tp0.0:sl0.0:936b55a31d,SOL,vwap_stretch_reversion,long,market_chop,12,0.0,0.0,"SOL|vwap_stretch_reversion|long|market_chop|12|0.0|0.0|atr_ceiling=0.03,atr_floor=0.0012,bb_width=0.0025,close_pos=0.35,macro_limit=0.055,min_dist=0.0035,rsi_2=10,volume_mult=0.7,z_entry=1.8"
2024-09-22 07:04:00+00:00,0.0003881987082115379,fixed_hold,0.003105589665692303,1m:APT:vwap_stretch_reversion:long:market_chop:h8:tp0.0:sl0.0:ac7190ca1d,APT,vwap_stretch_reversion,long,market_chop,8,0.0,0.0,"APT|vwap_stretch_reversion|long|market_chop|8|0.0|0.0|atr_ceiling=0.018,atr_floor=0.0006,bb_width=0.0025,close_pos=0.35,macro_limit=0.055,min_dist=0.0035,rsi_2=10,volume_mult=0.7,z_entry=2.4"
2024-09-24 02:44:00+00:00,-0.0019519639065817408,fixed_hold,-0.015615711252653926,1m:DOGE:vwap_stretch_reversion:short:market_chop:h12:tp0.0:sl0.0:93608b84d5,DOGE,vwap_stretch_reversion,short,market_chop,12,0.0,0.0,"DOGE|vwap_stretch_reversion|short|market_chop|12|0.0|0.0|atr_ceiling=0.03,atr_floor=0.0012,bb_width=0.0025,close_pos=0.35,macro_limit=0.055,min_dist=0.0035,rsi_2=10,volume_mult=0.7,z_entry=1.8"
2024-09-27 07:07:00+00:00,0.002039998884604336,fixed_hold,0.016319991076834687,1m:SOL:vwap_stretch_reversion:long:market_chop:h12:tp0.0:sl0.0:936b55a31d,SOL,vwap_stretch_reversion,long,market_chop,12,0.0,0.0,"SOL|vwap_stretch_reversion|long|market_chop|12|0.0|0.0|atr_ceiling=0.03,atr_floor=0.0012,bb_width=0.0025,close_pos=0.35,macro_limit=0.055,min_dist=0.0035,rsi_2=10,volume_mult=0.7,z_entry=1.8"
2024-10-03 18:33:00+00:00,0.0013953257009918095,fixed_hold,0.011162605607934476,1m:APT:vwap_stretch_reversion:long:market_chop:h8:tp0.0:sl0.0:ac7190ca1d,APT,vwap_stretch_reversion,long,market_chop,8,0.0,0.0,"APT|vwap_stretch_reversion|long|market_chop|8|0.0|0.0|atr_ceiling=0.018,atr_floor=0.0006,bb_width=0.0025,close_pos=0.35,macro_limit=0.055,min_dist=0.0035,rsi_2=10,volume_mult=0.7,z_entry=2.4"
2024-10-05 05:27:00+00:00,-0.0008398147326873351,fixed_hold,-0.006718517861498681,1m:APT:vwap_stretch_reversion:long:market_aligned:h12:tp0.0:sl0.0:5bffc84553,APT,vwap_stretch_reversion,long,market_aligned,12,0.0,0.0,"APT|vwap_stretch_reversion|long|market_aligned|12|0.0|0.0|atr_ceiling=0.03,atr_floor=0.0006,bb_width=0.0025,close_pos=0.35,macro_limit=0.055,min_dist=0.0035,rsi_2=10,volume_mult=0.7,z_entry=1.8"
2024-10-06 10:15:00+00:00,-0.0011140059946382337,fixed_hold,-0.00891204795710587,1m:APT:vwap_stretch_reversion:long:market_chop:h8:tp0.0:sl0.0:ac7190ca1d,APT,vwap_stretch_reversion,long,market_chop,8,0.0,0.0,"APT|vwap_stretch_reversion|long|market_chop|8|0.0|0.0|atr_ceiling=0.018,atr_floor=0.0006,bb_width=0.0025,close_pos=0.35,macro_limit=0.055,min_dist=0.0035,rsi_2=10,volume_mult=0.7,z_entry=2.4"
2024-10-20 18:42:00+00:00,0.00045114310311837656,fixed_hold,0.0036091448249470125,1m:APT:vwap_stretch_reversion:long:market_aligned:h12:tp0.0:sl0.0:5bffc84553,APT,vwap_stretch_reversion,long,market_aligned,12,0.0,0.0,"APT|vwap_stretch_reversion|long|market_aligned|12|0.0|0.0|atr_ceiling=0.03,atr_floor=0.0006,bb_width=0.0025,close_pos=0.35,macro_limit=0.055,min_dist=0.0035,rsi_2=10,volume_mult=0.7,z_entry=1.8"
2024-10-22 05:01:00+00:00,0.00588644070540996,fixed_hold,0.04709152564327968,1m:APT:vwap_stretch_reversion:long:market_aligned:h12:tp0.0:sl0.0:5bffc84553,APT,vwap_stretch_reversion,long,market_aligned,12,0.0,0.0,"APT|vwap_stretch_reversion|long|market_aligned|12|0.0|0.0|atr_ceiling=0.03,atr_floor=0.0006,bb_width=0.0025,close_pos=0.35,macro_limit=0.055,min_dist=0.0035,rsi_2=10,volume_mult=0.7,z_entry=1.8"
2024-10-29 00:17:00+00:00,-0.0002831378388234296,fixed_hold,-0.0022651027105874367,1m:DOGE:vwap_stretch_reversion:short:market_chop:h12:tp0.0:sl0.0:93608b84d5,DOGE,vwap_stretch_reversion,short,market_chop,12,0.0,0.0,"DOGE|vwap_stretch_reversion|short|market_chop|12|0.0|0.0|atr_ceiling=0.03,atr_floor=0.0012,bb_width=0.0025,close_pos=0.35,macro_limit=0.055,min_dist=0.0035,rsi_2=10,volume_mult=0.7,z_entry=1.8"
2024-11-11 03:22:00+00:00,0.0057928942807625875,fixed_hold,0.0463431542461007,1m:ETC:vwap_stretch_reversion:long:market_chop:h12:tp0.0:sl0.0:6e952fa187,ETC,vwap_stretch_reversion,long,market_chop,12,0.0,0.0,"ETC|vwap_stretch_reversion|long|market_chop|12|0.0|0.0|atr_ceiling=0.03,atr_floor=0.0012,bb_width=0.0025,close_pos=0.35,macro_limit=0.055,min_dist=0.002,rsi_2=10,volume_mult=0.7,z_entry=2.4"
2024-11-11 03:22:00+00:00,0.0057928942807625875,fixed_hold,0.0463431542461007,1m:ETC:vwap_stretch_reversion:long:market_chop:h12:tp0.0:sl0.0:6fdc05fdf4,ETC,vwap_stretch_reversion,long,market_chop,12,0.0,0.0,"ETC|vwap_stretch_reversion|long|market_chop|12|0.0|0.0|atr_ceiling=0.03,atr_floor=0.0012,bb_width=0.0025,close_pos=0.35,macro_limit=0.055,min_dist=0.0035,rsi_2=14,volume_mult=0.7,z_entry=2.4"
2024-11-12 05:24:00+00:00,0.0006797449223677065,fixed_hold,0.005437959378941652,1m:ETC:vwap_stretch_reversion:long:market_chop:h12:tp0.0:sl0.0:6fdc05fdf4,ETC,vwap_stretch_reversion,long,market_chop,12,0.0,0.0,"ETC|vwap_stretch_reversion|long|market_chop|12|0.0|0.0|atr_ceiling=0.03,atr_floor=0.0012,bb_width=0.0025,close_pos=0.35,macro_limit=0.055,min_dist=0.0035,rsi_2=14,volume_mult=0.7,z_entry=2.4"
2024-11-15 18:00:00+00:00,0.0007621010697323605,fixed_hold,0.006096808557858884,1m:ETC:vwap_stretch_reversion:long:market_chop:h12:tp0.0:sl0.0:6fdc05fdf4,ETC,vwap_stretch_reversion,long,market_chop,12,0.0,0.0,"ETC|vwap_stretch_reversion|long|market_chop|12|0.0|0.0|atr_ceiling=0.03,atr_floor=0.0012,bb_width=0.0025,close_pos=0.35,macro_limit=0.055,min_dist=0.0035,rsi_2=14,volume_mult=0.7,z_entry=2.4"
2024-11-15 22:39:00+00:00,0.008728606113676193,fixed_hold,0.06982884890940955,1m:DOGE:vwap_stretch_reversion:short:market_chop:h12:tp0.0:sl0.0:93608b84d5,DOGE,vwap_stretch_reversion,short,market_chop,12,0.0,0.0,"DOGE|vwap_stretch_reversion|short|market_chop|12|0.0|0.0|atr_ceiling=0.03,atr_floor=0.0012,bb_width=0.0025,close_pos=0.35,macro_limit=0.055,min_dist=0.0035,rsi_2=10,volume_mult=0.7,z_entry=1.8"
2024-11-18 03:27:00+00:00,0.005827661364331619,fixed_hold,0.04662129091465295,1m:ETC:vwap_stretch_reversion:long:market_chop:h12:tp0.0:sl0.0:6fdc05fdf4,ETC,vwap_stretch_reversion,long,market_chop,12,0.0,0.0,"ETC|vwap_stretch_reversion|long|market_chop|12|0.0|0.0|atr_ceiling=0.03,atr_floor=0.0012,bb_width=0.0025,close_pos=0.35,macro_limit=0.055,min_dist=0.0035,rsi_2=14,volume_mult=0.7,z_entry=2.4"
2024-11-18 03:27:00+00:00,0.005827661364331619,fixed_hold,0.04662129091465295,1m:ETC:vwap_stretch_reversion:long:market_chop:h12:tp0.0:sl0.0:6e952fa187,ETC,vwap_stretch_reversion,long,market_chop,12,0.0,0.0,"ETC|vwap_stretch_reversion|long|market_chop|12|0.0|0.0|atr_ceiling=0.03,atr_floor=0.0012,bb_width=0.0025,close_pos=0.35,macro_limit=0.055,min_dist=0.002,rsi_2=10,volume_mult=0.7,z_entry=2.4"
2024-11-18 16:47:00+00:00,0.002845648232094253,fixed_hold,0.022765185856754026,1m:ETC:vwap_stretch_reversion:long:market_chop:h12:tp0.0:sl0.0:6fdc05fdf4,ETC,vwap_stretch_reversion,long,market_chop,12,0.0,0.0,"ETC|vwap_stretch_reversion|long|market_chop|12|0.0|0.0|atr_ceiling=0.03,atr_floor=0.0012,bb_width=0.0025,close_pos=0.35,macro_limit=0.055,min_dist=0.0035,rsi_2=14,volume_mult=0.7,z_entry=2.4"
2024-11-18 16:47:00+00:00,0.002845648232094253,fixed_hold,0.022765185856754026,1m:ETC:vwap_stretch_reversion:long:market_chop:h12:tp0.0:sl0.0:6e952fa187,ETC,vwap_stretch_reversion,long,market_chop,12,0.0,0.0,"ETC|vwap_stretch_reversion|long|market_chop|12|0.0|0.0|atr_ceiling=0.03,atr_floor=0.0012,bb_width=0.0025,close_pos=0.35,macro_limit=0.055,min_dist=0.002,rsi_2=10,volume_mult=0.7,z_entry=2.4"
2024-11-20 00:15:00+00:00,-0.00540994209979606,fixed_hold,-0.04327953679836848,1m:ETC:vwap_stretch_reversion:long:market_chop:h12:tp0.0:sl0.0:6e952fa187,ETC,vwap_stretch_reversion,long,market_chop,12,0.0,0.0,"ETC|vwap_stretch_reversion|long|market_chop|12|0.0|0.0|atr_ceiling=0.03,atr_floor=0.0012,bb_width=0.0025,close_pos=0.35,macro_limit=0.055,min_dist=0.002,rsi_2=10,volume_mult=0.7,z_entry=2.4"
2024-11-20 00:15:00+00:00,-0.00540994209979606,fixed_hold,-0.04327953679836848,1m:ETC:vwap_stretch_reversion:long:market_chop:h12:tp0.0:sl0.0:6fdc05fdf4,ETC,vwap_stretch_reversion,long,market_chop,12,0.0,0.0,"ETC|vwap_stretch_reversion|long|market_chop|12|0.0|0.0|atr_ceiling=0.03,atr_floor=0.0012,bb_width=0.0025,close_pos=0.35,macro_limit=0.055,min_dist=0.0035,rsi_2=14,volume_mult=0.7,z_entry=2.4"
2024-11-21 20:38:00+00:00,0.0011796198267565593,fixed_hold,0.009436958614052474,1m:XTZ:vwap_stretch_reversion:long:market_chop:h8:tp0.0:sl0.0:83a75a970f,XTZ,vwap_stretch_reversion,long,market_chop,8,0.0,0.0,"XTZ|vwap_stretch_reversion|long|market_chop|8|0.0|0.0|atr_ceiling=0.03,atr_floor=0.0012,bb_width=0.0025,close_pos=0.35,macro_limit=0.055,min_dist=0.0035,rsi_2=10,volume_mult=0.7,z_entry=1.8"
2024-11-25 00:02:00+00:00,0.0015660604732690296,fixed_hold,0.012528483786152237,1m:ETC:vwap_stretch_reversion:long:market_chop:h12:tp0.0:sl0.0:6e952fa187,ETC,vwap_stretch_reversion,long,market_chop,12,0.0,0.0,"ETC|vwap_stretch_reversion|long|market_chop|12|0.0|0.0|atr_ceiling=0.03,atr_floor=0.0012,bb_width=0.0025,close_pos=0.35,macro_limit=0.055,min_dist=0.002,rsi_2=10,volume_mult=0.7,z_entry=2.4"
2024-11-25 00:02:00+00:00,0.0015660604732690296,fixed_hold,0.012528483786152237,1m:ETC:vwap_stretch_reversion:long:market_chop:h12:tp0.0:sl0.0:6fdc05fdf4,ETC,vwap_stretch_reversion,long,market_chop,12,0.0,0.0,"ETC|vwap_stretch_reversion|long|market_chop|12|0.0|0.0|atr_ceiling=0.03,atr_floor=0.0012,bb_width=0.0025,close_pos=0.35,macro_limit=0.055,min_dist=0.0035,rsi_2=14,volume_mult=0.7,z_entry=2.4"
2024-11-25 00:04:00+00:00,0.0003149482372692003,fixed_hold,0.0025195858981536022,1m:ETC:vwap_stretch_reversion:long:market_chop:h12:tp0.0:sl0.0:6fdc05fdf4,ETC,vwap_stretch_reversion,long,market_chop,12,0.0,0.0,"ETC|vwap_stretch_reversion|long|market_chop|12|0.0|0.0|atr_ceiling=0.03,atr_floor=0.0012,bb_width=0.0025,close_pos=0.35,macro_limit=0.055,min_dist=0.0035,rsi_2=14,volume_mult=0.7,z_entry=2.4"
2024-11-26 12:11:00+00:00,0.007700769507995379,fixed_hold,0.06160615606396303,1m:DOGE:vwap_stretch_reversion:short:market_chop:h12:tp0.0:sl0.0:93608b84d5,DOGE,vwap_stretch_reversion,short,market_chop,12,0.0,0.0,"DOGE|vwap_stretch_reversion|short|market_chop|12|0.0|0.0|atr_ceiling=0.03,atr_floor=0.0012,bb_width=0.0025,close_pos=0.35,macro_limit=0.055,min_dist=0.0035,rsi_2=10,volume_mult=0.7,z_entry=1.8"
2024-11-30 04:29:00+00:00,0.0006903147736155724,fixed_hold,0.005522518188924579,1m:ETC:vwap_stretch_reversion:long:market_chop:h12:tp0.0:sl0.0:6e952fa187,ETC,vwap_stretch_reversion,long,market_chop,12,0.0,0.0,"ETC|vwap_stretch_reversion|long|market_chop|12|0.0|0.0|atr_ceiling=0.03,atr_floor=0.0012,bb_width=0.0025,close_pos=0.35,macro_limit=0.055,min_dist=0.002,rsi_2=10,volume_mult=0.7,z_entry=2.4"
2024-12-01 04:06:00+00:00,0.002169293204747139,fixed_hold,0.017354345637977112,1m:DOGE:vwap_stretch_reversion:short:market_chop:h12:tp0.0:sl0.0:93608b84d5,DOGE,vwap_stretch_reversion,short,market_chop,12,0.0,0.0,"DOGE|vwap_stretch_reversion|short|market_chop|12|0.0|0.0|atr_ceiling=0.03,atr_floor=0.0012,bb_width=0.0025,close_pos=0.35,macro_limit=0.055,min_dist=0.0035,rsi_2=10,volume_mult=0.7,z_entry=1.8"
2024-12-15 15:14:00+00:00,0.0018950848870698954,fixed_hold,0.015160679096559163,1m:ETC:vwap_stretch_reversion:long:market_chop:h12:tp0.0:sl0.0:6e952fa187,ETC,vwap_stretch_reversion,long,market_chop,12,0.0,0.0,"ETC|vwap_stretch_reversion|long|market_chop|12|0.0|0.0|atr_ceiling=0.03,atr_floor=0.0012,bb_width=0.0025,close_pos=0.35,macro_limit=0.055,min_dist=0.002,rsi_2=10,volume_mult=0.7,z_entry=2.4"
2024-12-22 16:19:00+00:00,-0.0028733433259704034,fixed_hold,-0.022986746607763228,1m:DOGE:vwap_stretch_reversion:short:market_chop:h12:tp0.0:sl0.0:93608b84d5,DOGE,vwap_stretch_reversion,short,market_chop,12,0.0,0.0,"DOGE|vwap_stretch_reversion|short|market_chop|12|0.0|0.0|atr_ceiling=0.03,atr_floor=0.0012,bb_width=0.0025,close_pos=0.35,macro_limit=0.055,min_dist=0.0035,rsi_2=10,volume_mult=0.7,z_entry=1.8"
2024-12-25 20:43:00+00:00,-0.0018087988300666959,fixed_hold,-0.014470390640533567,1m:APT:vwap_stretch_reversion:long:market_chop:h8:tp0.0:sl0.0:ac7190ca1d,APT,vwap_stretch_reversion,long,market_chop,8,0.0,0.0,"APT|vwap_stretch_reversion|long|market_chop|8|0.0|0.0|atr_ceiling=0.018,atr_floor=0.0006,bb_width=0.0025,close_pos=0.35,macro_limit=0.055,min_dist=0.0035,rsi_2=10,volume_mult=0.7,z_entry=2.4"
2025-01-06 21:13:00+00:00,-0.0030911816302392476,fixed_hold,-0.02472945304191398,1m:APT:vwap_stretch_reversion:long:market_aligned:h12:tp0.0:sl0.0:5bffc84553,APT,vwap_stretch_reversion,long,market_aligned,12,0.0,0.0,"APT|vwap_stretch_reversion|long|market_aligned|12|0.0|0.0|atr_ceiling=0.03,atr_floor=0.0006,bb_width=0.0025,close_pos=0.35,macro_limit=0.055,min_dist=0.0035,rsi_2=10,volume_mult=0.7,z_entry=1.8"
2025-01-09 00:14:00+00:00,-0.000625,fixed_hold,-0.005,1m:XTZ:vwap_stretch_reversion:long:market_chop:h8:tp0.0:sl0.0:83a75a970f,XTZ,vwap_stretch_reversion,long,market_chop,8,0.0,0.0,"XTZ|vwap_stretch_reversion|long|market_chop|8|0.0|0.0|atr_ceiling=0.03,atr_floor=0.0012,bb_width=0.0025,close_pos=0.35,macro_limit=0.055,min_dist=0.0035,rsi_2=10,volume_mult=0.7,z_entry=1.8"
2025-01-14 17:14:00+00:00,1.016260162613246e-05,fixed_hold,8.130081300905968e-05,1m:DOGE:vwap_stretch_reversion:short:market_chop:h12:tp0.0:sl0.0:93608b84d5,DOGE,vwap_stretch_reversion,short,market_chop,12,0.0,0.0,"DOGE|vwap_stretch_reversion|short|market_chop|12|0.0|0.0|atr_ceiling=0.03,atr_floor=0.0012,bb_width=0.0025,close_pos=0.35,macro_limit=0.055,min_dist=0.0035,rsi_2=10,volume_mult=0.7,z_entry=1.8"
2025-01-21 07:52:00+00:00,0.0035771276595745337,fixed_hold,0.02861702127659627,1m:SOL:vwap_stretch_reversion:long:market_chop:h12:tp0.0:sl0.0:936b55a31d,SOL,vwap_stretch_reversion,long,market_chop,12,0.0,0.0,"SOL|vwap_stretch_reversion|long|market_chop|12|0.0|0.0|atr_ceiling=0.03,atr_floor=0.0012,bb_width=0.0025,close_pos=0.35,macro_limit=0.055,min_dist=0.0035,rsi_2=10,volume_mult=0.7,z_entry=1.8"
2025-01-23 03:18:00+00:00,-0.00046684333352066344,fixed_hold,-0.0037347466681653075,1m:DOGE:vwap_stretch_reversion:short:market_chop:h12:tp0.0:sl0.0:93608b84d5,DOGE,vwap_stretch_reversion,short,market_chop,12,0.0,0.0,"DOGE|vwap_stretch_reversion|short|market_chop|12|0.0|0.0|atr_ceiling=0.03,atr_floor=0.0012,bb_width=0.0025,close_pos=0.35,macro_limit=0.055,min_dist=0.0035,rsi_2=10,volume_mult=0.7,z_entry=1.8"
2025-01-24 15:44:00+00:00,0.004247499228706362,fixed_hold,0.0339799938296509,1m:APT:vwap_stretch_reversion:long:market_aligned:h12:tp0.0:sl0.0:5bffc84553,APT,vwap_stretch_reversion,long,market_aligned,12,0.0,0.0,"APT|vwap_stretch_reversion|long|market_aligned|12|0.0|0.0|atr_ceiling=0.03,atr_floor=0.0006,bb_width=0.0025,close_pos=0.35,macro_limit=0.055,min_dist=0.0035,rsi_2=10,volume_mult=0.7,z_entry=1.8"
2025-01-28 01:54:00+00:00,0.0004419362084456124,fixed_hold,0.0035354896675648994,1m:DOGE:vwap_stretch_reversion:short:market_chop:h12:tp0.0:sl0.0:93608b84d5,DOGE,vwap_stretch_reversion,short,market_chop,12,0.0,0.0,"DOGE|vwap_stretch_reversion|short|market_chop|12|0.0|0.0|atr_ceiling=0.03,atr_floor=0.0012,bb_width=0.0025,close_pos=0.35,macro_limit=0.055,min_dist=0.0035,rsi_2=10,volume_mult=0.7,z_entry=1.8"
2025-02-02 15:05:00+00:00,0.003458001589454127,fixed_hold,0.027664012715633016,1m:APT:vwap_stretch_reversion:long:market_chop:h8:tp0.0:sl0.0:ac7190ca1d,APT,vwap_stretch_reversion,long,market_chop,8,0.0,0.0,"APT|vwap_stretch_reversion|long|market_chop|8|0.0|0.0|atr_ceiling=0.018,atr_floor=0.0006,bb_width=0.0025,close_pos=0.35,macro_limit=0.055,min_dist=0.0035,rsi_2=10,volume_mult=0.7,z_entry=2.4"
2025-02-06 01:02:00+00:00,0.007406542056074759,fixed_hold,0.05925233644859807,1m:XTZ:vwap_stretch_reversion:long:market_chop:h8:tp0.0:sl0.0:83a75a970f,XTZ,vwap_stretch_reversion,long,market_chop,8,0.0,0.0,"XTZ|vwap_stretch_reversion|long|market_chop|8|0.0|0.0|atr_ceiling=0.03,atr_floor=0.0012,bb_width=0.0025,close_pos=0.35,macro_limit=0.055,min_dist=0.0035,rsi_2=10,volume_mult=0.7,z_entry=1.8"
2025-02-06 13:32:00+00:00,0.0022980238442076727,fixed_hold,0.01838419075366138,1m:DOGE:vwap_stretch_reversion:short:market_chop:h12:tp0.0:sl0.0:93608b84d5,DOGE,vwap_stretch_reversion,short,market_chop,12,0.0,0.0,"DOGE|vwap_stretch_reversion|short|market_chop|12|0.0|0.0|atr_ceiling=0.03,atr_floor=0.0012,bb_width=0.0025,close_pos=0.35,macro_limit=0.055,min_dist=0.0035,rsi_2=10,volume_mult=0.7,z_entry=1.8"
2025-02-09 05:01:00+00:00,-0.0020782663487160092,fixed_hold,-0.016626130789728074,1m:APT:vwap_stretch_reversion:long:market_aligned:h12:tp0.0:sl0.0:5bffc84553,APT,vwap_stretch_reversion,long,market_aligned,12,0.0,0.0,"APT|vwap_stretch_reversion|long|market_aligned|12|0.0|0.0|atr_ceiling=0.03,atr_floor=0.0006,bb_width=0.0025,close_pos=0.35,macro_limit=0.055,min_dist=0.0035,rsi_2=10,volume_mult=0.7,z_entry=1.8"
2025-02-12 00:40:00+00:00,0.001911525974025927,fixed_hold,0.015292207792207416,1m:SOL:vwap_stretch_reversion:long:market_chop:h12:tp0.0:sl0.0:936b55a31d,SOL,vwap_stretch_reversion,long,market_chop,12,0.0,0.0,"SOL|vwap_stretch_reversion|long|market_chop|12|0.0|0.0|atr_ceiling=0.03,atr_floor=0.0012,bb_width=0.0025,close_pos=0.35,macro_limit=0.055,min_dist=0.0035,rsi_2=10,volume_mult=0.7,z_entry=1.8"
2025-02-12 00:40:00+00:00,0.0018432825689884001,fixed_hold,0.014746260551907201,1m:ETC:vwap_stretch_reversion:long:market_chop:h12:tp0.0:sl0.0:6e952fa187,ETC,vwap_stretch_reversion,long,market_chop,12,0.0,0.0,"ETC|vwap_stretch_reversion|long|market_chop|12|0.0|0.0|atr_ceiling=0.03,atr_floor=0.0012,bb_width=0.0025,close_pos=0.35,macro_limit=0.055,min_dist=0.002,rsi_2=10,volume_mult=0.7,z_entry=2.4"
2025-02-12 00:40:00+00:00,0.0018432825689884001,fixed_hold,0.014746260551907201,1m:ETC:vwap_stretch_reversion:long:market_chop:h12:tp0.0:sl0.0:6fdc05fdf4,ETC,vwap_stretch_reversion,long,market_chop,12,0.0,0.0,"ETC|vwap_stretch_reversion|long|market_chop|12|0.0|0.0|atr_ceiling=0.03,atr_floor=0.0012,bb_width=0.0025,close_pos=0.35,macro_limit=0.055,min_dist=0.0035,rsi_2=14,volume_mult=0.7,z_entry=2.4"
2025-02-14 08:28:00+00:00,0.000990894784172539,fixed_hold,0.007927158273380312,1m:DOGE:vwap_stretch_reversion:short:market_chop:h12:tp0.0:sl0.0:93608b84d5,DOGE,vwap_stretch_reversion,short,market_chop,12,0.0,0.0,"DOGE|vwap_stretch_reversion|short|market_chop|12|0.0|0.0|atr_ceiling=0.03,atr_floor=0.0012,bb_width=0.0025,close_pos=0.35,macro_limit=0.055,min_dist=0.0035,rsi_2=10,volume_mult=0.7,z_entry=1.8"
2025-02-23 18:51:00+00:00,0.0011651567972765374,fixed_hold,0.0093212543782123,1m:APT:vwap_stretch_reversion:long:market_chop:h8:tp0.0:sl0.0:ac7190ca1d,APT,vwap_stretch_reversion,long,market_chop,8,0.0,0.0,"APT|vwap_stretch_reversion|long|market_chop|8|0.0|0.0|atr_ceiling=0.018,atr_floor=0.0006,bb_width=0.0025,close_pos=0.35,macro_limit=0.055,min_dist=0.0035,rsi_2=10,volume_mult=0.7,z_entry=2.4"
2025-02-24 08:01:00+00:00,-0.00336202177548657,fixed_hold,-0.02689617420389256,1m:APT:vwap_stretch_reversion:long:market_aligned:h12:tp0.0:sl0.0:5bffc84553,APT,vwap_stretch_reversion,long,market_aligned,12,0.0,0.0,"APT|vwap_stretch_reversion|long|market_aligned|12|0.0|0.0|atr_ceiling=0.03,atr_floor=0.0006,bb_width=0.0025,close_pos=0.35,macro_limit=0.055,min_dist=0.0035,rsi_2=10,volume_mult=0.7,z_entry=1.8"
2025-02-25 12:49:00+00:00,0.001988554434030274,fixed_hold,0.015908435472242192,1m:SOL:vwap_stretch_reversion:long:market_chop:h12:tp0.0:sl0.0:936b55a31d,SOL,vwap_stretch_reversion,long,market_chop,12,0.0,0.0,"SOL|vwap_stretch_reversion|long|market_chop|12|0.0|0.0|atr_ceiling=0.03,atr_floor=0.0012,bb_width=0.0025,close_pos=0.35,macro_limit=0.055,min_dist=0.0035,rsi_2=10,volume_mult=0.7,z_entry=1.8"
2025-03-07 10:34:00+00:00,0.0009459668995234072,fixed_hold,0.007567735196187257,1m:APT:vwap_stretch_reversion:long:market_aligned:h12:tp0.0:sl0.0:5bffc84553,APT,vwap_stretch_reversion,long,market_aligned,12,0.0,0.0,"APT|vwap_stretch_reversion|long|market_aligned|12|0.0|0.0|atr_ceiling=0.03,atr_floor=0.0006,bb_width=0.0025,close_pos=0.35,macro_limit=0.055,min_dist=0.0035,rsi_2=10,volume_mult=0.7,z_entry=1.8"
2025-03-12 19:36:00+00:00,0.0008446660918639415,fixed_hold,0.006757328734911532,1m:APT:vwap_stretch_reversion:long:market_aligned:h12:tp0.0:sl0.0:5bffc84553,APT,vwap_stretch_reversion,long,market_aligned,12,0.0,0.0,"APT|vwap_stretch_reversion|long|market_aligned|12|0.0|0.0|atr_ceiling=0.03,atr_floor=0.0006,bb_width=0.0025,close_pos=0.35,macro_limit=0.055,min_dist=0.0035,rsi_2=10,volume_mult=0.7,z_entry=1.8"
2025-03-26 21:36:00+00:00,0.002648651597884286,fixed_hold,0.02118921278307429,1m:APT:vwap_stretch_reversion:long:market_chop:h8:tp0.0:sl0.0:ac7190ca1d,APT,vwap_stretch_reversion,long,market_chop,8,0.0,0.0,"APT|vwap_stretch_reversion|long|market_chop|8|0.0|0.0|atr_ceiling=0.018,atr_floor=0.0006,bb_width=0.0025,close_pos=0.35,macro_limit=0.055,min_dist=0.0035,rsi_2=10,volume_mult=0.7,z_entry=2.4"
2025-04-01 16:29:00+00:00,-0.000625,fixed_hold,-0.005,1m:XTZ:vwap_stretch_reversion:long:market_chop:h8:tp0.0:sl0.0:83a75a970f,XTZ,vwap_stretch_reversion,long,market_chop,8,0.0,0.0,"XTZ|vwap_stretch_reversion|long|market_chop|8|0.0|0.0|atr_ceiling=0.03,atr_floor=0.0012,bb_width=0.0025,close_pos=0.35,macro_limit=0.055,min_dist=0.0035,rsi_2=10,volume_mult=0.7,z_entry=1.8"
2025-04-07 23:22:00+00:00,0.00042542016806722315,fixed_hold,0.003403361344537785,1m:XTZ:vwap_stretch_reversion:long:market_chop:h8:tp0.0:sl0.0:83a75a970f,XTZ,vwap_stretch_reversion,long,market_chop,8,0.0,0.0,"XTZ|vwap_stretch_reversion|long|market_chop|8|0.0|0.0|atr_ceiling=0.03,atr_floor=0.0012,bb_width=0.0025,close_pos=0.35,macro_limit=0.055,min_dist=0.0035,rsi_2=10,volume_mult=0.7,z_entry=1.8"
2025-04-10 21:21:00+00:00,0.0016941094619666451,fixed_hold,0.013552875695733161,1m:XTZ:vwap_stretch_reversion:long:market_chop:h8:tp0.0:sl0.0:83a75a970f,XTZ,vwap_stretch_reversion,long,market_chop,8,0.0,0.0,"XTZ|vwap_stretch_reversion|long|market_chop|8|0.0|0.0|atr_ceiling=0.03,atr_floor=0.0012,bb_width=0.0025,close_pos=0.35,macro_limit=0.055,min_dist=0.0035,rsi_2=10,volume_mult=0.7,z_entry=1.8"
2025-04-12 16:11:00+00:00,0.00524218990458604,fixed_hold,0.04193751923668832,1m:SOL:vwap_stretch_reversion:long:market_chop:h12:tp0.0:sl0.0:936b55a31d,SOL,vwap_stretch_reversion,long,market_chop,12,0.0,0.0,"SOL|vwap_stretch_reversion|long|market_chop|12|0.0|0.0|atr_ceiling=0.03,atr_floor=0.0012,bb_width=0.0025,close_pos=0.35,macro_limit=0.055,min_dist=0.0035,rsi_2=10,volume_mult=0.7,z_entry=1.8"
2025-04-13 01:38:00+00:00,-0.0043153860711582495,fixed_hold,-0.034523088569265996,1m:SOL:vwap_stretch_reversion:long:market_chop:h12:tp0.0:sl0.0:936b55a31d,SOL,vwap_stretch_reversion,long,market_chop,12,0.0,0.0,"SOL|vwap_stretch_reversion|long|market_chop|12|0.0|0.0|atr_ceiling=0.03,atr_floor=0.0012,bb_width=0.0025,close_pos=0.35,macro_limit=0.055,min_dist=0.0035,rsi_2=10,volume_mult=0.7,z_entry=1.8"
2025-04-13 21:40:00+00:00,0.0032974578303204137,fixed_hold,0.02637966264256331,1m:APT:vwap_stretch_reversion:long:market_chop:h8:tp0.0:sl0.0:ac7190ca1d,APT,vwap_stretch_reversion,long,market_chop,8,0.0,0.0,"APT|vwap_stretch_reversion|long|market_chop|8|0.0|0.0|atr_ceiling=0.018,atr_floor=0.0006,bb_width=0.0025,close_pos=0.35,macro_limit=0.055,min_dist=0.0035,rsi_2=10,volume_mult=0.7,z_entry=2.4"
2025-04-17 12:56:00+00:00,0.006508414123609156,fixed_hold,0.052067312988873245,1m:APT:vwap_stretch_reversion:long:market_aligned:h12:tp0.0:sl0.0:5bffc84553,APT,vwap_stretch_reversion,long,market_aligned,12,0.0,0.0,"APT|vwap_stretch_reversion|long|market_aligned|12|0.0|0.0|atr_ceiling=0.03,atr_floor=0.0006,bb_width=0.0025,close_pos=0.35,macro_limit=0.055,min_dist=0.0035,rsi_2=10,volume_mult=0.7,z_entry=1.8"
2025-04-20 13:08:00+00:00,0.001015419947506605,fixed_hold,0.00812335958005284,1m:APT:vwap_stretch_reversion:long:market_chop:h8:tp0.0:sl0.0:ac7190ca1d,APT,vwap_stretch_reversion,long,market_chop,8,0.0,0.0,"APT|vwap_stretch_reversion|long|market_chop|8|0.0|0.0|atr_ceiling=0.018,atr_floor=0.0006,bb_width=0.0025,close_pos=0.35,macro_limit=0.055,min_dist=0.0035,rsi_2=10,volume_mult=0.7,z_entry=2.4"
2025-05-09 10:13:00+00:00,0.0012511498983248247,fixed_hold,0.010009199186598598,1m:DOGE:vwap_stretch_reversion:short:market_chop:h12:tp0.0:sl0.0:93608b84d5,DOGE,vwap_stretch_reversion,short,market_chop,12,0.0,0.0,"DOGE|vwap_stretch_reversion|short|market_chop|12|0.0|0.0|atr_ceiling=0.03,atr_floor=0.0012,bb_width=0.0025,close_pos=0.35,macro_limit=0.055,min_dist=0.0035,rsi_2=10,volume_mult=0.7,z_entry=1.8"
2025-05-09 13:07:00+00:00,0.004005526366761895,fixed_hold,0.03204421093409516,1m:DOGE:vwap_stretch_reversion:short:market_chop:h12:tp0.0:sl0.0:93608b84d5,DOGE,vwap_stretch_reversion,short,market_chop,12,0.0,0.0,"DOGE|vwap_stretch_reversion|short|market_chop|12|0.0|0.0|atr_ceiling=0.03,atr_floor=0.0012,bb_width=0.0025,close_pos=0.35,macro_limit=0.055,min_dist=0.0035,rsi_2=10,volume_mult=0.7,z_entry=1.8"
2025-05-10 04:08:00+00:00,2.258740196874108e-05,fixed_hold,0.00018069921574992865,1m:APT:vwap_stretch_reversion:long:market_chop:h8:tp0.0:sl0.0:ac7190ca1d,APT,vwap_stretch_reversion,long,market_chop,8,0.0,0.0,"APT|vwap_stretch_reversion|long|market_chop|8|0.0|0.0|atr_ceiling=0.018,atr_floor=0.0006,bb_width=0.0025,close_pos=0.35,macro_limit=0.055,min_dist=0.0035,rsi_2=10,volume_mult=0.7,z_entry=2.4"
2025-05-11 00:28:00+00:00,0.011438477321084814,fixed_hold,0.09150781856867851,1m:APT:vwap_stretch_reversion:long:market_chop:h8:tp0.0:sl0.0:ac7190ca1d,APT,vwap_stretch_reversion,long,market_chop,8,0.0,0.0,"APT|vwap_stretch_reversion|long|market_chop|8|0.0|0.0|atr_ceiling=0.018,atr_floor=0.0006,bb_width=0.0025,close_pos=0.35,macro_limit=0.055,min_dist=0.0035,rsi_2=10,volume_mult=0.7,z_entry=2.4"
2025-05-11 03:44:00+00:00,0.0013033689126084468,fixed_hold,0.010426951300867574,1m:DOGE:vwap_stretch_reversion:short:market_chop:h12:tp0.0:sl0.0:93608b84d5,DOGE,vwap_stretch_reversion,short,market_chop,12,0.0,0.0,"DOGE|vwap_stretch_reversion|short|market_chop|12|0.0|0.0|atr_ceiling=0.03,atr_floor=0.0012,bb_width=0.0025,close_pos=0.35,macro_limit=0.055,min_dist=0.0035,rsi_2=10,volume_mult=0.7,z_entry=1.8"
2025-05-19 06:08:00+00:00,0.0010625657864627579,fixed_hold,0.008500526291702063,1m:DOGE:vwap_stretch_reversion:short:market_chop:h12:tp0.0:sl0.0:93608b84d5,DOGE,vwap_stretch_reversion,short,market_chop,12,0.0,0.0,"DOGE|vwap_stretch_reversion|short|market_chop|12|0.0|0.0|atr_ceiling=0.03,atr_floor=0.0012,bb_width=0.0025,close_pos=0.35,macro_limit=0.055,min_dist=0.0035,rsi_2=10,volume_mult=0.7,z_entry=1.8"
2025-05-22 13:08:00+00:00,0.0006437492951392321,fixed_hold,0.0051499943611138565,1m:SOL:vwap_stretch_reversion:long:market_chop:h12:tp0.0:sl0.0:936b55a31d,SOL,vwap_stretch_reversion,long,market_chop,12,0.0,0.0,"SOL|vwap_stretch_reversion|long|market_chop|12|0.0|0.0|atr_ceiling=0.03,atr_floor=0.0012,bb_width=0.0025,close_pos=0.35,macro_limit=0.055,min_dist=0.0035,rsi_2=10,volume_mult=0.7,z_entry=1.8"
2025-05-27 13:52:00+00:00,-0.001157850215804251,fixed_hold,-0.009262801726434008,1m:ETC:vwap_stretch_reversion:long:market_chop:h12:tp0.0:sl0.0:6e952fa187,ETC,vwap_stretch_reversion,long,market_chop,12,0.0,0.0,"ETC|vwap_stretch_reversion|long|market_chop|12|0.0|0.0|atr_ceiling=0.03,atr_floor=0.0012,bb_width=0.0025,close_pos=0.35,macro_limit=0.055,min_dist=0.002,rsi_2=10,volume_mult=0.7,z_entry=2.4"
2025-05-27 13:52:00+00:00,-0.001157850215804251,fixed_hold,-0.009262801726434008,1m:ETC:vwap_stretch_reversion:long:market_chop:h12:tp0.0:sl0.0:6fdc05fdf4,ETC,vwap_stretch_reversion,long,market_chop,12,0.0,0.0,"ETC|vwap_stretch_reversion|long|market_chop|12|0.0|0.0|atr_ceiling=0.03,atr_floor=0.0012,bb_width=0.0025,close_pos=0.35,macro_limit=0.055,min_dist=0.0035,rsi_2=14,volume_mult=0.7,z_entry=2.4"
2025-05-30 16:01:00+00:00,0.0018225927205712399,fixed_hold,0.014580741764569919,1m:ETC:vwap_stretch_reversion:long:market_chop:h12:tp0.0:sl0.0:6e952fa187,ETC,vwap_stretch_reversion,long,market_chop,12,0.0,0.0,"ETC|vwap_stretch_reversion|long|market_chop|12|0.0|0.0|atr_ceiling=0.03,atr_floor=0.0012,bb_width=0.0025,close_pos=0.35,macro_limit=0.055,min_dist=0.002,rsi_2=10,volume_mult=0.7,z_entry=2.4"
2025-05-30 16:01:00+00:00,0.0018225927205712399,fixed_hold,0.014580741764569919,1m:ETC:vwap_stretch_reversion:long:market_chop:h12:tp0.0:sl0.0:6fdc05fdf4,ETC,vwap_stretch_reversion,long,market_chop,12,0.0,0.0,"ETC|vwap_stretch_reversion|long|market_chop|12|0.0|0.0|atr_ceiling=0.03,atr_floor=0.0012,bb_width=0.0025,close_pos=0.35,macro_limit=0.055,min_dist=0.0035,rsi_2=14,volume_mult=0.7,z_entry=2.4"
2025-06-27 01:59:00+00:00,0.002894523001117991,fixed_hold,0.02315618400894393,1m:APT:vwap_stretch_reversion:long:market_aligned:h12:tp0.0:sl0.0:5bffc84553,APT,vwap_stretch_reversion,long,market_aligned,12,0.0,0.0,"APT|vwap_stretch_reversion|long|market_aligned|12|0.0|0.0|atr_ceiling=0.03,atr_floor=0.0006,bb_width=0.0025,close_pos=0.35,macro_limit=0.055,min_dist=0.0035,rsi_2=10,volume_mult=0.7,z_entry=1.8"
2025-07-03 10:20:00+00:00,-0.0021696842094331976,fixed_hold,-0.01735747367546558,1m:APT:vwap_stretch_reversion:long:market_chop:h8:tp0.0:sl0.0:ac7190ca1d,APT,vwap_stretch_reversion,long,market_chop,8,0.0,0.0,"APT|vwap_stretch_reversion|long|market_chop|8|0.0|0.0|atr_ceiling=0.018,atr_floor=0.0006,bb_width=0.0025,close_pos=0.35,macro_limit=0.055,min_dist=0.0035,rsi_2=10,volume_mult=0.7,z_entry=2.4"
2025-07-08 16:22:00+00:00,0.0008524540511790224,fixed_hold,0.006819632409432179,1m:DOGE:vwap_stretch_reversion:short:market_chop:h12:tp0.0:sl0.0:93608b84d5,DOGE,vwap_stretch_reversion,short,market_chop,12,0.0,0.0,"DOGE|vwap_stretch_reversion|short|market_chop|12|0.0|0.0|atr_ceiling=0.03,atr_floor=0.0012,bb_width=0.0025,close_pos=0.35,macro_limit=0.055,min_dist=0.0035,rsi_2=10,volume_mult=0.7,z_entry=1.8"
2025-07-21 15:12:00+00:00,0.0011422007540056599,fixed_hold,0.009137606032045279,1m:XTZ:vwap_stretch_reversion:long:market_chop:h8:tp0.0:sl0.0:83a75a970f,XTZ,vwap_stretch_reversion,long,market_chop,8,0.0,0.0,"XTZ|vwap_stretch_reversion|long|market_chop|8|0.0|0.0|atr_ceiling=0.03,atr_floor=0.0012,bb_width=0.0025,close_pos=0.35,macro_limit=0.055,min_dist=0.0035,rsi_2=10,volume_mult=0.7,z_entry=1.8"
2025-07-23 00:02:00+00:00,0.0015774377098793512,fixed_hold,0.01261950167903481,1m:ETC:vwap_stretch_reversion:long:market_chop:h12:tp0.0:sl0.0:6e952fa187,ETC,vwap_stretch_reversion,long,market_chop,12,0.0,0.0,"ETC|vwap_stretch_reversion|long|market_chop|12|0.0|0.0|atr_ceiling=0.03,atr_floor=0.0012,bb_width=0.0025,close_pos=0.35,macro_limit=0.055,min_dist=0.002,rsi_2=10,volume_mult=0.7,z_entry=2.4"
2025-07-23 07:40:00+00:00,-0.001501929244337521,fixed_hold,-0.012015433954700169,1m:SOL:vwap_stretch_reversion:long:market_chop:h12:tp0.0:sl0.0:936b55a31d,SOL,vwap_stretch_reversion,long,market_chop,12,0.0,0.0,"SOL|vwap_stretch_reversion|long|market_chop|12|0.0|0.0|atr_ceiling=0.03,atr_floor=0.0012,bb_width=0.0025,close_pos=0.35,macro_limit=0.055,min_dist=0.0035,rsi_2=10,volume_mult=0.7,z_entry=1.8"
2025-07-24 16:16:00+00:00,-0.004093162007016079,fixed_hold,-0.03274529605612863,1m:APT:vwap_stretch_reversion:long:market_chop:h8:tp0.0:sl0.0:ac7190ca1d,APT,vwap_stretch_reversion,long,market_chop,8,0.0,0.0,"APT|vwap_stretch_reversion|long|market_chop|8|0.0|0.0|atr_ceiling=0.018,atr_floor=0.0006,bb_width=0.0025,close_pos=0.35,macro_limit=0.055,min_dist=0.0035,rsi_2=10,volume_mult=0.7,z_entry=2.4"
2025-07-25 20:27:00+00:00,-0.005056282694219787,fixed_hold,-0.0404502615537583,1m:DOGE:vwap_stretch_reversion:short:market_chop:h12:tp0.0:sl0.0:93608b84d5,DOGE,vwap_stretch_reversion,short,market_chop,12,0.0,0.0,"DOGE|vwap_stretch_reversion|short|market_chop|12|0.0|0.0|atr_ceiling=0.03,atr_floor=0.0012,bb_width=0.0025,close_pos=0.35,macro_limit=0.055,min_dist=0.0035,rsi_2=10,volume_mult=0.7,z_entry=1.8"
2025-08-12 21:54:00+00:00,-0.00092205323193914,fixed_hold,-0.00737642585551312,1m:APT:vwap_stretch_reversion:long:market_chop:h8:tp0.0:sl0.0:ac7190ca1d,APT,vwap_stretch_reversion,long,market_chop,8,0.0,0.0,"APT|vwap_stretch_reversion|long|market_chop|8|0.0|0.0|atr_ceiling=0.018,atr_floor=0.0006,bb_width=0.0025,close_pos=0.35,macro_limit=0.055,min_dist=0.0035,rsi_2=10,volume_mult=0.7,z_entry=2.4"
2025-08-13 11:17:00+00:00,0.0011968254691200474,fixed_hold,0.009574603752960379,1m:APT:vwap_stretch_reversion:long:market_chop:h8:tp0.0:sl0.0:ac7190ca1d,APT,vwap_stretch_reversion,long,market_chop,8,0.0,0.0,"APT|vwap_stretch_reversion|long|market_chop|8|0.0|0.0|atr_ceiling=0.018,atr_floor=0.0006,bb_width=0.0025,close_pos=0.35,macro_limit=0.055,min_dist=0.0035,rsi_2=10,volume_mult=0.7,z_entry=2.4"
2025-09-09 02:50:00+00:00,0.0022482227488151295,fixed_hold,0.017985781990521036,1m:SOL:vwap_stretch_reversion:long:market_chop:h12:tp0.0:sl0.0:936b55a31d,SOL,vwap_stretch_reversion,long,market_chop,12,0.0,0.0,"SOL|vwap_stretch_reversion|long|market_chop|12|0.0|0.0|atr_ceiling=0.03,atr_floor=0.0012,bb_width=0.0025,close_pos=0.35,macro_limit=0.055,min_dist=0.0035,rsi_2=10,volume_mult=0.7,z_entry=1.8"
2025-09-11 16:53:00+00:00,0.001758063622256598,fixed_hold,0.014064508978052784,1m:SOL:vwap_stretch_reversion:long:market_chop:h12:tp0.0:sl0.0:936b55a31d,SOL,vwap_stretch_reversion,long,market_chop,12,0.0,0.0,"SOL|vwap_stretch_reversion|long|market_chop|12|0.0|0.0|atr_ceiling=0.03,atr_floor=0.0012,bb_width=0.0025,close_pos=0.35,macro_limit=0.055,min_dist=0.0035,rsi_2=10,volume_mult=0.7,z_entry=1.8"
2025-09-15 12:07:00+00:00,0.0020285643360953153,fixed_hold,0.016228514688762522,1m:APT:vwap_stretch_reversion:long:market_chop:h8:tp0.0:sl0.0:ac7190ca1d,APT,vwap_stretch_reversion,long,market_chop,8,0.0,0.0,"APT|vwap_stretch_reversion|long|market_chop|8|0.0|0.0|atr_ceiling=0.018,atr_floor=0.0006,bb_width=0.0025,close_pos=0.35,macro_limit=0.055,min_dist=0.0035,rsi_2=10,volume_mult=0.7,z_entry=2.4"
2025-09-17 15:34:00+00:00,0.00031626506024097555,fixed_hold,0.0025301204819278044,1m:DOGE:vwap_stretch_reversion:short:market_chop:h12:tp0.0:sl0.0:93608b84d5,DOGE,vwap_stretch_reversion,short,market_chop,12,0.0,0.0,"DOGE|vwap_stretch_reversion|short|market_chop|12|0.0|0.0|atr_ceiling=0.03,atr_floor=0.0012,bb_width=0.0025,close_pos=0.35,macro_limit=0.055,min_dist=0.0035,rsi_2=10,volume_mult=0.7,z_entry=1.8"
2025-09-29 09:44:00+00:00,0.0002577475812717145,fixed_hold,0.002061980650173716,1m:APT:vwap_stretch_reversion:long:market_chop:h8:tp0.0:sl0.0:ac7190ca1d,APT,vwap_stretch_reversion,long,market_chop,8,0.0,0.0,"APT|vwap_stretch_reversion|long|market_chop|8|0.0|0.0|atr_ceiling=0.018,atr_floor=0.0006,bb_width=0.0025,close_pos=0.35,macro_limit=0.055,min_dist=0.0035,rsi_2=10,volume_mult=0.7,z_entry=2.4"
2025-10-08 18:36:00+00:00,-0.0020024104683195178,fixed_hold,-0.016019283746556142,1m:APT:vwap_stretch_reversion:long:market_chop:h8:tp0.0:sl0.0:ac7190ca1d,APT,vwap_stretch_reversion,long,market_chop,8,0.0,0.0,"APT|vwap_stretch_reversion|long|market_chop|8|0.0|0.0|atr_ceiling=0.018,atr_floor=0.0006,bb_width=0.0025,close_pos=0.35,macro_limit=0.055,min_dist=0.0035,rsi_2=10,volume_mult=0.7,z_entry=2.4"
2025-10-12 18:37:00+00:00,-0.00250831255195337,fixed_hold,-0.02006650041562696,1m:SOL:vwap_stretch_reversion:long:market_chop:h12:tp0.0:sl0.0:936b55a31d,SOL,vwap_stretch_reversion,long,market_chop,12,0.0,0.0,"SOL|vwap_stretch_reversion|long|market_chop|12|0.0|0.0|atr_ceiling=0.03,atr_floor=0.0012,bb_width=0.0025,close_pos=0.35,macro_limit=0.055,min_dist=0.0035,rsi_2=10,volume_mult=0.7,z_entry=1.8"
2025-10-20 07:40:00+00:00,-0.002359787250266892,fixed_hold,-0.018878298002135138,1m:APT:vwap_stretch_reversion:long:market_chop:h8:tp0.0:sl0.0:ac7190ca1d,APT,vwap_stretch_reversion,long,market_chop,8,0.0,0.0,"APT|vwap_stretch_reversion|long|market_chop|8|0.0|0.0|atr_ceiling=0.018,atr_floor=0.0006,bb_width=0.0025,close_pos=0.35,macro_limit=0.055,min_dist=0.0035,rsi_2=10,volume_mult=0.7,z_entry=2.4"
2025-10-25 13:04:00+00:00,7.711926159816084e-05,fixed_hold,0.0006169540927852867,1m:APT:vwap_stretch_reversion:long:market_aligned:h12:tp0.0:sl0.0:5bffc84553,APT,vwap_stretch_reversion,long,market_aligned,12,0.0,0.0,"APT|vwap_stretch_reversion|long|market_aligned|12|0.0|0.0|atr_ceiling=0.03,atr_floor=0.0006,bb_width=0.0025,close_pos=0.35,macro_limit=0.055,min_dist=0.0035,rsi_2=10,volume_mult=0.7,z_entry=1.8"
2025-10-31 03:32:00+00:00,-0.0020986907421196434,fixed_hold,-0.016789525936957147,1m:APT:vwap_stretch_reversion:long:market_chop:h8:tp0.0:sl0.0:ac7190ca1d,APT,vwap_stretch_reversion,long,market_chop,8,0.0,0.0,"APT|vwap_stretch_reversion|long|market_chop|8|0.0|0.0|atr_ceiling=0.018,atr_floor=0.0006,bb_width=0.0025,close_pos=0.35,macro_limit=0.055,min_dist=0.0035,rsi_2=10,volume_mult=0.7,z_entry=2.4"
2025-11-04 01:46:00+00:00,-0.0013208411147824085,fixed_hold,-0.010566728918259268,1m:APT:vwap_stretch_reversion:long:market_aligned:h12:tp0.0:sl0.0:5bffc84553,APT,vwap_stretch_reversion,long,market_aligned,12,0.0,0.0,"APT|vwap_stretch_reversion|long|market_aligned|12|0.0|0.0|atr_ceiling=0.03,atr_floor=0.0006,bb_width=0.0025,close_pos=0.35,macro_limit=0.055,min_dist=0.0035,rsi_2=10,volume_mult=0.7,z_entry=1.8"
2025-11-05 14:26:00+00:00,0.0003258716323296251,fixed_hold,0.002606973058637001,1m:SOL:vwap_stretch_reversion:long:market_chop:h12:tp0.0:sl0.0:936b55a31d,SOL,vwap_stretch_reversion,long,market_chop,12,0.0,0.0,"SOL|vwap_stretch_reversion|long|market_chop|12|0.0|0.0|atr_ceiling=0.03,atr_floor=0.0012,bb_width=0.0025,close_pos=0.35,macro_limit=0.055,min_dist=0.0035,rsi_2=10,volume_mult=0.7,z_entry=1.8"
2025-11-10 04:31:00+00:00,0.0029760780001240193,fixed_hold,0.023808624000992155,1m:ETC:vwap_stretch_reversion:long:market_chop:h12:tp0.0:sl0.0:6fdc05fdf4,ETC,vwap_stretch_reversion,long,market_chop,12,0.0,0.0,"ETC|vwap_stretch_reversion|long|market_chop|12|0.0|0.0|atr_ceiling=0.03,atr_floor=0.0012,bb_width=0.0025,close_pos=0.35,macro_limit=0.055,min_dist=0.0035,rsi_2=14,volume_mult=0.7,z_entry=2.4"
2025-11-30 09:01:00+00:00,0.0007703661440761766,fixed_hold,0.006162929152609413,1m:APT:vwap_stretch_reversion:long:market_aligned:h12:tp0.0:sl0.0:5bffc84553,APT,vwap_stretch_reversion,long,market_aligned,12,0.0,0.0,"APT|vwap_stretch_reversion|long|market_aligned|12|0.0|0.0|atr_ceiling=0.03,atr_floor=0.0006,bb_width=0.0025,close_pos=0.35,macro_limit=0.055,min_dist=0.0035,rsi_2=10,volume_mult=0.7,z_entry=1.8"
2025-12-13 13:21:00+00:00,-0.00039995048910758336,fixed_hold,-0.003199603912860667,1m:APT:vwap_stretch_reversion:long:market_aligned:h12:tp0.0:sl0.0:5bffc84553,APT,vwap_stretch_reversion,long,market_aligned,12,0.0,0.0,"APT|vwap_stretch_reversion|long|market_aligned|12|0.0|0.0|atr_ceiling=0.03,atr_floor=0.0006,bb_width=0.0025,close_pos=0.35,macro_limit=0.055,min_dist=0.0035,rsi_2=10,volume_mult=0.7,z_entry=1.8"
2025-12-21 10:34:00+00:00,-0.0008168001595777041,fixed_hold,-0.006534401276621633,1m:APT:vwap_stretch_reversion:long:market_chop:h8:tp0.0:sl0.0:ac7190ca1d,APT,vwap_stretch_reversion,long,market_chop,8,0.0,0.0,"APT|vwap_stretch_reversion|long|market_chop|8|0.0|0.0|atr_ceiling=0.018,atr_floor=0.0006,bb_width=0.0025,close_pos=0.35,macro_limit=0.055,min_dist=0.0035,rsi_2=10,volume_mult=0.7,z_entry=2.4"
2026-02-17 21:14:00+00:00,0.0027262064343164948,fixed_hold,0.021809651474531958,1m:DOGE:vwap_stretch_reversion:short:market_chop:h12:tp0.0:sl0.0:93608b84d5,DOGE,vwap_stretch_reversion,short,market_chop,12,0.0,0.0,"DOGE|vwap_stretch_reversion|short|market_chop|12|0.0|0.0|atr_ceiling=0.03,atr_floor=0.0012,bb_width=0.0025,close_pos=0.35,macro_limit=0.055,min_dist=0.0035,rsi_2=10,volume_mult=0.7,z_entry=1.8"
2026-02-26 10:51:00+00:00,0.0016879976449477728,fixed_hold,0.013503981159582183,1m:ETC:vwap_stretch_reversion:long:market_chop:h12:tp0.0:sl0.0:6e952fa187,ETC,vwap_stretch_reversion,long,market_chop,12,0.0,0.0,"ETC|vwap_stretch_reversion|long|market_chop|12|0.0|0.0|atr_ceiling=0.03,atr_floor=0.0012,bb_width=0.0025,close_pos=0.35,macro_limit=0.055,min_dist=0.002,rsi_2=10,volume_mult=0.7,z_entry=2.4"
2026-02-26 10:51:00+00:00,0.0016879976449477728,fixed_hold,0.013503981159582183,1m:ETC:vwap_stretch_reversion:long:market_chop:h12:tp0.0:sl0.0:6fdc05fdf4,ETC,vwap_stretch_reversion,long,market_chop,12,0.0,0.0,"ETC|vwap_stretch_reversion|long|market_chop|12|0.0|0.0|atr_ceiling=0.03,atr_floor=0.0012,bb_width=0.0025,close_pos=0.35,macro_limit=0.055,min_dist=0.0035,rsi_2=14,volume_mult=0.7,z_entry=2.4"
2026-03-02 17:44:00+00:00,0.004494404706968173,fixed_hold,0.03595523765574538,1m:SOL:vwap_stretch_reversion:long:market_chop:h12:tp0.0:sl0.0:936b55a31d,SOL,vwap_stretch_reversion,long,market_chop,12,0.0,0.0,"SOL|vwap_stretch_reversion|long|market_chop|12|0.0|0.0|atr_ceiling=0.03,atr_floor=0.0012,bb_width=0.0025,close_pos=0.35,macro_limit=0.055,min_dist=0.0035,rsi_2=10,volume_mult=0.7,z_entry=1.8"
2026-03-03 17:12:00+00:00,0.003895929681015029,fixed_hold,0.03116743744812023,1m:SOL:vwap_stretch_reversion:long:market_chop:h12:tp0.0:sl0.0:936b55a31d,SOL,vwap_stretch_reversion,long,market_chop,12,0.0,0.0,"SOL|vwap_stretch_reversion|long|market_chop|12|0.0|0.0|atr_ceiling=0.03,atr_floor=0.0012,bb_width=0.0025,close_pos=0.35,macro_limit=0.055,min_dist=0.0035,rsi_2=10,volume_mult=0.7,z_entry=1.8"
2026-03-13 00:02:00+00:00,-7.411067193748857e-06,fixed_hold,-5.9288537549990854e-05,1m:APT:vwap_stretch_reversion:long:market_chop:h8:tp0.0:sl0.0:ac7190ca1d,APT,vwap_stretch_reversion,long,market_chop,8,0.0,0.0,"APT|vwap_stretch_reversion|long|market_chop|8|0.0|0.0|atr_ceiling=0.018,atr_floor=0.0006,bb_width=0.0025,close_pos=0.35,macro_limit=0.055,min_dist=0.0035,rsi_2=10,volume_mult=0.7,z_entry=2.4"
2026-03-31 15:39:00+00:00,0.00868945603576747,fixed_hold,0.06951564828613976,1m:APT:vwap_stretch_reversion:long:market_aligned:h12:tp0.0:sl0.0:5bffc84553,APT,vwap_stretch_reversion,long,market_aligned,12,0.0,0.0,"APT|vwap_stretch_reversion|long|market_aligned|12|0.0|0.0|atr_ceiling=0.03,atr_floor=0.0006,bb_width=0.0025,close_pos=0.35,macro_limit=0.055,min_dist=0.0035,rsi_2=10,volume_mult=0.7,z_entry=1.8"
2026-04-23 19:00:00+00:00,0.00949573863636373,fixed_hold,0.07596590909090983,1m:XTZ:vwap_stretch_reversion:long:market_chop:h8:tp0.0:sl0.0:83a75a970f,XTZ,vwap_stretch_reversion,long,market_chop,8,0.0,0.0,"XTZ|vwap_stretch_reversion|long|market_chop|8|0.0|0.0|atr_ceiling=0.03,atr_floor=0.0012,bb_width=0.0025,close_pos=0.35,macro_limit=0.055,min_dist=0.0035,rsi_2=10,volume_mult=0.7,z_entry=1.8"
2026-04-30 03:41:00+00:00,-0.00044963524130185674,fixed_hold,-0.003597081930414854,1m:DOGE:vwap_stretch_reversion:short:market_chop:h12:tp0.0:sl0.0:93608b84d5,DOGE,vwap_stretch_reversion,short,market_chop,12,0.0,0.0,"DOGE|vwap_stretch_reversion|short|market_chop|12|0.0|0.0|atr_ceiling=0.03,atr_floor=0.0012,bb_width=0.0025,close_pos=0.35,macro_limit=0.055,min_dist=0.0035,rsi_2=10,volume_mult=0.7,z_entry=1.8"
2026-05-07 08:08:00+00:00,0.001451006252442336,fixed_hold,0.011608050019538688,1m:APT:vwap_stretch_reversion:long:market_chop:h8:tp0.0:sl0.0:ac7190ca1d,APT,vwap_stretch_reversion,long,market_chop,8,0.0,0.0,"APT|vwap_stretch_reversion|long|market_chop|8|0.0|0.0|atr_ceiling=0.018,atr_floor=0.0006,bb_width=0.0025,close_pos=0.35,macro_limit=0.055,min_dist=0.0035,rsi_2=10,volume_mult=0.7,z_entry=2.4"
