rank,scope,template,side,regime,hold,leverage,tp,sl,trades,trades_per_day,total_profit,daily,min_slice_daily,min_slice_trades_per_day,positive_slices,winrate,pf,max_dd,p2024,d2024,tpd2024,p2025,d2025,tpd2025,p2026,d2026,tpd2026,robust_score,params
1,OP,vwap_stretch_reversion,long,market_aligned,12,5.0,0.0,0.0,9,0.009966777408637873,0.00794927255846467,8.768414455628815e-06,2.0893976198088637e-05,0.017241379310344827,3,0.5555555555555556,1.1348493049261983,0.04189294036866331,0.0072975258630487705,2.0893976198088637e-05,0.017241379310344827,0.0008978070880922839,0.0008978070880922839,1.0,0.010860428231562302,0.010860428231562302,1.0,0.28937837104506925,"atr_ceiling=0.018,atr_floor=0.0006,bb_width=0.0025,close_pos=0.35,macro_limit=0.055,min_dist=0.0035,rsi_2=10,volume_mult=0.7,z_entry=1.8"
2,OP,vwap_stretch_reversion,long,market_aligned,12,5.0,0.0,0.0,9,0.009966777408637873,0.00794927255846467,8.768414455628815e-06,2.0893976198088637e-05,0.017241379310344827,3,0.5555555555555556,1.1348493049261983,0.04189294036866331,0.0072975258630487705,2.0893976198088637e-05,0.017241379310344827,0.0008978070880922839,0.0008978070880922839,1.0,0.010860428231562302,0.010860428231562302,1.0,0.28937837104506925,"atr_ceiling=0.03,atr_floor=0.0006,bb_width=0.0025,close_pos=0.35,macro_limit=0.055,min_dist=0.0035,rsi_2=10,volume_mult=0.7,z_entry=1.8"
3,OP,vwap_stretch_reversion,long,market_aligned,12,5.0,0.0,0.0,9,0.009966777408637873,0.00794927255846467,8.768414455628815e-06,2.0893976198088637e-05,0.017241379310344827,3,0.5555555555555556,1.1348493049261983,0.04189294036866331,0.0072975258630487705,2.0893976198088637e-05,0.017241379310344827,0.0008978070880922839,0.0008978070880922839,1.0,0.010860428231562302,0.010860428231562302,1.0,0.28937837104506925,"atr_ceiling=0.018,atr_floor=0.0012,bb_width=0.0025,close_pos=0.35,macro_limit=0.055,min_dist=0.0035,rsi_2=10,volume_mult=0.7,z_entry=1.8"
4,OP,vwap_stretch_reversion,long,market_aligned,12,5.0,0.0,0.0,9,0.009966777408637873,0.00794927255846467,8.768414455628815e-06,2.0893976198088637e-05,0.017241379310344827,3,0.5555555555555556,1.1348493049261983,0.04189294036866331,0.0072975258630487705,2.0893976198088637e-05,0.017241379310344827,0.0008978070880922839,0.0008978070880922839,1.0,0.010860428231562302,0.010860428231562302,1.0,0.28937837104506925,"atr_ceiling=0.03,atr_floor=0.0012,bb_width=0.0025,close_pos=0.35,macro_limit=0.055,min_dist=0.0035,rsi_2=10,volume_mult=0.7,z_entry=1.8"
5,SUI,vwap_stretch_reversion,short,market_aligned,8,5.0,0.0,0.0,13,0.01597051597051597,0.1357298928113695,0.00015637035923199427,0.0,0.017123287671232876,2,0.46153846153846156,3.6687078372907442,0.02337551073980615,0.08121377434029009,0.00026472749245298743,0.020338983050847456,0.025706726911916222,8.69279720985272e-05,0.017123287671232876,0.0,0.0,0.0,0.14579702058469002,"atr_ceiling=0.018,atr_floor=0.0012,bb_width=0.0025,close_pos=0.35,macro_limit=0.055,min_dist=0.0035,rsi_2=10,volume_mult=0.7,z_entry=2.4"
6,SUI,vwap_stretch_reversion,short,market_aligned,8,5.0,0.0,0.0,13,0.01597051597051597,0.1357298928113695,0.00015637035923199427,0.0,0.017123287671232876,2,0.46153846153846156,3.6687078372907442,0.02337551073980615,0.08121377434029009,0.00026472749245298743,0.020338983050847456,0.025706726911916222,8.69279720985272e-05,0.017123287671232876,0.0,0.0,0.0,0.14579702058469002,"atr_ceiling=0.03,atr_floor=0.0012,bb_width=0.0025,close_pos=0.35,macro_limit=0.055,min_dist=0.0035,rsi_2=10,volume_mult=0.7,z_entry=2.4"
7,SUI,vwap_stretch_reversion,short,market_aligned,8,5.0,0.0,0.0,14,0.0171990171990172,0.13342136172360908,0.0001538703282826237,0.0,0.017123287671232876,2,0.42857142857142855,3.5231218348671245,0.02337551073980637,0.07901605494734443,0.0002578283697665107,0.023728813559322035,0.025706726911916222,8.69279720985272e-05,0.017123287671232876,0.0,0.0,0.0,0.14511543943729344,"atr_ceiling=0.018,atr_floor=0.0012,bb_width=0.0025,close_pos=0.35,macro_limit=0.055,min_dist=0.002,rsi_2=10,volume_mult=0.7,z_entry=2.4"
8,SUI,vwap_stretch_reversion,short,market_aligned,8,5.0,0.0,0.0,14,0.0171990171990172,0.13342136172360908,0.0001538703282826237,0.0,0.017123287671232876,2,0.42857142857142855,3.5231218348671245,0.02337551073980637,0.07901605494734443,0.0002578283697665107,0.023728813559322035,0.025706726911916222,8.69279720985272e-05,0.017123287671232876,0.0,0.0,0.0,0.14511543943729344,"atr_ceiling=0.03,atr_floor=0.0012,bb_width=0.0025,close_pos=0.35,macro_limit=0.055,min_dist=0.002,rsi_2=10,volume_mult=0.7,z_entry=2.4"
9,SUI,vwap_stretch_reversion,short,market_aligned,8,5.0,0.0,0.0,17,0.020884520884520884,0.11946932359460471,0.000138651816189439,0.0,0.023728813559322035,2,0.4117647058823529,2.4030908985713793,0.03539743177644228,0.07901605494734443,0.0002578283697665107,0.023728813559322035,0.013080619934993765,4.4507180228636756e-05,0.0273972602739726,0.0,0.0,0.0,0.12819407137152064,"atr_ceiling=0.018,atr_floor=0.0006,bb_width=0.0025,close_pos=0.35,macro_limit=0.055,min_dist=0.002,rsi_2=10,volume_mult=0.7,z_entry=2.4"
10,SUI,vwap_stretch_reversion,short,market_aligned,8,5.0,0.0,0.0,17,0.020884520884520884,0.11946932359460471,0.000138651816189439,0.0,0.023728813559322035,2,0.4117647058823529,2.4030908985713793,0.03539743177644228,0.07901605494734443,0.0002578283697665107,0.023728813559322035,0.013080619934993765,4.4507180228636756e-05,0.0273972602739726,0.0,0.0,0.0,0.12819407137152064,"atr_ceiling=0.03,atr_floor=0.0006,bb_width=0.0025,close_pos=0.35,macro_limit=0.055,min_dist=0.002,rsi_2=10,volume_mult=0.7,z_entry=2.4"
11,BNB,vwap_stretch_reversion,long,market_chop,12,5.0,0.0,0.0,13,0.013471502590673576,0.03301740776948425,3.3662785915655746e-05,-3.382885398472979e-06,0.02824858757062147,2,0.46153846153846156,1.5064766536237948,0.02871275564692788,0.005301862612069996,5.5663204083789e-05,0.042105263157894736,-0.0005985925002987003,-3.382885398472979e-06,0.02824858757062147,0.0029285272277230767,0.0029285272277230767,1.0,0.10701678981765705,"atr_ceiling=0.018,atr_floor=0.0012,bb_width=0.0025,close_pos=0.35,macro_limit=0.055,min_dist=0.002,rsi_2=14,volume_mult=0.7,z_entry=2.4"
12,BNB,vwap_stretch_reversion,long,market_chop,12,5.0,0.0,0.0,13,0.013471502590673576,0.03301740776948425,3.3662785915655746e-05,-3.382885398472979e-06,0.02824858757062147,2,0.46153846153846156,1.5064766536237948,0.02871275564692788,0.005301862612069996,5.5663204083789e-05,0.042105263157894736,-0.0005985925002987003,-3.382885398472979e-06,0.02824858757062147,0.0029285272277230767,0.0029285272277230767,1.0,0.10701678981765705,"atr_ceiling=0.03,atr_floor=0.0012,bb_width=0.0025,close_pos=0.35,macro_limit=0.055,min_dist=0.002,rsi_2=14,volume_mult=0.7,z_entry=2.4"
13,SUI,vwap_stretch_reversion,short,local_chop,12,5.0,0.0,0.0,10,0.018518518518518517,0.011661788277725016,2.147118180073626e-05,0.0,0.0220125786163522,2,0.5,1.1673870059173703,0.05708172825048485,0.011348383171380316,3.548639482264804e-05,0.0220125786163522,0.02309748811538248,0.0006922024534254945,0.06060606060606061,0.0,0.0,0.0,0.06764195088460118,"atr_ceiling=0.018,atr_floor=0.0006,bb_width=0.0025,close_pos=0.35,macro_limit=0.055,min_dist=0.002,rsi_2=14,volume_mult=0.7,z_entry=1.8"
14,SUI,vwap_stretch_reversion,short,local_chop,12,5.0,0.0,0.0,10,0.018518518518518517,0.011661788277725016,2.147118180073626e-05,0.0,0.0220125786163522,2,0.5,1.1673870059173703,0.05708172825048485,0.011348383171380316,3.548639482264804e-05,0.0220125786163522,0.02309748811538248,0.0006922024534254945,0.06060606060606061,0.0,0.0,0.0,0.06764195088460118,"atr_ceiling=0.03,atr_floor=0.0006,bb_width=0.0025,close_pos=0.35,macro_limit=0.055,min_dist=0.002,rsi_2=14,volume_mult=0.7,z_entry=1.8"
15,SUI,vwap_stretch_reversion,short,local_chop,12,5.0,0.0,0.0,10,0.018518518518518517,0.011661788277725016,2.147118180073626e-05,0.0,0.0220125786163522,2,0.5,1.1673870059173703,0.05708172825048485,0.011348383171380316,3.548639482264804e-05,0.0220125786163522,0.02309748811538248,0.0006922024534254945,0.06060606060606061,0.0,0.0,0.0,0.06764195088460118,"atr_ceiling=0.018,atr_floor=0.0012,bb_width=0.0025,close_pos=0.35,macro_limit=0.055,min_dist=0.002,rsi_2=14,volume_mult=0.7,z_entry=1.8"
16,SUI,vwap_stretch_reversion,short,local_chop,12,5.0,0.0,0.0,10,0.018518518518518517,0.011661788277725016,2.147118180073626e-05,0.0,0.0220125786163522,2,0.5,1.1673870059173703,0.05708172825048485,0.011348383171380316,3.548639482264804e-05,0.0220125786163522,0.02309748811538248,0.0006922024534254945,0.06060606060606061,0.0,0.0,0.0,0.06764195088460118,"atr_ceiling=0.03,atr_floor=0.0012,bb_width=0.0025,close_pos=0.35,macro_limit=0.055,min_dist=0.002,rsi_2=14,volume_mult=0.7,z_entry=1.8"
17,OP,vwap_stretch_reversion,short,market_chop,8,5.0,0.0,0.0,44,0.05158264947245018,-0.01610534366496097,-1.90343372865609e-05,0.0,0.038910505836575876,2,0.5227272727272727,0.9750769061881299,0.11180325184575302,0.029425941895106833,8.286431564363816e-05,0.06285714285714286,0.007884389098077094,3.0558714831485645e-05,0.038910505836575876,0.0,0.0,0.0,-0.005691262462539981,"atr_ceiling=0.018,atr_floor=0.0006,bb_width=0.0025,close_pos=0.35,macro_limit=0.055,min_dist=0.0035,rsi_2=10,volume_mult=0.7,z_entry=1.8"
18,OP,vwap_stretch_reversion,short,market_chop,8,5.0,0.0,0.0,44,0.05158264947245018,-0.01610534366496097,-1.90343372865609e-05,0.0,0.038910505836575876,2,0.5227272727272727,0.9750769061881299,0.11180325184575302,0.029425941895106833,8.286431564363816e-05,0.06285714285714286,0.007884389098077094,3.0558714831485645e-05,0.038910505836575876,0.0,0.0,0.0,-0.005691262462539981,"atr_ceiling=0.03,atr_floor=0.0006,bb_width=0.0025,close_pos=0.35,macro_limit=0.055,min_dist=0.0035,rsi_2=10,volume_mult=0.7,z_entry=1.8"
19,OP,vwap_stretch_reversion,short,market_chop,8,5.0,0.0,0.0,37,0.04534313725490196,-0.015969694437152127,-1.972846233733172e-05,0.0,0.038910505836575876,2,0.5405405405405406,0.9710921891833967,0.11431971060441026,0.010274495086798563,2.920634433145608e-05,0.054285714285714284,0.007884389098077094,3.0558714831485645e-05,0.038910505836575876,0.0,0.0,0.0,-0.009124783608340625,"atr_ceiling=0.018,atr_floor=0.0012,bb_width=0.0025,close_pos=0.35,macro_limit=0.055,min_dist=0.0035,rsi_2=10,volume_mult=0.7,z_entry=1.8"
20,OP,vwap_stretch_reversion,short,market_chop,8,5.0,0.0,0.0,37,0.04534313725490196,-0.015969694437152127,-1.972846233733172e-05,0.0,0.038910505836575876,2,0.5405405405405406,0.9710921891833967,0.11431971060441026,0.010274495086798563,2.920634433145608e-05,0.054285714285714284,0.007884389098077094,3.0558714831485645e-05,0.038910505836575876,0.0,0.0,0.0,-0.009124783608340625,"atr_ceiling=0.03,atr_floor=0.0012,bb_width=0.0025,close_pos=0.35,macro_limit=0.055,min_dist=0.0035,rsi_2=10,volume_mult=0.7,z_entry=1.8"
21,OP,vwap_stretch_reversion,short,market_chop,8,5.0,0.0,0.0,22,0.021484375,0.010224258421062782,9.933979270293491e-06,-0.0001315066990981162,0.027237354085603113,2,0.5,1.0976100253523642,0.06870543349518765,0.06628174978036117,0.00020906939733911223,0.035830618892508145,-0.033234624346265784,-0.0001315066990981162,0.027237354085603113,0.00874570446735401,0.00874570446735401,1.0,-0.017189855618735844,"atr_ceiling=0.018,atr_floor=0.0006,bb_width=0.0025,close_pos=0.35,macro_limit=0.055,min_dist=0.002,rsi_2=10,volume_mult=0.7,z_entry=2.4"
22,OP,vwap_stretch_reversion,short,market_chop,8,5.0,0.0,0.0,22,0.021484375,0.010224258421062782,9.933979270293491e-06,-0.0001315066990981162,0.027237354085603113,2,0.5,1.0976100253523642,0.06870543349518765,0.06628174978036117,0.00020906939733911223,0.035830618892508145,-0.033234624346265784,-0.0001315066990981162,0.027237354085603113,0.00874570446735401,0.00874570446735401,1.0,-0.017189855618735844,"atr_ceiling=0.03,atr_floor=0.0006,bb_width=0.0025,close_pos=0.35,macro_limit=0.055,min_dist=0.002,rsi_2=10,volume_mult=0.7,z_entry=2.4"
23,BNB,vwap_stretch_reversion,long,market_aligned,8,5.0,0.0,0.0,13,0.013713080168776372,-0.010264824583210652,-1.0883771168868073e-05,-0.0001765354991176693,0.017857142857142856,2,0.3076923076923077,0.8781397869696985,0.04452834372335168,0.011787126287804206,5.231475774758465e-05,0.017857142857142856,-0.04452834372335157,-0.0001765354991176693,0.023255813953488372,0.0040746578239931885,0.0040746578239931885,1.0,-0.01974839248148047,"atr_ceiling=0.018,atr_floor=0.0006,bb_width=0.0025,close_pos=0.35,macro_limit=0.055,min_dist=0.0035,rsi_2=14,volume_mult=0.7,z_entry=1.8"
24,BNB,vwap_stretch_reversion,long,market_aligned,8,5.0,0.0,0.0,13,0.013713080168776372,-0.010264824583210652,-1.0883771168868073e-05,-0.0001765354991176693,0.017857142857142856,2,0.3076923076923077,0.8781397869696985,0.04452834372335168,0.011787126287804206,5.231475774758465e-05,0.017857142857142856,-0.04452834372335157,-0.0001765354991176693,0.023255813953488372,0.0040746578239931885,0.0040746578239931885,1.0,-0.01974839248148047,"atr_ceiling=0.03,atr_floor=0.0006,bb_width=0.0025,close_pos=0.35,macro_limit=0.055,min_dist=0.0035,rsi_2=14,volume_mult=0.7,z_entry=1.8"
25,OP,vwap_stretch_reversion,long,market_aligned,12,5.0,0.0,0.0,12,0.013245033112582781,0.0048316772891332516,5.320149029763854e-06,-0.0003007886615727928,0.020114942528735632,2,0.5,1.0737599429340294,0.04189294036866331,0.027002538747393112,7.656730741012474e-05,0.020114942528735632,-0.020543584844568752,-0.0003007886615727928,0.028985507246376812,0.010035667631122847,0.003334094006729016,0.6666666666666666,-0.04027487666592411,"atr_ceiling=0.018,atr_floor=0.0012,bb_width=0.0025,close_pos=0.35,macro_limit=0.055,min_dist=0.002,rsi_2=10,volume_mult=0.7,z_entry=1.8"
26,OP,vwap_stretch_reversion,long,market_aligned,12,5.0,0.0,0.0,12,0.013245033112582781,0.0048316772891332516,5.320149029763854e-06,-0.0003007886615727928,0.020114942528735632,2,0.5,1.0737599429340294,0.04189294036866331,0.027002538747393112,7.656730741012474e-05,0.020114942528735632,-0.020543584844568752,-0.0003007886615727928,0.028985507246376812,0.010035667631122847,0.003334094006729016,0.6666666666666666,-0.04027487666592411,"atr_ceiling=0.03,atr_floor=0.0012,bb_width=0.0025,close_pos=0.35,macro_limit=0.055,min_dist=0.002,rsi_2=10,volume_mult=0.7,z_entry=1.8"
27,OP,vwap_stretch_reversion,long,market_aligned,12,5.0,0.0,0.0,13,0.01434878587196468,-0.00559512468151846,-6.192956567119268e-06,-0.0003007886615727928,0.022988505747126436,2,0.46153846153846156,0.9658640246589351,0.04189294036866331,0.016345677168581263,4.659167364473582e-05,0.022988505747126436,-0.020543584844568752,-0.0003007886615727928,0.028985507246376812,0.010035667631122847,0.003334094006729016,0.6666666666666666,-0.042476242815223886,"atr_ceiling=0.018,atr_floor=0.0006,bb_width=0.0025,close_pos=0.35,macro_limit=0.055,min_dist=0.002,rsi_2=10,volume_mult=0.7,z_entry=1.8"
28,OP,vwap_stretch_reversion,long,market_aligned,12,5.0,0.0,0.0,13,0.01434878587196468,-0.00559512468151846,-6.192956567119268e-06,-0.0003007886615727928,0.022988505747126436,2,0.46153846153846156,0.9658640246589351,0.04189294036866331,0.016345677168581263,4.659167364473582e-05,0.022988505747126436,-0.020543584844568752,-0.0003007886615727928,0.028985507246376812,0.010035667631122847,0.003334094006729016,0.6666666666666666,-0.042476242815223886,"atr_ceiling=0.03,atr_floor=0.0006,bb_width=0.0025,close_pos=0.35,macro_limit=0.055,min_dist=0.002,rsi_2=10,volume_mult=0.7,z_entry=1.8"
29,OP,vwap_stretch_reversion,short,market_chop,8,5.0,0.0,0.0,55,0.051837888784165884,-0.04111666459423291,-3.9571190497911246e-05,-1.536627958487191e-05,0.03934426229508197,2,0.4727272727272727,0.9121985376645789,0.15172126471825698,0.009953085581844157,2.829719994501545e-05,0.08285714285714285,-0.004675785601487403,-1.536627958487191e-05,0.03934426229508197,0.00874570446735401,0.00874570446735401,1.0,-0.06975457539371585,"atr_ceiling=0.018,atr_floor=0.0006,bb_width=0.0025,close_pos=0.35,macro_limit=0.055,min_dist=0.002,rsi_2=10,volume_mult=0.7,z_entry=1.8"
30,OP,vwap_stretch_reversion,short,market_chop,8,5.0,0.0,0.0,55,0.051837888784165884,-0.04111666459423291,-3.9571190497911246e-05,-1.536627958487191e-05,0.03934426229508197,2,0.4727272727272727,0.9121985376645789,0.15172126471825698,0.009953085581844157,2.829719994501545e-05,0.08285714285714285,-0.004675785601487403,-1.536627958487191e-05,0.03934426229508197,0.00874570446735401,0.00874570446735401,1.0,-0.06975457539371585,"atr_ceiling=0.03,atr_floor=0.0006,bb_width=0.0025,close_pos=0.35,macro_limit=0.055,min_dist=0.002,rsi_2=10,volume_mult=0.7,z_entry=1.8"
31,BCH,vwap_stretch_reversion,long,market_chop,8,5.0,0.0,0.0,66,0.062088428974600186,0.01071108207551541,1.0022745233095876e-05,-0.0003609758008805697,0.04964539007092199,2,0.36363636363636365,1.0568663291101037,0.07048333268651297,0.0074701914697099525,2.2621616869278327e-05,0.10638297872340426,0.027860507774010834,8.92230223417112e-05,0.05519480519480519,-0.04963273706709448,-0.0003609758008805697,0.04964539007092199,-0.10420315164404917,"atr_ceiling=0.018,atr_floor=0.0006,bb_width=0.0025,close_pos=0.35,macro_limit=0.055,min_dist=0.002,rsi_2=14,volume_mult=0.7,z_entry=2.4"
32,BCH,vwap_stretch_reversion,long,market_chop,8,5.0,0.0,0.0,66,0.062088428974600186,0.01071108207551541,1.0022745233095876e-05,-0.0003609758008805697,0.04964539007092199,2,0.36363636363636365,1.0568663291101037,0.07048333268651297,0.0074701914697099525,2.2621616869278327e-05,0.10638297872340426,0.027860507774010834,8.92230223417112e-05,0.05519480519480519,-0.04963273706709448,-0.0003609758008805697,0.04964539007092199,-0.10420315164404917,"atr_ceiling=0.03,atr_floor=0.0006,bb_width=0.0025,close_pos=0.35,macro_limit=0.055,min_dist=0.002,rsi_2=14,volume_mult=0.7,z_entry=2.4"
33,OP,vwap_stretch_reversion,long,market_aligned,12,5.0,0.0,0.0,8,0.008830022075055188,-0.0684188270768511,-7.822205150675998e-05,-0.0002480482967237574,0.014035087719298246,2,0.25,0.14366560930081285,0.06826098818183857,-0.06826098818183857,-0.0002480482967237574,0.014035087719298246,0.0008978070880922839,0.0008978070880922839,1.0,0.010035667631122847,0.003334094006729016,0.6666666666666666,-0.11085070775505851,"atr_ceiling=0.018,atr_floor=0.0006,bb_width=0.0025,close_pos=0.35,macro_limit=0.055,min_dist=0.002,rsi_2=10,volume_mult=0.7,z_entry=2.4"
34,OP,vwap_stretch_reversion,long,market_aligned,12,5.0,0.0,0.0,8,0.008830022075055188,-0.0684188270768511,-7.822205150675998e-05,-0.0002480482967237574,0.014035087719298246,2,0.25,0.14366560930081285,0.06826098818183857,-0.06826098818183857,-0.0002480482967237574,0.014035087719298246,0.0008978070880922839,0.0008978070880922839,1.0,0.010035667631122847,0.003334094006729016,0.6666666666666666,-0.11085070775505851,"atr_ceiling=0.03,atr_floor=0.0006,bb_width=0.0025,close_pos=0.35,macro_limit=0.055,min_dist=0.002,rsi_2=10,volume_mult=0.7,z_entry=2.4"
35,BNB,vwap_stretch_reversion,long,market_aligned,3,5.0,0.0,0.0,11,0.012168141592920354,-0.004582714865533077,-5.081013302765669e-06,-3.39173935877124e-05,0.016129032258064516,1,0.45454545454545453,0.852654643639824,0.017766133388830596,0.0014648610986862654,0.0002928007050193582,0.6,-0.010459485465642016,-3.39173935877124e-05,0.016129032258064516,0.0,0.0,0.0,-0.11181159429084,"atr_ceiling=0.018,atr_floor=0.0006,bb_width=0.0025,close_pos=0.35,macro_limit=0.055,min_dist=0.002,rsi_2=14,volume_mult=0.7,z_entry=2.4"
36,BNB,vwap_stretch_reversion,long,market_aligned,3,5.0,0.0,0.0,11,0.012168141592920354,-0.004582714865533077,-5.081013302765669e-06,-3.39173935877124e-05,0.016129032258064516,1,0.45454545454545453,0.852654643639824,0.017766133388830596,0.0014648610986862654,0.0002928007050193582,0.6,-0.010459485465642016,-3.39173935877124e-05,0.016129032258064516,0.0,0.0,0.0,-0.11181159429084,"atr_ceiling=0.03,atr_floor=0.0006,bb_width=0.0025,close_pos=0.35,macro_limit=0.055,min_dist=0.002,rsi_2=14,volume_mult=0.7,z_entry=2.4"
37,BNB,vwap_stretch_reversion,long,market_aligned,12,5.0,0.0,0.0,9,0.010101010101010102,0.08074867187857326,8.715757541510882e-05,-7.216646050423048e-05,0.008968609865470852,1,0.3333333333333333,3.391173622669004,0.02355437430726659,0.07206765737593757,0.0006758513320468396,0.038834951456310676,-0.01584294411368714,-7.16108215876865e-05,0.008968609865470852,-0.007835568670119142,-7.216646050423048e-05,0.01834862385321101,-0.11302615761884241,"atr_ceiling=0.018,atr_floor=0.0012,bb_width=0.0025,close_pos=0.35,macro_limit=0.055,min_dist=0.002,rsi_2=14,volume_mult=0.7,z_entry=1.8"
38,BNB,vwap_stretch_reversion,long,market_aligned,12,5.0,0.0,0.0,9,0.010101010101010102,0.08074867187857326,8.715757541510882e-05,-7.216646050423048e-05,0.008968609865470852,1,0.3333333333333333,3.391173622669004,0.02355437430726659,0.07206765737593757,0.0006758513320468396,0.038834951456310676,-0.01584294411368714,-7.16108215876865e-05,0.008968609865470852,-0.007835568670119142,-7.216646050423048e-05,0.01834862385321101,-0.11302615761884241,"atr_ceiling=0.03,atr_floor=0.0012,bb_width=0.0025,close_pos=0.35,macro_limit=0.055,min_dist=0.002,rsi_2=14,volume_mult=0.7,z_entry=1.8"
39,SUI,vwap_stretch_reversion,short,market_aligned,8,5.0,0.0,0.0,15,0.018427518427518427,0.09911990087132794,0.00011611210835682506,-2.52869662327182e-05,0.020338983050847456,1,0.4,2.2107089239146216,0.05485677658177268,0.08121377434029009,0.00026472749245298743,0.020338983050847456,-0.0073566935745676965,-2.52869662327182e-05,0.023972602739726026,0.0,0.0,0.0,-0.11754968221034298,"atr_ceiling=0.018,atr_floor=0.0006,bb_width=0.0025,close_pos=0.35,macro_limit=0.055,min_dist=0.0035,rsi_2=10,volume_mult=0.7,z_entry=2.4"
40,SUI,vwap_stretch_reversion,short,market_aligned,8,5.0,0.0,0.0,15,0.018427518427518427,0.09911990087132794,0.00011611210835682506,-2.52869662327182e-05,0.020338983050847456,1,0.4,2.2107089239146216,0.05485677658177268,0.08121377434029009,0.00026472749245298743,0.020338983050847456,-0.0073566935745676965,-2.52869662327182e-05,0.023972602739726026,0.0,0.0,0.0,-0.11754968221034298,"atr_ceiling=0.03,atr_floor=0.0006,bb_width=0.0025,close_pos=0.35,macro_limit=0.055,min_dist=0.0035,rsi_2=10,volume_mult=0.7,z_entry=2.4"
41,BNB,vwap_stretch_reversion,long,market_aligned,8,5.0,0.0,0.0,9,0.010101010101010102,0.04805091751560786,5.2674978898936686e-05,-6.914349242326256e-05,0.008968609865470852,1,0.5555555555555556,3.0072084333542493,0.02178598290948708,0.04032817365249297,0.00038392042583490493,0.038834951456310676,-0.01530125959622397,-6.914349242326256e-05,0.008968609865470852,-0.002537665391915467,-2.3310652361496764e-05,0.01834862385321101,-0.11903043195064669,"atr_ceiling=0.018,atr_floor=0.0012,bb_width=0.0025,close_pos=0.35,macro_limit=0.055,min_dist=0.002,rsi_2=14,volume_mult=0.7,z_entry=1.8"
42,BNB,vwap_stretch_reversion,long,market_aligned,8,5.0,0.0,0.0,9,0.010101010101010102,0.04805091751560786,5.2674978898936686e-05,-6.914349242326256e-05,0.008968609865470852,1,0.5555555555555556,3.0072084333542493,0.02178598290948708,0.04032817365249297,0.00038392042583490493,0.038834951456310676,-0.01530125959622397,-6.914349242326256e-05,0.008968609865470852,-0.002537665391915467,-2.3310652361496764e-05,0.01834862385321101,-0.11903043195064669,"atr_ceiling=0.03,atr_floor=0.0012,bb_width=0.0025,close_pos=0.35,macro_limit=0.055,min_dist=0.002,rsi_2=14,volume_mult=0.7,z_entry=1.8"
43,TRX,vwap_stretch_reversion,short,market_chop,3,5.0,0.0,0.0,8,0.011544011544011544,0.02940171404838976,4.1815842987791285e-05,-9.987443363923543e-05,0.023255813953488372,1,0.375,1.9603747962078695,0.02788245549947077,0.049402179913596855,0.0003738733582172582,0.023255813953488372,-0.015263740877126453,-9.987443363923543e-05,0.025974025974025976,0.0,0.0,0.0,-0.13570816596113272,"atr_ceiling=0.018,atr_floor=0.0006,bb_width=0.0025,close_pos=0.35,macro_limit=0.055,min_dist=0.0035,rsi_2=10,volume_mult=0.7,z_entry=1.8"
44,TRX,vwap_stretch_reversion,short,market_chop,3,5.0,0.0,0.0,8,0.011544011544011544,0.02940171404838976,4.1815842987791285e-05,-9.987443363923543e-05,0.023255813953488372,1,0.375,1.9603747962078695,0.02788245549947077,0.049402179913596855,0.0003738733582172582,0.023255813953488372,-0.015263740877126453,-9.987443363923543e-05,0.025974025974025976,0.0,0.0,0.0,-0.13570816596113272,"atr_ceiling=0.03,atr_floor=0.0006,bb_width=0.0025,close_pos=0.35,macro_limit=0.055,min_dist=0.0035,rsi_2=10,volume_mult=0.7,z_entry=1.8"
45,SUI,vwap_stretch_reversion,short,market_aligned,3,5.0,0.0,0.0,13,0.01597051597051597,0.04836038666428144,5.802061088289179e-05,-5.287464321190871e-05,0.017123287671232876,1,0.46153846153846156,1.6625137804227699,0.048834215525134006,-0.015477406675660443,-5.287464321190871e-05,0.020338983050847456,0.03869398775185262,0.00013002264053874057,0.017123287671232876,0.0,0.0,0.0,-0.14265947583018496,"atr_ceiling=0.018,atr_floor=0.0012,bb_width=0.0025,close_pos=0.35,macro_limit=0.055,min_dist=0.0035,rsi_2=10,volume_mult=0.7,z_entry=2.4"
46,SUI,vwap_stretch_reversion,short,market_aligned,3,5.0,0.0,0.0,13,0.01597051597051597,0.04836038666428144,5.802061088289179e-05,-5.287464321190871e-05,0.017123287671232876,1,0.46153846153846156,1.6625137804227699,0.048834215525134006,-0.015477406675660443,-5.287464321190871e-05,0.020338983050847456,0.03869398775185262,0.00013002264053874057,0.017123287671232876,0.0,0.0,0.0,-0.14265947583018496,"atr_ceiling=0.03,atr_floor=0.0012,bb_width=0.0025,close_pos=0.35,macro_limit=0.055,min_dist=0.0035,rsi_2=10,volume_mult=0.7,z_entry=2.4"
47,BNB,vwap_stretch_reversion,long,market_aligned,8,5.0,0.0,0.0,11,0.012168141592920354,0.0010457584954484123,1.1562087114391773e-06,-8.698538641738196e-05,0.016129032258064516,1,0.36363636363636365,1.037357438131282,0.02660628919058905,0.011424126900492215,0.0022744555252622867,0.6,-0.02660628919058894,-8.698538641738196e-05,0.016129032258064516,0.0,0.0,0.0,-0.15071526671895727,"atr_ceiling=0.018,atr_floor=0.0006,bb_width=0.0025,close_pos=0.35,macro_limit=0.055,min_dist=0.002,rsi_2=14,volume_mult=0.7,z_entry=2.4"
48,BNB,vwap_stretch_reversion,long,market_aligned,8,5.0,0.0,0.0,11,0.012168141592920354,0.0010457584954484123,1.1562087114391773e-06,-8.698538641738196e-05,0.016129032258064516,1,0.36363636363636365,1.037357438131282,0.02660628919058905,0.011424126900492215,0.0022744555252622867,0.6,-0.02660628919058894,-8.698538641738196e-05,0.016129032258064516,0.0,0.0,0.0,-0.15071526671895727,"atr_ceiling=0.03,atr_floor=0.0006,bb_width=0.0025,close_pos=0.35,macro_limit=0.055,min_dist=0.002,rsi_2=14,volume_mult=0.7,z_entry=2.4"
49,SUI,vwap_stretch_reversion,short,market_aligned,3,5.0,0.0,0.0,14,0.0171990171990172,0.04415512851844672,5.308257462477428e-05,-6.649870535602176e-05,0.017123287671232876,1,0.42857142857142855,1.5775199281476613,0.048834215525133895,-0.019426594100138472,-6.649870535602176e-05,0.023728813559322035,0.03869398775185262,0.00013002264053874057,0.017123287671232876,0.0,0.0,0.0,-0.15149533266182164,"atr_ceiling=0.018,atr_floor=0.0012,bb_width=0.0025,close_pos=0.35,macro_limit=0.055,min_dist=0.002,rsi_2=10,volume_mult=0.7,z_entry=2.4"
50,SUI,vwap_stretch_reversion,short,market_aligned,3,5.0,0.0,0.0,14,0.0171990171990172,0.04415512851844672,5.308257462477428e-05,-6.649870535602176e-05,0.017123287671232876,1,0.42857142857142855,1.5775199281476613,0.048834215525133895,-0.019426594100138472,-6.649870535602176e-05,0.023728813559322035,0.03869398775185262,0.00013002264053874057,0.017123287671232876,0.0,0.0,0.0,-0.15149533266182164,"atr_ceiling=0.03,atr_floor=0.0012,bb_width=0.0025,close_pos=0.35,macro_limit=0.055,min_dist=0.002,rsi_2=10,volume_mult=0.7,z_entry=2.4"
51,TRX,vwap_stretch_reversion,short,market_aligned,12,5.0,0.0,0.0,10,0.015360983102918587,-0.0011578823544693417,-1.779650057209814e-06,-0.00013248438261259654,0.056451612903225805,1,0.5,0.9936645906982711,0.0305552522973368,0.0018107237941928922,0.0018107237941928922,1.0,-0.016294929316002738,-0.00013248438261259654,0.056451612903225805,0.0,0.0,0.0,-0.15198996992095345,"atr_ceiling=0.018,atr_floor=0.0006,bb_width=0.0025,close_pos=0.35,macro_limit=0.055,min_dist=0.0035,rsi_2=10,volume_mult=0.7,z_entry=1.8"
52,TRX,vwap_stretch_reversion,short,market_aligned,12,5.0,0.0,0.0,10,0.015360983102918587,-0.0011578823544693417,-1.779650057209814e-06,-0.00013248438261259654,0.056451612903225805,1,0.5,0.9936645906982711,0.0305552522973368,0.0018107237941928922,0.0018107237941928922,1.0,-0.016294929316002738,-0.00013248438261259654,0.056451612903225805,0.0,0.0,0.0,-0.15198996992095345,"atr_ceiling=0.03,atr_floor=0.0006,bb_width=0.0025,close_pos=0.35,macro_limit=0.055,min_dist=0.0035,rsi_2=10,volume_mult=0.7,z_entry=1.8"
53,SUI,vwap_stretch_reversion,short,market_aligned,3,5.0,0.0,0.0,15,0.018427518427518427,0.02849942325002952,3.452254839886315e-05,-5.287464321190871e-05,0.020338983050847456,1,0.4,1.3240725674829281,0.05217764279036319,-0.015477406675660443,-5.287464321190871e-05,0.020338983050847456,0.01901615219858188,6.451442734967117e-05,0.023972602739726026,0.0,0.0,0.0,-0.15225586898752932,"atr_ceiling=0.018,atr_floor=0.0006,bb_width=0.0025,close_pos=0.35,macro_limit=0.055,min_dist=0.0035,rsi_2=10,volume_mult=0.7,z_entry=2.4"
54,SUI,vwap_stretch_reversion,short,market_aligned,3,5.0,0.0,0.0,15,0.018427518427518427,0.02849942325002952,3.452254839886315e-05,-5.287464321190871e-05,0.020338983050847456,1,0.4,1.3240725674829281,0.05217764279036319,-0.015477406675660443,-5.287464321190871e-05,0.020338983050847456,0.01901615219858188,6.451442734967117e-05,0.023972602739726026,0.0,0.0,0.0,-0.15225586898752932,"atr_ceiling=0.03,atr_floor=0.0006,bb_width=0.0025,close_pos=0.35,macro_limit=0.055,min_dist=0.0035,rsi_2=10,volume_mult=0.7,z_entry=2.4"
55,OP,vwap_stretch_reversion,short,market_chop,12,5.0,0.0,0.0,13,0.015931372549019607,0.056701103184730206,6.759038272363682e-05,-7.39746507359973e-05,0.02262443438914027,1,0.6153846153846154,1.7936320606818787,0.05523380216975349,0.07070897729248204,0.00030919269815155026,0.02262443438914027,-0.018832596747583308,-7.39746507359973e-05,0.023346303501945526,0.0,0.0,0.0,-0.15583148507602732,"atr_ceiling=0.018,atr_floor=0.0012,bb_width=0.0025,close_pos=0.35,macro_limit=0.055,min_dist=0.0035,rsi_2=10,volume_mult=0.7,z_entry=2.4"
56,OP,vwap_stretch_reversion,short,market_chop,12,5.0,0.0,0.0,13,0.015931372549019607,0.056701103184730206,6.759038272363682e-05,-7.39746507359973e-05,0.02262443438914027,1,0.6153846153846154,1.7936320606818787,0.05523380216975349,0.07070897729248204,0.00030919269815155026,0.02262443438914027,-0.018832596747583308,-7.39746507359973e-05,0.023346303501945526,0.0,0.0,0.0,-0.15583148507602732,"atr_ceiling=0.03,atr_floor=0.0012,bb_width=0.0025,close_pos=0.35,macro_limit=0.055,min_dist=0.0035,rsi_2=10,volume_mult=0.7,z_entry=2.4"
57,OP,vwap_stretch_reversion,short,market_chop,12,5.0,0.0,0.0,16,0.0196078431372549,0.06694750415230266,7.941708918735024e-05,-8.034402106937844e-05,0.027237354085603113,1,0.625,1.9071256844327487,0.056779170644335686,0.08286246155871102,0.0003602819099999266,0.03167420814479638,-0.020437507228881713,-8.034402106937844e-05,0.027237354085603113,0.0,0.0,0.0,-0.15611821403969095,"atr_ceiling=0.018,atr_floor=0.0012,bb_width=0.0025,close_pos=0.35,macro_limit=0.055,min_dist=0.002,rsi_2=10,volume_mult=0.7,z_entry=2.4"
58,OP,vwap_stretch_reversion,short,market_chop,12,5.0,0.0,0.0,16,0.0196078431372549,0.06694750415230266,7.941708918735024e-05,-8.034402106937844e-05,0.027237354085603113,1,0.625,1.9071256844327487,0.056779170644335686,0.08286246155871102,0.0003602819099999266,0.03167420814479638,-0.020437507228881713,-8.034402106937844e-05,0.027237354085603113,0.0,0.0,0.0,-0.15611821403969095,"atr_ceiling=0.03,atr_floor=0.0012,bb_width=0.0025,close_pos=0.35,macro_limit=0.055,min_dist=0.002,rsi_2=10,volume_mult=0.7,z_entry=2.4"
59,SUI,vwap_stretch_reversion,short,market_aligned,3,5.0,0.0,0.0,17,0.020884520884520884,0.025780025752181857,3.126992858693001e-05,-6.649870535602176e-05,0.023728813559322035,1,0.4117647058823529,1.2836746510650796,0.05217764279036308,-0.019426594100138472,-6.649870535602176e-05,0.023728813559322035,0.020414990458871074,6.921266202009058e-05,0.0273972602739726,0.0,0.0,0.0,-0.15941494101784073,"atr_ceiling=0.018,atr_floor=0.0006,bb_width=0.0025,close_pos=0.35,macro_limit=0.055,min_dist=0.002,rsi_2=10,volume_mult=0.7,z_entry=2.4"
60,SUI,vwap_stretch_reversion,short,market_aligned,3,5.0,0.0,0.0,17,0.020884520884520884,0.025780025752181857,3.126992858693001e-05,-6.649870535602176e-05,0.023728813559322035,1,0.4117647058823529,1.2836746510650796,0.05217764279036308,-0.019426594100138472,-6.649870535602176e-05,0.023728813559322035,0.020414990458871074,6.921266202009058e-05,0.0273972602739726,0.0,0.0,0.0,-0.15941494101784073,"atr_ceiling=0.03,atr_floor=0.0006,bb_width=0.0025,close_pos=0.35,macro_limit=0.055,min_dist=0.002,rsi_2=10,volume_mult=0.7,z_entry=2.4"
61,BCH,vwap_stretch_reversion,short,market_chop,3,5.0,0.0,0.0,74,0.07020872865275142,-0.08996200539945054,-8.94352110919483e-05,-0.00023489949001187505,0.07038123167155426,2,0.4594594594594595,0.807996807323509,0.12663808995555237,0.04417504559758756,0.0001242236450107459,0.07758620689655173,-0.07698531578216428,-0.00023489949001187505,0.07038123167155426,0.005521914840132203,5.2446374890324776e-05,0.08571428571428572,-0.16725718119803248,"atr_ceiling=0.018,atr_floor=0.0012,bb_width=0.0025,close_pos=0.35,macro_limit=0.055,min_dist=0.0035,rsi_2=14,volume_mult=0.7,z_entry=1.8"
62,BCH,vwap_stretch_reversion,short,market_chop,3,5.0,0.0,0.0,74,0.07020872865275142,-0.08996200539945054,-8.94352110919483e-05,-0.00023489949001187505,0.07038123167155426,2,0.4594594594594595,0.807996807323509,0.12663808995555237,0.04417504559758756,0.0001242236450107459,0.07758620689655173,-0.07698531578216428,-0.00023489949001187505,0.07038123167155426,0.005521914840132203,5.2446374890324776e-05,0.08571428571428572,-0.16725718119803248,"atr_ceiling=0.03,atr_floor=0.0012,bb_width=0.0025,close_pos=0.35,macro_limit=0.055,min_dist=0.0035,rsi_2=14,volume_mult=0.7,z_entry=1.8"
63,SUI,vwap_stretch_reversion,short,market_aligned,12,5.0,0.0,0.0,14,0.0171990171990172,0.08896409940026917,0.00010470680426521994,-0.00013471690511679402,0.017123287671232876,1,0.6428571428571429,2.142633884484473,0.04599775156875008,0.11589189569395719,0.0003717775382785504,0.023728813559322035,-0.03857621727709237,-0.00013471690511679402,0.017123287671232876,0.0,0.0,0.0,-0.17050077539591513,"atr_ceiling=0.018,atr_floor=0.0012,bb_width=0.0025,close_pos=0.35,macro_limit=0.055,min_dist=0.002,rsi_2=10,volume_mult=0.7,z_entry=2.4"
64,SUI,vwap_stretch_reversion,short,market_aligned,12,5.0,0.0,0.0,14,0.0171990171990172,0.08896409940026917,0.00010470680426521994,-0.00013471690511679402,0.017123287671232876,1,0.6428571428571429,2.142633884484473,0.04599775156875008,0.11589189569395719,0.0003717775382785504,0.023728813559322035,-0.03857621727709237,-0.00013471690511679402,0.017123287671232876,0.0,0.0,0.0,-0.17050077539591513,"atr_ceiling=0.03,atr_floor=0.0012,bb_width=0.0025,close_pos=0.35,macro_limit=0.055,min_dist=0.002,rsi_2=10,volume_mult=0.7,z_entry=2.4"
65,TRX,vwap_stretch_reversion,short,market_aligned,3,5.0,0.0,0.0,9,0.011406844106463879,0.0038068553450854026,4.815762684184932e-06,-0.00010619091283392557,0.008583690987124463,1,0.4444444444444444,1.111212779231047,0.0399568457681162,0.025397530487245135,8.116954657322317e-05,0.019417475728155338,-0.024440178142910884,-0.00010619091283392557,0.008583690987124463,0.0,0.0,0.0,-0.1745370935645882,"atr_ceiling=0.018,atr_floor=0.0012,bb_width=0.0025,close_pos=0.35,macro_limit=0.055,min_dist=0.002,rsi_2=14,volume_mult=0.7,z_entry=1.8"
66,TRX,vwap_stretch_reversion,short,market_aligned,3,5.0,0.0,0.0,9,0.011406844106463879,0.0038068553450854026,4.815762684184932e-06,-0.00010619091283392557,0.008583690987124463,1,0.4444444444444444,1.111212779231047,0.0399568457681162,0.025397530487245135,8.116954657322317e-05,0.019417475728155338,-0.024440178142910884,-0.00010619091283392557,0.008583690987124463,0.0,0.0,0.0,-0.1745370935645882,"atr_ceiling=0.03,atr_floor=0.0012,bb_width=0.0025,close_pos=0.35,macro_limit=0.055,min_dist=0.002,rsi_2=14,volume_mult=0.7,z_entry=1.8"
67,SUI,vwap_stretch_reversion,short,market_aligned,12,5.0,0.0,0.0,13,0.01597051597051597,0.07566948189244327,8.961487707725979e-05,-0.00013471690511679402,0.017123287671232876,1,0.6153846153846154,1.983481134110986,0.04599775156874997,0.10226853020238202,0.00033012348339989117,0.020338983050847456,-0.03857621727709237,-0.00013471690511679402,0.017123287671232876,0.0,0.0,0.0,-0.17474494252697134,"atr_ceiling=0.018,atr_floor=0.0012,bb_width=0.0025,close_pos=0.35,macro_limit=0.055,min_dist=0.0035,rsi_2=10,volume_mult=0.7,z_entry=2.4"
68,SUI,vwap_stretch_reversion,short,market_aligned,12,5.0,0.0,0.0,13,0.01597051597051597,0.07566948189244327,8.961487707725979e-05,-0.00013471690511679402,0.017123287671232876,1,0.6153846153846154,1.983481134110986,0.04599775156874997,0.10226853020238202,0.00033012348339989117,0.020338983050847456,-0.03857621727709237,-0.00013471690511679402,0.017123287671232876,0.0,0.0,0.0,-0.17474494252697134,"atr_ceiling=0.03,atr_floor=0.0012,bb_width=0.0025,close_pos=0.35,macro_limit=0.055,min_dist=0.0035,rsi_2=10,volume_mult=0.7,z_entry=2.4"
69,BNB,vwap_stretch_reversion,long,market_chop,12,5.0,0.0,0.0,9,0.00932642487046632,-0.016648827681256084,-1.7397752429149094e-05,-0.0007337234151894023,0.042105263157894736,2,0.4444444444444444,0.7019871186374512,0.026802221740305443,0.005301862612069996,5.5663204083789e-05,0.042105263157894736,-0.021060845391977057,-0.0007337234151894023,0.10344827586206896,0.0029285272277230767,0.0029285272277230767,1.0,-0.1763273883501933,"atr_ceiling=0.018,atr_floor=0.0012,bb_width=0.0025,close_pos=0.35,macro_limit=0.055,min_dist=0.0035,rsi_2=14,volume_mult=0.7,z_entry=2.4"
70,BNB,vwap_stretch_reversion,long,market_chop,12,5.0,0.0,0.0,9,0.00932642487046632,-0.016648827681256084,-1.7397752429149094e-05,-0.0007337234151894023,0.042105263157894736,2,0.4444444444444444,0.7019871186374512,0.026802221740305443,0.005301862612069996,5.5663204083789e-05,0.042105263157894736,-0.021060845391977057,-0.0007337234151894023,0.10344827586206896,0.0029285272277230767,0.0029285272277230767,1.0,-0.1763273883501933,"atr_ceiling=0.03,atr_floor=0.0012,bb_width=0.0025,close_pos=0.35,macro_limit=0.055,min_dist=0.0035,rsi_2=14,volume_mult=0.7,z_entry=2.4"
71,BNB,vwap_stretch_reversion,long,market_chop,12,5.0,0.0,0.0,9,0.00932642487046632,-0.026781326988951193,-2.8130672748094554e-05,-0.00010199077514172483,0.009523809523809525,1,0.3333333333333333,0.5507805241070224,0.04551900535350706,-0.0026760369356686464,-1.2760032510161778e-05,0.009523809523809525,-0.017891303497171607,-0.00010199077514172483,0.022598870056497175,0.0029285272277230767,0.0029285272277230767,1.0,-0.18464814167914245,"atr_ceiling=0.018,atr_floor=0.0012,bb_width=0.0025,close_pos=0.35,macro_limit=0.055,min_dist=0.002,rsi_2=10,volume_mult=0.7,z_entry=1.8"
72,BNB,vwap_stretch_reversion,long,market_chop,12,5.0,0.0,0.0,9,0.00932642487046632,-0.026781326988951193,-2.8130672748094554e-05,-0.00010199077514172483,0.009523809523809525,1,0.3333333333333333,0.5507805241070224,0.04551900535350706,-0.0026760369356686464,-1.2760032510161778e-05,0.009523809523809525,-0.017891303497171607,-0.00010199077514172483,0.022598870056497175,0.0029285272277230767,0.0029285272277230767,1.0,-0.18464814167914245,"atr_ceiling=0.03,atr_floor=0.0012,bb_width=0.0025,close_pos=0.35,macro_limit=0.055,min_dist=0.002,rsi_2=10,volume_mult=0.7,z_entry=1.8"
73,OP,vwap_stretch_reversion,short,market_chop,8,5.0,0.0,0.0,13,0.015931372549019607,0.014048243644162683,1.7096324566479026e-05,-9.621031881867914e-05,0.02262443438914027,1,0.5384615384615384,1.2154356950144294,0.05791560254424821,0.04549960842273637,0.00020135450145253309,0.02262443438914027,-0.024424027583824448,-9.621031881867914e-05,0.023346303501945526,0.0,0.0,0.0,-0.1849613423814721,"atr_ceiling=0.018,atr_floor=0.0012,bb_width=0.0025,close_pos=0.35,macro_limit=0.055,min_dist=0.0035,rsi_2=10,volume_mult=0.7,z_entry=2.4"
74,OP,vwap_stretch_reversion,short,market_chop,8,5.0,0.0,0.0,13,0.015931372549019607,0.014048243644162683,1.7096324566479026e-05,-9.621031881867914e-05,0.02262443438914027,1,0.5384615384615384,1.2154356950144294,0.05791560254424821,0.04549960842273637,0.00020135450145253309,0.02262443438914027,-0.024424027583824448,-9.621031881867914e-05,0.023346303501945526,0.0,0.0,0.0,-0.1849613423814721,"atr_ceiling=0.03,atr_floor=0.0012,bb_width=0.0025,close_pos=0.35,macro_limit=0.055,min_dist=0.0035,rsi_2=10,volume_mult=0.7,z_entry=2.4"
75,OP,vwap_stretch_reversion,short,market_chop,8,5.0,0.0,0.0,16,0.0196078431372549,0.013232376111273592,1.610992504441633e-05,-9.621031881867914e-05,0.02280130293159609,1,0.5625,1.1596973964333492,0.05791560254424821,0.06906702062961534,0.00021756869647138188,0.02280130293159609,-0.024424027583824448,-9.621031881867914e-05,0.023346303501945526,0.0,0.0,0.0,-0.1851204831989666,"atr_ceiling=0.018,atr_floor=0.0006,bb_width=0.0025,close_pos=0.35,macro_limit=0.055,min_dist=0.0035,rsi_2=10,volume_mult=0.7,z_entry=2.4"
76,OP,vwap_stretch_reversion,short,market_chop,8,5.0,0.0,0.0,16,0.0196078431372549,0.013232376111273592,1.610992504441633e-05,-9.621031881867914e-05,0.02280130293159609,1,0.5625,1.1596973964333492,0.05791560254424821,0.06906702062961534,0.00021756869647138188,0.02280130293159609,-0.024424027583824448,-9.621031881867914e-05,0.023346303501945526,0.0,0.0,0.0,-0.1851204831989666,"atr_ceiling=0.03,atr_floor=0.0006,bb_width=0.0025,close_pos=0.35,macro_limit=0.055,min_dist=0.0035,rsi_2=10,volume_mult=0.7,z_entry=2.4"
77,OP,vwap_stretch_reversion,short,local_chop,3,5.0,0.0,0.0,9,0.019736842105263157,-0.027693116837640308,-6.158538629175148e-05,-0.00016645184019647985,0.0273972602739726,1,0.4444444444444444,0.5049748287882284,0.03358600696586245,-0.024011027642439342,-0.00016645184019647985,0.0410958904109589,0.004491032249537508,6.138513956077674e-05,0.0273972602739726,0.0,0.0,0.0,-0.19987115357986743,"atr_ceiling=0.018,atr_floor=0.0006,bb_width=0.0025,close_pos=0.35,macro_limit=0.055,min_dist=0.002,rsi_2=14,volume_mult=0.7,z_entry=1.8"
78,OP,vwap_stretch_reversion,short,local_chop,3,5.0,0.0,0.0,9,0.019736842105263157,-0.027693116837640308,-6.158538629175148e-05,-0.00016645184019647985,0.0273972602739726,1,0.4444444444444444,0.5049748287882284,0.03358600696586245,-0.024011027642439342,-0.00016645184019647985,0.0410958904109589,0.004491032249537508,6.138513956077674e-05,0.0273972602739726,0.0,0.0,0.0,-0.19987115357986743,"atr_ceiling=0.03,atr_floor=0.0006,bb_width=0.0025,close_pos=0.35,macro_limit=0.055,min_dist=0.002,rsi_2=14,volume_mult=0.7,z_entry=1.8"
79,OP,vwap_stretch_reversion,short,local_chop,3,5.0,0.0,0.0,9,0.019736842105263157,-0.027693116837640308,-6.158538629175148e-05,-0.00016645184019647985,0.0273972602739726,1,0.4444444444444444,0.5049748287882284,0.03358600696586245,-0.024011027642439342,-0.00016645184019647985,0.0410958904109589,0.004491032249537508,6.138513956077674e-05,0.0273972602739726,0.0,0.0,0.0,-0.19987115357986743,"atr_ceiling=0.018,atr_floor=0.0012,bb_width=0.0025,close_pos=0.35,macro_limit=0.055,min_dist=0.002,rsi_2=14,volume_mult=0.7,z_entry=1.8"
80,OP,vwap_stretch_reversion,short,local_chop,3,5.0,0.0,0.0,9,0.019736842105263157,-0.027693116837640308,-6.158538629175148e-05,-0.00016645184019647985,0.0273972602739726,1,0.4444444444444444,0.5049748287882284,0.03358600696586245,-0.024011027642439342,-0.00016645184019647985,0.0410958904109589,0.004491032249537508,6.138513956077674e-05,0.0273972602739726,0.0,0.0,0.0,-0.19987115357986743,"atr_ceiling=0.03,atr_floor=0.0012,bb_width=0.0025,close_pos=0.35,macro_limit=0.055,min_dist=0.002,rsi_2=14,volume_mult=0.7,z_entry=1.8"
81,OP,vwap_stretch_reversion,short,market_chop,12,5.0,0.0,0.0,16,0.0196078431372549,-0.021808783236600404,-2.7021828403195336e-05,-7.39746507359973e-05,0.02280130293159609,1,0.5625,0.8902586949326906,0.07426405603965203,0.02132314704413263,6.872871232777022e-05,0.02280130293159609,-0.018832596747583308,-7.39746507359973e-05,0.023346303501945526,0.0,0.0,0.0,-0.20599367048023043,"atr_ceiling=0.018,atr_floor=0.0006,bb_width=0.0025,close_pos=0.35,macro_limit=0.055,min_dist=0.0035,rsi_2=10,volume_mult=0.7,z_entry=2.4"
82,OP,vwap_stretch_reversion,short,market_chop,12,5.0,0.0,0.0,16,0.0196078431372549,-0.021808783236600404,-2.7021828403195336e-05,-7.39746507359973e-05,0.02280130293159609,1,0.5625,0.8902586949326906,0.07426405603965203,0.02132314704413263,6.872871232777022e-05,0.02280130293159609,-0.018832596747583308,-7.39746507359973e-05,0.023346303501945526,0.0,0.0,0.0,-0.20599367048023043,"atr_ceiling=0.03,atr_floor=0.0006,bb_width=0.0025,close_pos=0.35,macro_limit=0.055,min_dist=0.0035,rsi_2=10,volume_mult=0.7,z_entry=2.4"
83,OP,vwap_stretch_reversion,short,market_chop,8,5.0,0.0,0.0,16,0.0196078431372549,0.02729953838050725,3.300734851463538e-05,-0.0001315066990981162,0.027237354085603113,1,0.5,1.3447729400139459,0.06642373105177268,0.06881455130104763,0.000301177192362001,0.03167420814479638,-0.033234624346265784,-0.0001315066990981162,0.027237354085603113,0.0,0.0,0.0,-0.2079053321539926,"atr_ceiling=0.018,atr_floor=0.0012,bb_width=0.0025,close_pos=0.35,macro_limit=0.055,min_dist=0.002,rsi_2=10,volume_mult=0.7,z_entry=2.4"
84,OP,vwap_stretch_reversion,short,market_chop,8,5.0,0.0,0.0,16,0.0196078431372549,0.02729953838050725,3.300734851463538e-05,-0.0001315066990981162,0.027237354085603113,1,0.5,1.3447729400139459,0.06642373105177268,0.06881455130104763,0.000301177192362001,0.03167420814479638,-0.033234624346265784,-0.0001315066990981162,0.027237354085603113,0.0,0.0,0.0,-0.2079053321539926,"atr_ceiling=0.03,atr_floor=0.0012,bb_width=0.0025,close_pos=0.35,macro_limit=0.055,min_dist=0.002,rsi_2=10,volume_mult=0.7,z_entry=2.4"
85,TRX,vwap_stretch_reversion,short,market_contra,3,5.0,0.0,0.0,16,0.027923211169284468,-0.047335672016932895,-8.462585017343649e-05,-3.9048640411709634e-05,0.028925619834710745,1,0.3125,0.6479401752674281,0.08266201026868025,-0.009405444973245358,-3.9048640411709634e-05,0.028925619834710745,0.0078101697738073295,0.00018525116347212212,0.09523809523809523,0.0,0.0,0.0,-0.21165098555554945,"atr_ceiling=0.018,atr_floor=0.0012,bb_width=0.0025,close_pos=0.35,macro_limit=0.055,min_dist=0.002,rsi_2=14,volume_mult=0.7,z_entry=2.4"
86,TRX,vwap_stretch_reversion,short,market_contra,3,5.0,0.0,0.0,16,0.027923211169284468,-0.047335672016932895,-8.462585017343649e-05,-3.9048640411709634e-05,0.028925619834710745,1,0.3125,0.6479401752674281,0.08266201026868025,-0.009405444973245358,-3.9048640411709634e-05,0.028925619834710745,0.0078101697738073295,0.00018525116347212212,0.09523809523809523,0.0,0.0,0.0,-0.21165098555554945,"atr_ceiling=0.03,atr_floor=0.0012,bb_width=0.0025,close_pos=0.35,macro_limit=0.055,min_dist=0.002,rsi_2=14,volume_mult=0.7,z_entry=2.4"
87,TRX,vwap_stretch_reversion,long,market_aligned,8,5.0,0.0,0.0,13,0.01752021563342318,-0.019775602164175843,-2.691844651336872e-05,-0.00014712246298820286,0.01904761904761905,1,0.3076923076923077,0.6631635212108399,0.045289365812465676,0.0204176492292385,9.489653769190198e-05,0.028169014084507043,-0.045289365812465676,-0.00014712246298820286,0.01904761904761905,0.0,0.0,0.0,-0.21462157684201305,"atr_ceiling=0.018,atr_floor=0.0006,bb_width=0.0025,close_pos=0.35,macro_limit=0.055,min_dist=0.0035,rsi_2=10,volume_mult=0.7,z_entry=2.4"
88,TRX,vwap_stretch_reversion,long,market_aligned,8,5.0,0.0,0.0,13,0.01752021563342318,-0.019775602164175843,-2.691844651336872e-05,-0.00014712246298820286,0.01904761904761905,1,0.3076923076923077,0.6631635212108399,0.045289365812465676,0.0204176492292385,9.489653769190198e-05,0.028169014084507043,-0.045289365812465676,-0.00014712246298820286,0.01904761904761905,0.0,0.0,0.0,-0.21462157684201305,"atr_ceiling=0.03,atr_floor=0.0006,bb_width=0.0025,close_pos=0.35,macro_limit=0.055,min_dist=0.0035,rsi_2=10,volume_mult=0.7,z_entry=2.4"
89,BNB,vwap_stretch_reversion,long,market_chop,12,5.0,0.0,0.0,20,0.02072538860103627,-0.019402430653639335,-2.0303553993294976e-05,-0.00014572855285299724,0.022508038585209004,1,0.5,0.8781519835598548,0.05056216386024448,-0.04431305465077895,-0.00014572855285299724,0.022508038585209004,-0.0020610751571756847,-1.0420158313761974e-05,0.045454545454545456,0.0029285272277230767,0.0029285272277230767,1.0,-0.2169647701596748,"atr_ceiling=0.018,atr_floor=0.0012,bb_width=0.0025,close_pos=0.35,macro_limit=0.055,min_dist=0.002,rsi_2=14,volume_mult=0.7,z_entry=1.8"
90,BNB,vwap_stretch_reversion,long,market_chop,12,5.0,0.0,0.0,20,0.02072538860103627,-0.019402430653639335,-2.0303553993294976e-05,-0.00014572855285299724,0.022508038585209004,1,0.5,0.8781519835598548,0.05056216386024448,-0.04431305465077895,-0.00014572855285299724,0.022508038585209004,-0.0020610751571756847,-1.0420158313761974e-05,0.045454545454545456,0.0029285272277230767,0.0029285272277230767,1.0,-0.2169647701596748,"atr_ceiling=0.03,atr_floor=0.0012,bb_width=0.0025,close_pos=0.35,macro_limit=0.055,min_dist=0.002,rsi_2=14,volume_mult=0.7,z_entry=1.8"
91,TRX,vwap_stretch_reversion,long,market_aligned,8,5.0,0.0,0.0,16,0.0215633423180593,-0.027877620075810294,-3.810382547997371e-05,-0.00014712246298820286,0.01904761904761905,1,0.375,0.6187314398951086,0.04528936581246579,0.011983415099118933,5.592730325831852e-05,0.04225352112676056,-0.045289365812465676,-0.00014712246298820286,0.01904761904761905,0.0,0.0,0.0,-0.21769283605239304,"atr_ceiling=0.018,atr_floor=0.0006,bb_width=0.0025,close_pos=0.35,macro_limit=0.055,min_dist=0.002,rsi_2=10,volume_mult=0.7,z_entry=2.4"
92,TRX,vwap_stretch_reversion,long,market_aligned,8,5.0,0.0,0.0,16,0.0215633423180593,-0.027877620075810294,-3.810382547997371e-05,-0.00014712246298820286,0.01904761904761905,1,0.375,0.6187314398951086,0.04528936581246579,0.011983415099118933,5.592730325831852e-05,0.04225352112676056,-0.045289365812465676,-0.00014712246298820286,0.01904761904761905,0.0,0.0,0.0,-0.21769283605239304,"atr_ceiling=0.03,atr_floor=0.0006,bb_width=0.0025,close_pos=0.35,macro_limit=0.055,min_dist=0.002,rsi_2=10,volume_mult=0.7,z_entry=2.4"
93,OP,vwap_stretch_reversion,long,market_aligned,12,5.0,0.0,0.0,25,0.026567481402763018,-0.08209994168291024,-9.103386171793737e-05,-0.00044352120048907206,0.031609195402298854,2,0.4,0.658524732333443,0.09558060740426022,0.013666898759348456,3.900751074614739e-05,0.031609195402298854,-0.0763369198751872,-0.00044352120048907206,0.03910614525139665,0.010860428231562302,0.010860428231562302,1.0,-0.2177901400194393,"atr_ceiling=0.018,atr_floor=0.0012,bb_width=0.0025,close_pos=0.35,macro_limit=0.055,min_dist=0.0035,rsi_2=14,volume_mult=0.7,z_entry=1.8"
94,OP,vwap_stretch_reversion,long,market_aligned,12,5.0,0.0,0.0,25,0.026567481402763018,-0.08209994168291024,-9.103386171793737e-05,-0.00044352120048907206,0.031609195402298854,2,0.4,0.658524732333443,0.09558060740426022,0.013666898759348456,3.900751074614739e-05,0.031609195402298854,-0.0763369198751872,-0.00044352120048907206,0.03910614525139665,0.010860428231562302,0.010860428231562302,1.0,-0.2177901400194393,"atr_ceiling=0.03,atr_floor=0.0012,bb_width=0.0025,close_pos=0.35,macro_limit=0.055,min_dist=0.0035,rsi_2=14,volume_mult=0.7,z_entry=1.8"
95,TRX,vwap_stretch_reversion,short,market_contra,3,5.0,0.0,0.0,15,0.02617801047120419,-0.04988742611162089,-8.930631313719406e-05,-5.013136329079515e-05,0.024793388429752067,1,0.26666666666666666,0.6274791792549904,0.08511914118326525,-0.012058796880854206,-5.013136329079515e-05,0.024793388429752067,0.0078101697738073295,0.00018525116347212212,0.09523809523809523,0.0,0.0,0.0,-0.22321984680725607,"atr_ceiling=0.018,atr_floor=0.0012,bb_width=0.0025,close_pos=0.35,macro_limit=0.055,min_dist=0.0035,rsi_2=14,volume_mult=0.7,z_entry=2.4"
96,TRX,vwap_stretch_reversion,short,market_contra,3,5.0,0.0,0.0,15,0.02617801047120419,-0.04988742611162089,-8.930631313719406e-05,-5.013136329079515e-05,0.024793388429752067,1,0.26666666666666666,0.6274791792549904,0.08511914118326525,-0.012058796880854206,-5.013136329079515e-05,0.024793388429752067,0.0078101697738073295,0.00018525116347212212,0.09523809523809523,0.0,0.0,0.0,-0.22321984680725607,"atr_ceiling=0.03,atr_floor=0.0012,bb_width=0.0025,close_pos=0.35,macro_limit=0.055,min_dist=0.0035,rsi_2=14,volume_mult=0.7,z_entry=2.4"
97,BNB,vwap_stretch_reversion,long,market_aligned,12,5.0,0.0,0.0,11,0.012168141592920354,0.003518140319491714,3.884925843467002e-06,-0.0001670737314298787,0.016129032258064516,1,0.2727272727272727,1.0785441118358225,0.05047857439364278,0.04643123110058345,0.00911843139373869,0.6,-0.05047857439364267,-0.0001670737314298787,0.016129032258064516,0.0,0.0,0.0,-0.2241403720122904,"atr_ceiling=0.018,atr_floor=0.0006,bb_width=0.0025,close_pos=0.35,macro_limit=0.055,min_dist=0.002,rsi_2=14,volume_mult=0.7,z_entry=2.4"
98,BNB,vwap_stretch_reversion,long,market_aligned,12,5.0,0.0,0.0,11,0.012168141592920354,0.003518140319491714,3.884925843467002e-06,-0.0001670737314298787,0.016129032258064516,1,0.2727272727272727,1.0785441118358225,0.05047857439364278,0.04643123110058345,0.00911843139373869,0.6,-0.05047857439364267,-0.0001670737314298787,0.016129032258064516,0.0,0.0,0.0,-0.2241403720122904,"atr_ceiling=0.03,atr_floor=0.0006,bb_width=0.0025,close_pos=0.35,macro_limit=0.055,min_dist=0.002,rsi_2=14,volume_mult=0.7,z_entry=2.4"
99,BCH,vwap_stretch_reversion,short,market_chop,3,5.0,0.0,0.0,45,0.04269449715370019,-0.05736698992061828,-5.604989486174272e-05,-0.00012956339887759682,0.0392156862745098,1,0.4222222222222222,0.804429750392537,0.06245734102230105,0.045872265471575746,0.00012889118232317642,0.04310344827586207,-0.04061514288368695,-0.00012956339887759682,0.05,-0.0008487505516546756,-8.324582451813e-06,0.0392156862745098,-0.22744240565611173,"atr_ceiling=0.018,atr_floor=0.0012,bb_width=0.0025,close_pos=0.35,macro_limit=0.055,min_dist=0.0035,rsi_2=14,volume_mult=0.7,z_entry=2.4"
100,BCH,vwap_stretch_reversion,short,market_chop,3,5.0,0.0,0.0,45,0.04269449715370019,-0.05736698992061828,-5.604989486174272e-05,-0.00012956339887759682,0.0392156862745098,1,0.4222222222222222,0.804429750392537,0.06245734102230105,0.045872265471575746,0.00012889118232317642,0.04310344827586207,-0.04061514288368695,-0.00012956339887759682,0.05,-0.0008487505516546756,-8.324582451813e-06,0.0392156862745098,-0.22744240565611173,"atr_ceiling=0.03,atr_floor=0.0012,bb_width=0.0025,close_pos=0.35,macro_limit=0.055,min_dist=0.0035,rsi_2=14,volume_mult=0.7,z_entry=2.4"
101,BCH,vwap_stretch_reversion,short,market_chop,8,5.0,0.0,0.0,45,0.04269449715370019,-0.08487584694285133,-8.414782228605144e-05,-0.00029111618831423325,0.0392156862745098,2,0.4222222222222222,0.8487743195035287,0.14466210003372604,0.12808484603113746,0.00034638574884260365,0.04310344827586207,-0.08896206603771062,-0.00029111618831423325,0.05,0.009995292150405177,9.751131867519192e-05,0.0392156862745098,-0.2276502783465039,"atr_ceiling=0.018,atr_floor=0.0012,bb_width=0.0025,close_pos=0.35,macro_limit=0.055,min_dist=0.0035,rsi_2=14,volume_mult=0.7,z_entry=2.4"
102,BCH,vwap_stretch_reversion,short,market_chop,8,5.0,0.0,0.0,45,0.04269449715370019,-0.08487584694285133,-8.414782228605144e-05,-0.00029111618831423325,0.0392156862745098,2,0.4222222222222222,0.8487743195035287,0.14466210003372604,0.12808484603113746,0.00034638574884260365,0.04310344827586207,-0.08896206603771062,-0.00029111618831423325,0.05,0.009995292150405177,9.751131867519192e-05,0.0392156862745098,-0.2276502783465039,"atr_ceiling=0.03,atr_floor=0.0012,bb_width=0.0025,close_pos=0.35,macro_limit=0.055,min_dist=0.0035,rsi_2=14,volume_mult=0.7,z_entry=2.4"
103,TRX,vwap_stretch_reversion,short,market_aligned,12,5.0,0.0,0.0,12,0.017543859649122806,-0.02012984843178811,-2.9729403826839196e-05,-0.00022532785700890567,0.056962025316455694,1,0.5,0.7352169059113619,0.05366803887527849,0.0018107237941928922,0.0018107237941928922,1.0,-0.03497938294626757,-0.00022532785700890567,0.056962025316455694,0.0,0.0,0.0,-0.2340640423483967,"atr_ceiling=0.018,atr_floor=0.0006,bb_width=0.0025,close_pos=0.35,macro_limit=0.055,min_dist=0.002,rsi_2=10,volume_mult=0.7,z_entry=1.8"
104,TRX,vwap_stretch_reversion,short,market_aligned,12,5.0,0.0,0.0,12,0.017543859649122806,-0.02012984843178811,-2.9729403826839196e-05,-0.00022532785700890567,0.056962025316455694,1,0.5,0.7352169059113619,0.05366803887527849,0.0018107237941928922,0.0018107237941928922,1.0,-0.03497938294626757,-0.00022532785700890567,0.056962025316455694,0.0,0.0,0.0,-0.2340640423483967,"atr_ceiling=0.03,atr_floor=0.0006,bb_width=0.0025,close_pos=0.35,macro_limit=0.055,min_dist=0.002,rsi_2=10,volume_mult=0.7,z_entry=1.8"
105,SUI,vwap_stretch_reversion,short,market_aligned,12,5.0,0.0,0.0,17,0.020884520884520884,0.08090117920088136,9.557596559650605e-05,-0.00016016438013810586,0.023728813559322035,1,0.5882352941176471,1.6541326286183682,0.08693295063914219,0.11589189569395719,0.0003717775382785504,0.023728813559322035,-0.04569480203315346,-0.00016016438013810586,0.0273972602739726,0.0,0.0,0.0,-0.23564736354414334,"atr_ceiling=0.018,atr_floor=0.0006,bb_width=0.0025,close_pos=0.35,macro_limit=0.055,min_dist=0.002,rsi_2=10,volume_mult=0.7,z_entry=2.4"
106,SUI,vwap_stretch_reversion,short,market_aligned,12,5.0,0.0,0.0,17,0.020884520884520884,0.08090117920088136,9.557596559650605e-05,-0.00016016438013810586,0.023728813559322035,1,0.5882352941176471,1.6541326286183682,0.08693295063914219,0.11589189569395719,0.0003717775382785504,0.023728813559322035,-0.04569480203315346,-0.00016016438013810586,0.0273972602739726,0.0,0.0,0.0,-0.23564736354414334,"atr_ceiling=0.03,atr_floor=0.0006,bb_width=0.0025,close_pos=0.35,macro_limit=0.055,min_dist=0.002,rsi_2=10,volume_mult=0.7,z_entry=2.4"
107,BNB,vwap_stretch_reversion,long,market_chop,12,5.0,0.0,0.0,15,0.015544041450777202,-0.04978957013107388,-5.2922758910334267e-05,-0.00014572855285299724,0.022508038585209004,1,0.5333333333333333,0.5270256459265764,0.05889791639396713,-0.04431305465077895,-0.00014572855285299724,0.022508038585209004,-0.004943625645427829,-5.899689992094892e-05,0.07142857142857142,0.0029285272277230767,0.0029285272277230767,1.0,-0.23659555841085303,"atr_ceiling=0.018,atr_floor=0.0012,bb_width=0.0025,close_pos=0.35,macro_limit=0.055,min_dist=0.0035,rsi_2=14,volume_mult=0.7,z_entry=1.8"
108,BNB,vwap_stretch_reversion,long,market_chop,12,5.0,0.0,0.0,15,0.015544041450777202,-0.04978957013107388,-5.2922758910334267e-05,-0.00014572855285299724,0.022508038585209004,1,0.5333333333333333,0.5270256459265764,0.05889791639396713,-0.04431305465077895,-0.00014572855285299724,0.022508038585209004,-0.004943625645427829,-5.899689992094892e-05,0.07142857142857142,0.0029285272277230767,0.0029285272277230767,1.0,-0.23659555841085303,"atr_ceiling=0.03,atr_floor=0.0012,bb_width=0.0025,close_pos=0.35,macro_limit=0.055,min_dist=0.0035,rsi_2=14,volume_mult=0.7,z_entry=1.8"
109,TRX,vwap_stretch_reversion,long,market_aligned,8,5.0,0.0,0.0,18,0.020202020202020204,-0.02433032818979919,-2.7644063317455725e-05,-0.00017327909603759295,0.022222222222222223,1,0.3333333333333333,0.7162202335876924,0.053124483529641164,0.004717817807862623,1.4989678537746798e-05,0.028662420382165606,-0.053124483529641164,-0.00017327909603759295,0.022222222222222223,0.0,0.0,0.0,-0.2379765229279312,"atr_ceiling=0.018,atr_floor=0.0006,bb_width=0.0025,close_pos=0.35,macro_limit=0.055,min_dist=0.0035,rsi_2=14,volume_mult=0.7,z_entry=2.4"
110,TRX,vwap_stretch_reversion,long,market_aligned,8,5.0,0.0,0.0,18,0.020202020202020204,-0.02433032818979919,-2.7644063317455725e-05,-0.00017327909603759295,0.022222222222222223,1,0.3333333333333333,0.7162202335876924,0.053124483529641164,0.004717817807862623,1.4989678537746798e-05,0.028662420382165606,-0.053124483529641164,-0.00017327909603759295,0.022222222222222223,0.0,0.0,0.0,-0.2379765229279312,"atr_ceiling=0.03,atr_floor=0.0006,bb_width=0.0025,close_pos=0.35,macro_limit=0.055,min_dist=0.0035,rsi_2=14,volume_mult=0.7,z_entry=2.4"
111,BCH,vwap_stretch_reversion,short,market_chop,8,5.0,0.0,0.0,74,0.07020872865275142,-0.0291880239476191,-2.8104414299123803e-05,-0.00017979392100198055,0.07038123167155426,2,0.44594594594594594,0.98997675093113,0.22362142896401938,0.14210525485681536,0.00038189265563493,0.07758620689655173,-0.05947329792257705,-0.00017979392100198055,0.07038123167155426,0.03123271213828116,0.0002929466580094964,0.08571428571428572,-0.2400929154043317,"atr_ceiling=0.018,atr_floor=0.0012,bb_width=0.0025,close_pos=0.35,macro_limit=0.055,min_dist=0.0035,rsi_2=14,volume_mult=0.7,z_entry=1.8"
112,BCH,vwap_stretch_reversion,short,market_chop,8,5.0,0.0,0.0,74,0.07020872865275142,-0.0291880239476191,-2.8104414299123803e-05,-0.00017979392100198055,0.07038123167155426,2,0.44594594594594594,0.98997675093113,0.22362142896401938,0.14210525485681536,0.00038189265563493,0.07758620689655173,-0.05947329792257705,-0.00017979392100198055,0.07038123167155426,0.03123271213828116,0.0002929466580094964,0.08571428571428572,-0.2400929154043317,"atr_ceiling=0.03,atr_floor=0.0012,bb_width=0.0025,close_pos=0.35,macro_limit=0.055,min_dist=0.0035,rsi_2=14,volume_mult=0.7,z_entry=1.8"
113,OP,vwap_stretch_reversion,short,market_chop,12,5.0,0.0,0.0,22,0.021484375,-0.04401057243237916,-4.395257411748954e-05,-8.034402106937844e-05,0.027237354085603113,1,0.5454545454545454,0.794897169494294,0.09683949892113597,-0.0020817850426815276,-6.788103896315789e-06,0.035830618892508145,-0.020437507228881713,-8.034402106937844e-05,0.027237354085603113,0.001863417982155946,0.001863417982155946,1.0,-0.24070898213310526,"atr_ceiling=0.018,atr_floor=0.0006,bb_width=0.0025,close_pos=0.35,macro_limit=0.055,min_dist=0.002,rsi_2=10,volume_mult=0.7,z_entry=2.4"
114,OP,vwap_stretch_reversion,short,market_chop,12,5.0,0.0,0.0,22,0.021484375,-0.04401057243237916,-4.395257411748954e-05,-8.034402106937844e-05,0.027237354085603113,1,0.5454545454545454,0.794897169494294,0.09683949892113597,-0.0020817850426815276,-6.788103896315789e-06,0.035830618892508145,-0.020437507228881713,-8.034402106937844e-05,0.027237354085603113,0.001863417982155946,0.001863417982155946,1.0,-0.24070898213310526,"atr_ceiling=0.03,atr_floor=0.0006,bb_width=0.0025,close_pos=0.35,macro_limit=0.055,min_dist=0.002,rsi_2=10,volume_mult=0.7,z_entry=2.4"
115,BCH,vwap_stretch_reversion,short,market_chop,3,5.0,0.0,0.0,23,0.02446808510638298,-0.06273163026465345,-6.891850155055224e-05,-0.00011692358329440378,0.025889967637540454,1,0.391304347826087,0.565304361828274,0.07891694735764676,-0.010291537190457722,-3.347795491603911e-05,0.025889967637540454,-0.02425635713726415,-0.00011692358329440378,0.03333333333333333,0.003361203143575242,3.2898256100422074e-05,0.029411764705882353,-0.2413739768066852,"atr_ceiling=0.018,atr_floor=0.0012,bb_width=0.0025,close_pos=0.35,macro_limit=0.055,min_dist=0.0035,rsi_2=10,volume_mult=0.7,z_entry=2.4"
116,BCH,vwap_stretch_reversion,short,market_chop,3,5.0,0.0,0.0,23,0.02446808510638298,-0.06273163026465345,-6.891850155055224e-05,-0.00011692358329440378,0.025889967637540454,1,0.391304347826087,0.565304361828274,0.07891694735764676,-0.010291537190457722,-3.347795491603911e-05,0.025889967637540454,-0.02425635713726415,-0.00011692358329440378,0.03333333333333333,0.003361203143575242,3.2898256100422074e-05,0.029411764705882353,-0.2413739768066852,"atr_ceiling=0.03,atr_floor=0.0012,bb_width=0.0025,close_pos=0.35,macro_limit=0.055,min_dist=0.0035,rsi_2=10,volume_mult=0.7,z_entry=2.4"
117,SUI,vwap_stretch_reversion,short,local_chop,8,5.0,0.0,0.0,10,0.018518518518518517,0.053024877736980836,9.568394492398546e-05,-0.0004874513719562712,0.0220125786163522,1,0.5,3.1805876323504996,0.0178861609413683,0.07050481668350117,0.0002142692684448111,0.0220125786163522,-0.0159610674322338,-0.0004874513719562712,0.06060606060606061,0.0,0.0,0.0,-0.248441204039703,"atr_ceiling=0.018,atr_floor=0.0006,bb_width=0.0025,close_pos=0.35,macro_limit=0.055,min_dist=0.002,rsi_2=14,volume_mult=0.7,z_entry=1.8"
118,SUI,vwap_stretch_reversion,short,local_chop,8,5.0,0.0,0.0,10,0.018518518518518517,0.053024877736980836,9.568394492398546e-05,-0.0004874513719562712,0.0220125786163522,1,0.5,3.1805876323504996,0.0178861609413683,0.07050481668350117,0.0002142692684448111,0.0220125786163522,-0.0159610674322338,-0.0004874513719562712,0.06060606060606061,0.0,0.0,0.0,-0.248441204039703,"atr_ceiling=0.03,atr_floor=0.0006,bb_width=0.0025,close_pos=0.35,macro_limit=0.055,min_dist=0.002,rsi_2=14,volume_mult=0.7,z_entry=1.8"
119,SUI,vwap_stretch_reversion,short,local_chop,8,5.0,0.0,0.0,10,0.018518518518518517,0.053024877736980836,9.568394492398546e-05,-0.0004874513719562712,0.0220125786163522,1,0.5,3.1805876323504996,0.0178861609413683,0.07050481668350117,0.0002142692684448111,0.0220125786163522,-0.0159610674322338,-0.0004874513719562712,0.06060606060606061,0.0,0.0,0.0,-0.248441204039703,"atr_ceiling=0.018,atr_floor=0.0012,bb_width=0.0025,close_pos=0.35,macro_limit=0.055,min_dist=0.002,rsi_2=14,volume_mult=0.7,z_entry=1.8"
120,SUI,vwap_stretch_reversion,short,local_chop,8,5.0,0.0,0.0,10,0.018518518518518517,0.053024877736980836,9.568394492398546e-05,-0.0004874513719562712,0.0220125786163522,1,0.5,3.1805876323504996,0.0178861609413683,0.07050481668350117,0.0002142692684448111,0.0220125786163522,-0.0159610674322338,-0.0004874513719562712,0.06060606060606061,0.0,0.0,0.0,-0.248441204039703,"atr_ceiling=0.03,atr_floor=0.0012,bb_width=0.0025,close_pos=0.35,macro_limit=0.055,min_dist=0.002,rsi_2=14,volume_mult=0.7,z_entry=1.8"
121,OP,vwap_stretch_reversion,short,market_chop,8,5.0,0.0,0.0,44,0.05092592592592592,-0.02280810408461642,-2.670361660228604e-05,-1.536627958487191e-05,0.03934426229508197,1,0.5,0.9537541621686575,0.13878843212460468,0.015913942705074957,4.51114275097364e-05,0.06857142857142857,-0.004675785601487403,-1.536627958487191e-05,0.03934426229508197,0.0,0.0,0.0,-0.24999929340374905,"atr_ceiling=0.018,atr_floor=0.0012,bb_width=0.0025,close_pos=0.35,macro_limit=0.055,min_dist=0.002,rsi_2=10,volume_mult=0.7,z_entry=1.8"
122,OP,vwap_stretch_reversion,short,market_chop,8,5.0,0.0,0.0,44,0.05092592592592592,-0.02280810408461642,-2.670361660228604e-05,-1.536627958487191e-05,0.03934426229508197,1,0.5,0.9537541621686575,0.13878843212460468,0.015913942705074957,4.51114275097364e-05,0.06857142857142857,-0.004675785601487403,-1.536627958487191e-05,0.03934426229508197,0.0,0.0,0.0,-0.24999929340374905,"atr_ceiling=0.03,atr_floor=0.0012,bb_width=0.0025,close_pos=0.35,macro_limit=0.055,min_dist=0.002,rsi_2=10,volume_mult=0.7,z_entry=1.8"
123,BCH,vwap_stretch_reversion,short,market_chop,3,5.0,0.0,0.0,38,0.03788634097706879,-0.05419467863611083,-5.555032390125447e-05,-0.00010643831139700577,0.03690036900369004,1,0.4473684210526316,0.7695233143623781,0.09328230454715958,-0.0009318765817253327,-2.7102028641312614e-06,0.04941860465116279,-0.028434234440255834,-0.00010643831139700577,0.03690036900369004,0.017622932831868665,0.000171283780574516,0.0392156862745098,-0.25047359159944155,"atr_ceiling=0.018,atr_floor=0.0012,bb_width=0.0025,close_pos=0.35,macro_limit=0.055,min_dist=0.0035,rsi_2=10,volume_mult=0.7,z_entry=1.8"
124,BCH,vwap_stretch_reversion,short,market_chop,3,5.0,0.0,0.0,38,0.03788634097706879,-0.05419467863611083,-5.555032390125447e-05,-0.00010643831139700577,0.03690036900369004,1,0.4473684210526316,0.7695233143623781,0.09328230454715958,-0.0009318765817253327,-2.7102028641312614e-06,0.04941860465116279,-0.028434234440255834,-0.00010643831139700577,0.03690036900369004,0.017622932831868665,0.000171283780574516,0.0392156862745098,-0.25047359159944155,"atr_ceiling=0.03,atr_floor=0.0012,bb_width=0.0025,close_pos=0.35,macro_limit=0.055,min_dist=0.0035,rsi_2=10,volume_mult=0.7,z_entry=1.8"
125,BNB,vwap_stretch_reversion,long,market_aligned,3,5.0,0.0,0.0,16,0.015625,-0.06578715998721152,-6.645383346204348e-05,-0.00015842581738512163,0.008130081300813009,1,0.1875,0.2138288691842909,0.0651742958520708,0.004496396576762374,1.8237231279805144e-05,0.008130081300813009,-0.03760819585984876,-0.00011867292815692654,0.02786377708978328,-0.016654226143117956,-0.00015842581738512163,0.018867924528301886,-0.2534736612967216,"atr_ceiling=0.018,atr_floor=0.0006,bb_width=0.0025,close_pos=0.35,macro_limit=0.055,min_dist=0.002,rsi_2=10,volume_mult=0.7,z_entry=1.8"
126,BNB,vwap_stretch_reversion,long,market_aligned,3,5.0,0.0,0.0,16,0.015625,-0.06578715998721152,-6.645383346204348e-05,-0.00015842581738512163,0.008130081300813009,1,0.1875,0.2138288691842909,0.0651742958520708,0.004496396576762374,1.8237231279805144e-05,0.008130081300813009,-0.03760819585984876,-0.00011867292815692654,0.02786377708978328,-0.016654226143117956,-0.00015842581738512163,0.018867924528301886,-0.2534736612967216,"atr_ceiling=0.03,atr_floor=0.0006,bb_width=0.0025,close_pos=0.35,macro_limit=0.055,min_dist=0.002,rsi_2=10,volume_mult=0.7,z_entry=1.8"
127,BCH,vwap_stretch_reversion,long,market_chop,8,5.0,0.0,0.0,42,0.03951081843838194,0.009820492314910778,9.193442707111643e-06,-0.00026770924410268737,0.03546099290780142,1,0.35714285714285715,1.0681193856436437,0.059186762103763835,-0.029266225978935245,-9.027867660915678e-05,0.0729483282674772,0.03409040715687639,0.0001269861175536846,0.03787878787878788,-0.03704833151374287,-0.00026770924410268737,0.03546099290780142,-0.2538620222383076,"atr_ceiling=0.018,atr_floor=0.0006,bb_width=0.0025,close_pos=0.35,macro_limit=0.055,min_dist=0.0035,rsi_2=14,volume_mult=0.7,z_entry=2.4"
128,BCH,vwap_stretch_reversion,long,market_chop,8,5.0,0.0,0.0,42,0.03951081843838194,0.009820492314910778,9.193442707111643e-06,-0.00026770924410268737,0.03546099290780142,1,0.35714285714285715,1.0681193856436437,0.059186762103763835,-0.029266225978935245,-9.027867660915678e-05,0.0729483282674772,0.03409040715687639,0.0001269861175536846,0.03787878787878788,-0.03704833151374287,-0.00026770924410268737,0.03546099290780142,-0.2538620222383076,"atr_ceiling=0.03,atr_floor=0.0006,bb_width=0.0025,close_pos=0.35,macro_limit=0.055,min_dist=0.0035,rsi_2=14,volume_mult=0.7,z_entry=2.4"
129,OP,vwap_stretch_reversion,long,market_aligned,12,5.0,0.0,0.0,27,0.028692879914984058,-0.11070286855312594,-0.00012467221524647965,-0.00044352120048907206,0.031609195402298854,2,0.4074074074074074,0.5877416989192131,0.12376345967888591,0.013666898759348456,3.900751074614739e-05,0.031609195402298854,-0.0763369198751872,-0.00044352120048907206,0.03910614525139665,0.010860428231562302,0.010860428231562302,1.0,-0.26240556337302995,"atr_ceiling=0.018,atr_floor=0.0006,bb_width=0.0025,close_pos=0.35,macro_limit=0.055,min_dist=0.0035,rsi_2=14,volume_mult=0.7,z_entry=1.8"
130,OP,vwap_stretch_reversion,long,market_aligned,12,5.0,0.0,0.0,27,0.028692879914984058,-0.11070286855312594,-0.00012467221524647965,-0.00044352120048907206,0.031609195402298854,2,0.4074074074074074,0.5877416989192131,0.12376345967888591,0.013666898759348456,3.900751074614739e-05,0.031609195402298854,-0.0763369198751872,-0.00044352120048907206,0.03910614525139665,0.010860428231562302,0.010860428231562302,1.0,-0.26240556337302995,"atr_ceiling=0.03,atr_floor=0.0006,bb_width=0.0025,close_pos=0.35,macro_limit=0.055,min_dist=0.0035,rsi_2=14,volume_mult=0.7,z_entry=1.8"
131,TRX,vwap_stretch_reversion,short,market_chop,8,5.0,0.0,0.0,8,0.011544011544011544,0.002113568341664429,3.046668274997444e-06,-0.00030502642805185776,0.023255813953488372,1,0.125,1.0787300091401824,0.05048210322707081,0.05864136214906379,0.0004418522560167837,0.023255813953488372,-0.04589469931021839,-0.00030502642805185776,0.025974025974025976,0.0,0.0,0.0,-0.2685779355102689,"atr_ceiling=0.018,atr_floor=0.0006,bb_width=0.0025,close_pos=0.35,macro_limit=0.055,min_dist=0.0035,rsi_2=10,volume_mult=0.7,z_entry=1.8"
132,TRX,vwap_stretch_reversion,short,market_chop,8,5.0,0.0,0.0,8,0.011544011544011544,0.002113568341664429,3.046668274997444e-06,-0.00030502642805185776,0.023255813953488372,1,0.125,1.0787300091401824,0.05048210322707081,0.05864136214906379,0.0004418522560167837,0.023255813953488372,-0.04589469931021839,-0.00030502642805185776,0.025974025974025976,0.0,0.0,0.0,-0.2685779355102689,"atr_ceiling=0.03,atr_floor=0.0006,bb_width=0.0025,close_pos=0.35,macro_limit=0.055,min_dist=0.0035,rsi_2=10,volume_mult=0.7,z_entry=1.8"
133,BCH,vwap_stretch_reversion,short,market_chop,12,5.0,0.0,0.0,74,0.07020872865275142,0.06510522212632441,5.98439104990689e-05,-0.00017317661316806898,0.07038123167155426,2,0.5135135135135135,1.1229605163317395,0.26946847800087415,0.3169747079451328,0.0007915119835284479,0.07758620689655173,-0.05734822580843579,-0.00017317661316806898,0.07038123167155426,0.04590649751625353,0.00042755776846647997,0.08571428571428572,-0.2690126680625063,"atr_ceiling=0.018,atr_floor=0.0012,bb_width=0.0025,close_pos=0.35,macro_limit=0.055,min_dist=0.0035,rsi_2=14,volume_mult=0.7,z_entry=1.8"
134,BCH,vwap_stretch_reversion,short,market_chop,12,5.0,0.0,0.0,74,0.07020872865275142,0.06510522212632441,5.98439104990689e-05,-0.00017317661316806898,0.07038123167155426,2,0.5135135135135135,1.1229605163317395,0.26946847800087415,0.3169747079451328,0.0007915119835284479,0.07758620689655173,-0.05734822580843579,-0.00017317661316806898,0.07038123167155426,0.04590649751625353,0.00042755776846647997,0.08571428571428572,-0.2690126680625063,"atr_ceiling=0.03,atr_floor=0.0012,bb_width=0.0025,close_pos=0.35,macro_limit=0.055,min_dist=0.0035,rsi_2=14,volume_mult=0.7,z_entry=1.8"
135,OP,vwap_stretch_reversion,long,market_aligned,8,5.0,0.0,0.0,12,0.013245033112582781,0.03092105372603382,3.361273882185323e-05,-0.0004937480776896486,0.020114942528735632,1,0.5,1.588331145171433,0.024227738806320898,0.04796490110497209,0.00013463576955285994,0.020114942528735632,-0.013196953011088142,-0.0001925148953901834,0.028985507246376812,-0.0014805129919456261,-0.0004937480776896486,0.6666666666666666,-0.27496152868151674,"atr_ceiling=0.018,atr_floor=0.0012,bb_width=0.0025,close_pos=0.35,macro_limit=0.055,min_dist=0.002,rsi_2=10,volume_mult=0.7,z_entry=1.8"
136,OP,vwap_stretch_reversion,long,market_aligned,8,5.0,0.0,0.0,12,0.013245033112582781,0.03092105372603382,3.361273882185323e-05,-0.0004937480776896486,0.020114942528735632,1,0.5,1.588331145171433,0.024227738806320898,0.04796490110497209,0.00013463576955285994,0.020114942528735632,-0.013196953011088142,-0.0001925148953901834,0.028985507246376812,-0.0014805129919456261,-0.0004937480776896486,0.6666666666666666,-0.27496152868151674,"atr_ceiling=0.03,atr_floor=0.0012,bb_width=0.0025,close_pos=0.35,macro_limit=0.055,min_dist=0.002,rsi_2=10,volume_mult=0.7,z_entry=1.8"
137,BNB,vwap_stretch_reversion,short,market_aligned,8,5.0,0.0,0.0,14,0.015283842794759825,-0.08049314447364986,-9.160909975947096e-05,-0.00014379061112490543,0.015060240963855422,1,0.42857142857142855,0.3394880736373915,0.0794363613863579,-0.046620192020114914,-0.00014379061112490543,0.015060240963855422,-0.013895593006197027,-6.0574098386001474e-05,0.025974025974025976,0.0027879287104988215,0.0027879287104988215,1.0,-0.27651340250436907,"atr_ceiling=0.018,atr_floor=0.0006,bb_width=0.0025,close_pos=0.35,macro_limit=0.055,min_dist=0.0035,rsi_2=10,volume_mult=0.7,z_entry=1.8"
138,BNB,vwap_stretch_reversion,short,market_aligned,8,5.0,0.0,0.0,14,0.015283842794759825,-0.08049314447364986,-9.160909975947096e-05,-0.00014379061112490543,0.015060240963855422,1,0.42857142857142855,0.3394880736373915,0.0794363613863579,-0.046620192020114914,-0.00014379061112490543,0.015060240963855422,-0.013895593006197027,-6.0574098386001474e-05,0.025974025974025976,0.0027879287104988215,0.0027879287104988215,1.0,-0.27651340250436907,"atr_ceiling=0.03,atr_floor=0.0006,bb_width=0.0025,close_pos=0.35,macro_limit=0.055,min_dist=0.0035,rsi_2=10,volume_mult=0.7,z_entry=1.8"
139,OP,vwap_stretch_reversion,long,market_aligned,8,5.0,0.0,0.0,13,0.01434878587196468,0.0220711701717502,2.4096457522215786e-05,-0.0004937480776896486,0.022988505747126436,1,0.46153846153846156,1.3715723989998578,0.02422773880632101,0.03896870560558341,0.00010985830966703247,0.022988505747126436,-0.013196953011088142,-0.0001925148953901834,0.028985507246376812,-0.0014805129919456261,-0.0004937480776896486,0.6666666666666666,-0.2766037840275879,"atr_ceiling=0.018,atr_floor=0.0006,bb_width=0.0025,close_pos=0.35,macro_limit=0.055,min_dist=0.002,rsi_2=10,volume_mult=0.7,z_entry=1.8"
140,OP,vwap_stretch_reversion,long,market_aligned,8,5.0,0.0,0.0,13,0.01434878587196468,0.0220711701717502,2.4096457522215786e-05,-0.0004937480776896486,0.022988505747126436,1,0.46153846153846156,1.3715723989998578,0.02422773880632101,0.03896870560558341,0.00010985830966703247,0.022988505747126436,-0.013196953011088142,-0.0001925148953901834,0.028985507246376812,-0.0014805129919456261,-0.0004937480776896486,0.6666666666666666,-0.2766037840275879,"atr_ceiling=0.03,atr_floor=0.0006,bb_width=0.0025,close_pos=0.35,macro_limit=0.055,min_dist=0.002,rsi_2=10,volume_mult=0.7,z_entry=1.8"
141,TRX,vwap_stretch_reversion,short,market_chop,12,5.0,0.0,0.0,8,0.011544011544011544,-0.02369667102955031,-3.460539396704654e-05,-0.0002962298391463447,0.023255813953488372,1,0.25,0.768653514562401,0.05907648131789622,0.028791573867674725,0.00022006207223501661,0.023255813953488372,-0.044600931944494215,-0.0002962298391463447,0.025974025974025976,0.0,0.0,0.0,-0.2858557647578675,"atr_ceiling=0.018,atr_floor=0.0006,bb_width=0.0025,close_pos=0.35,macro_limit=0.055,min_dist=0.0035,rsi_2=10,volume_mult=0.7,z_entry=1.8"
142,TRX,vwap_stretch_reversion,short,market_chop,12,5.0,0.0,0.0,8,0.011544011544011544,-0.02369667102955031,-3.460539396704654e-05,-0.0002962298391463447,0.023255813953488372,1,0.25,0.768653514562401,0.05907648131789622,0.028791573867674725,0.00022006207223501661,0.023255813953488372,-0.044600931944494215,-0.0002962298391463447,0.025974025974025976,0.0,0.0,0.0,-0.2858557647578675,"atr_ceiling=0.03,atr_floor=0.0006,bb_width=0.0025,close_pos=0.35,macro_limit=0.055,min_dist=0.0035,rsi_2=10,volume_mult=0.7,z_entry=1.8"
143,TRX,vwap_stretch_reversion,long,market_chop,12,5.0,0.0,0.0,11,0.018835616438356163,-0.0667033059823936,-0.00011819871375418067,-0.0002014093371363046,0.021505376344086023,1,0.36363636363636365,0.2791227117373339,0.07361521690310557,-0.03677274625423166,-0.0002014093371363046,0.021505376344086023,-0.031130029852486363,-0.0001939987615844352,0.03680981595092025,5.8648708463726607e-05,5.8648708463726607e-05,1.0,-0.28871489144736734,"atr_ceiling=0.018,atr_floor=0.0006,bb_width=0.0025,close_pos=0.35,macro_limit=0.055,min_dist=0.0035,rsi_2=10,volume_mult=0.7,z_entry=1.8"
144,TRX,vwap_stretch_reversion,long,market_chop,12,5.0,0.0,0.0,11,0.018835616438356163,-0.0667033059823936,-0.00011819871375418067,-0.0002014093371363046,0.021505376344086023,1,0.36363636363636365,0.2791227117373339,0.07361521690310557,-0.03677274625423166,-0.0002014093371363046,0.021505376344086023,-0.031130029852486363,-0.0001939987615844352,0.03680981595092025,5.8648708463726607e-05,5.8648708463726607e-05,1.0,-0.28871489144736734,"atr_ceiling=0.03,atr_floor=0.0006,bb_width=0.0025,close_pos=0.35,macro_limit=0.055,min_dist=0.0035,rsi_2=10,volume_mult=0.7,z_entry=1.8"
145,SUI,vwap_stretch_reversion,short,market_aligned,3,5.0,0.0,0.0,24,0.023809523809523808,-0.0007477001391613669,-7.420431833438101e-07,-0.0004033555504484587,0.0273972602739726,1,0.3333333333333333,1.013815529956469,0.05809420348373395,-0.01478522747839961,-4.64027190267835e-05,0.037383177570093455,0.009279985942939328,3.163471757483549e-05,0.0273972602739726,-0.0004033555504484587,-0.0004033555504484587,1.0,-0.2926977385153753,"atr_ceiling=0.018,atr_floor=0.0012,bb_width=0.0025,close_pos=0.35,macro_limit=0.055,min_dist=0.002,rsi_2=10,volume_mult=0.7,z_entry=1.8"
146,SUI,vwap_stretch_reversion,short,market_aligned,3,5.0,0.0,0.0,24,0.023809523809523808,-0.0007477001391613669,-7.420431833438101e-07,-0.0004033555504484587,0.0273972602739726,1,0.3333333333333333,1.013815529956469,0.05809420348373395,-0.01478522747839961,-4.64027190267835e-05,0.037383177570093455,0.009279985942939328,3.163471757483549e-05,0.0273972602739726,-0.0004033555504484587,-0.0004033555504484587,1.0,-0.2926977385153753,"atr_ceiling=0.03,atr_floor=0.0012,bb_width=0.0025,close_pos=0.35,macro_limit=0.055,min_dist=0.002,rsi_2=10,volume_mult=0.7,z_entry=1.8"
147,SUI,vwap_stretch_reversion,short,market_aligned,3,5.0,0.0,0.0,20,0.01984126984126984,9.853496465517253e-05,9.774813025664741e-08,-0.0004033555504484587,0.023972602739726026,1,0.35,1.020022064107861,0.05809420348373395,-0.028083091021834816,-9.655453412815707e-05,0.030508474576271188,0.0239554765072143,8.107536073964638e-05,0.023972602739726026,-0.0004033555504484587,-0.0004033555504484587,1.0,-0.30236436219731017,"atr_ceiling=0.018,atr_floor=0.0012,bb_width=0.0025,close_pos=0.35,macro_limit=0.055,min_dist=0.0035,rsi_2=10,volume_mult=0.7,z_entry=1.8"
148,SUI,vwap_stretch_reversion,short,market_aligned,3,5.0,0.0,0.0,20,0.01984126984126984,9.853496465517253e-05,9.774813025664741e-08,-0.0004033555504484587,0.023972602739726026,1,0.35,1.020022064107861,0.05809420348373395,-0.028083091021834816,-9.655453412815707e-05,0.030508474576271188,0.0239554765072143,8.107536073964638e-05,0.023972602739726026,-0.0004033555504484587,-0.0004033555504484587,1.0,-0.30236436219731017,"atr_ceiling=0.03,atr_floor=0.0012,bb_width=0.0025,close_pos=0.35,macro_limit=0.055,min_dist=0.0035,rsi_2=10,volume_mult=0.7,z_entry=1.8"
149,BCH,vwap_stretch_reversion,short,market_chop,3,5.0,0.0,0.0,81,0.07685009487666034,-0.13853394646223438,-0.00014146971488515625,-0.00036070406312582737,0.08045977011494253,2,0.4444444444444444,0.7249087357625588,0.1732524988844666,0.03252795547646836,9.19873369220614e-05,0.08045977011494253,-0.11639381920155356,-0.00036070406312582737,0.08746355685131195,0.005521914840132203,5.2446374890324776e-05,0.08571428571428572,-0.3073729180163548,"atr_ceiling=0.018,atr_floor=0.0012,bb_width=0.0025,close_pos=0.35,macro_limit=0.055,min_dist=0.002,rsi_2=14,volume_mult=0.7,z_entry=1.8"
150,BCH,vwap_stretch_reversion,short,market_chop,3,5.0,0.0,0.0,81,0.07685009487666034,-0.13853394646223438,-0.00014146971488515625,-0.00036070406312582737,0.08045977011494253,2,0.4444444444444444,0.7249087357625588,0.1732524988844666,0.03252795547646836,9.19873369220614e-05,0.08045977011494253,-0.11639381920155356,-0.00036070406312582737,0.08746355685131195,0.005521914840132203,5.2446374890324776e-05,0.08571428571428572,-0.3073729180163548,"atr_ceiling=0.03,atr_floor=0.0012,bb_width=0.0025,close_pos=0.35,macro_limit=0.055,min_dist=0.002,rsi_2=14,volume_mult=0.7,z_entry=1.8"
151,OP,vwap_stretch_reversion,long,market_aligned,8,5.0,0.0,0.0,8,0.008830022075055188,-0.02476489459827458,-2.767809742565408e-05,-0.0004937480776896486,0.014035087719298246,1,0.375,0.32374948948184645,0.030494935885819863,-0.023909295701041722,-8.490784128190043e-05,0.014035087719298246,0.002238217789931163,0.002238217789931163,1.0,-0.0014805129919456261,-0.0004937480776896486,0.6666666666666666,-0.30911415627752836,"atr_ceiling=0.018,atr_floor=0.0006,bb_width=0.0025,close_pos=0.35,macro_limit=0.055,min_dist=0.002,rsi_2=10,volume_mult=0.7,z_entry=2.4"
152,OP,vwap_stretch_reversion,long,market_aligned,8,5.0,0.0,0.0,8,0.008830022075055188,-0.02476489459827458,-2.767809742565408e-05,-0.0004937480776896486,0.014035087719298246,1,0.375,0.32374948948184645,0.030494935885819863,-0.023909295701041722,-8.490784128190043e-05,0.014035087719298246,0.002238217789931163,0.002238217789931163,1.0,-0.0014805129919456261,-0.0004937480776896486,0.6666666666666666,-0.30911415627752836,"atr_ceiling=0.03,atr_floor=0.0006,bb_width=0.0025,close_pos=0.35,macro_limit=0.055,min_dist=0.002,rsi_2=10,volume_mult=0.7,z_entry=2.4"
153,BNB,vwap_stretch_reversion,short,market_aligned,8,5.0,0.0,0.0,9,0.011920529801324504,-0.06383411804830952,-8.7363857595113e-05,-0.0002448499049223507,0.015151515151515152,1,0.3333333333333333,0.24517217683278475,0.07507902110909248,-0.051054864978422376,-0.0002448499049223507,0.018691588785046728,-0.01620953633577704,-6.190091752966698e-05,0.015151515151515152,0.0027879287104988215,0.0027879287104988215,1.0,-0.30916044627096784,"atr_ceiling=0.018,atr_floor=0.0006,bb_width=0.0025,close_pos=0.35,macro_limit=0.055,min_dist=0.002,rsi_2=10,volume_mult=0.7,z_entry=2.4"
154,BNB,vwap_stretch_reversion,short,market_aligned,8,5.0,0.0,0.0,9,0.011920529801324504,-0.06383411804830952,-8.7363857595113e-05,-0.0002448499049223507,0.015151515151515152,1,0.3333333333333333,0.24517217683278475,0.07507902110909248,-0.051054864978422376,-0.0002448499049223507,0.018691588785046728,-0.01620953633577704,-6.190091752966698e-05,0.015151515151515152,0.0027879287104988215,0.0027879287104988215,1.0,-0.30916044627096784,"atr_ceiling=0.03,atr_floor=0.0006,bb_width=0.0025,close_pos=0.35,macro_limit=0.055,min_dist=0.002,rsi_2=10,volume_mult=0.7,z_entry=2.4"
155,SUI,vwap_stretch_reversion,short,market_aligned,3,5.0,0.0,0.0,23,0.022817460317460316,-0.019239850852251217,-1.927297458381716e-05,-0.0004033555504484587,0.030508474576271188,1,0.30434782608695654,0.8844803723962137,0.06140508111700427,-0.028083091021834816,-9.655453412815707e-05,0.030508474576271188,0.004155781405440928,1.4202737829593914e-05,0.03424657534246575,-0.0004033555504484587,-0.0004033555504484587,1.0,-0.309594563598905,"atr_ceiling=0.018,atr_floor=0.0006,bb_width=0.0025,close_pos=0.35,macro_limit=0.055,min_dist=0.0035,rsi_2=10,volume_mult=0.7,z_entry=1.8"
156,SUI,vwap_stretch_reversion,short,market_aligned,3,5.0,0.0,0.0,23,0.022817460317460316,-0.019239850852251217,-1.927297458381716e-05,-0.0004033555504484587,0.030508474576271188,1,0.30434782608695654,0.8844803723962137,0.06140508111700427,-0.028083091021834816,-9.655453412815707e-05,0.030508474576271188,0.004155781405440928,1.4202737829593914e-05,0.03424657534246575,-0.0004033555504484587,-0.0004033555504484587,1.0,-0.309594563598905,"atr_ceiling=0.03,atr_floor=0.0006,bb_width=0.0025,close_pos=0.35,macro_limit=0.055,min_dist=0.0035,rsi_2=10,volume_mult=0.7,z_entry=1.8"
157,OP,vwap_stretch_reversion,long,market_aligned,12,5.0,0.0,0.0,15,0.016556291390728478,-0.10350896612929905,-0.00012059646634432486,-0.00016455444152296828,0.016853932584269662,1,0.3333333333333333,0.4086694029355995,0.10255206022215324,-0.03310195150468287,-0.00011810607687701147,0.02456140350877193,-0.02886821676583884,-0.00016455444152296828,0.016853932584269662,0.010035667631122847,0.003334094006729016,0.6666666666666666,-0.31156573250505964,"atr_ceiling=0.018,atr_floor=0.0012,bb_width=0.0025,close_pos=0.35,macro_limit=0.055,min_dist=0.002,rsi_2=14,volume_mult=0.7,z_entry=2.4"
158,OP,vwap_stretch_reversion,long,market_aligned,12,5.0,0.0,0.0,15,0.016556291390728478,-0.10350896612929905,-0.00012059646634432486,-0.00016455444152296828,0.016853932584269662,1,0.3333333333333333,0.4086694029355995,0.10255206022215324,-0.03310195150468287,-0.00011810607687701147,0.02456140350877193,-0.02886821676583884,-0.00016455444152296828,0.016853932584269662,0.010035667631122847,0.003334094006729016,0.6666666666666666,-0.31156573250505964,"atr_ceiling=0.03,atr_floor=0.0012,bb_width=0.0025,close_pos=0.35,macro_limit=0.055,min_dist=0.002,rsi_2=14,volume_mult=0.7,z_entry=2.4"
159,BCH,vwap_stretch_reversion,long,market_chop,3,5.0,0.0,0.0,32,0.030103480714957668,-0.06250856767462232,-6.072032016479767e-05,-0.0002228451432988443,0.025547445255474453,1,0.25,0.542381586222023,0.09428213189759926,-0.05943911901003274,-0.00018624070902040213,0.0486322188449848,0.0018074638207938865,6.590650636795203e-06,0.025547445255474453,-0.030936043560967796,-0.0002228451432988443,0.03546099290780142,-0.31932087541210724,"atr_ceiling=0.018,atr_floor=0.0006,bb_width=0.0025,close_pos=0.35,macro_limit=0.055,min_dist=0.002,rsi_2=10,volume_mult=0.7,z_entry=2.4"
160,BCH,vwap_stretch_reversion,long,market_chop,3,5.0,0.0,0.0,32,0.030103480714957668,-0.06250856767462232,-6.072032016479767e-05,-0.0002228451432988443,0.025547445255474453,1,0.25,0.542381586222023,0.09428213189759926,-0.05943911901003274,-0.00018624070902040213,0.0486322188449848,0.0018074638207938865,6.590650636795203e-06,0.025547445255474453,-0.030936043560967796,-0.0002228451432988443,0.03546099290780142,-0.31932087541210724,"atr_ceiling=0.03,atr_floor=0.0006,bb_width=0.0025,close_pos=0.35,macro_limit=0.055,min_dist=0.002,rsi_2=10,volume_mult=0.7,z_entry=2.4"
