date,profit,exit_reason,raw_profit,pair,candidate_id,template,side,regime,hold
2023-06-05 16:04:00+00:00,0.010550283860502774,fixed_hold,0.08440227088402219,XRP,1m:XRP:panic_snapback:long:market_contra:h40:#2,panic_snapback,long,market_contra,40
2023-06-10 04:23:00+00:00,0.004020795660036158,fixed_hold,0.032166365280289266,XRP,1m:XRP:panic_snapback:long:market_contra:h40:#2,panic_snapback,long,market_contra,40
2023-06-10 04:25:00+00:00,0.002813918457521603,fixed_hold,0.022511347660172824,XRP,1m:XRP:panic_snapback:long:market_contra:h40:#2,panic_snapback,long,market_contra,40
2023-06-11 22:44:00+00:00,0.0026982942430703876,fixed_hold,0.0215863539445631,XRP,1m:XRP:panic_snapback:long:market_contra:h40:#2,panic_snapback,long,market_contra,40
2023-06-12 02:25:00+00:00,0.0010637216575449253,fixed_hold,0.008509773260359402,XRP,1m:XRP:panic_snapback:long:market_contra:h40:#2,panic_snapback,long,market_contra,40
2023-06-13 13:50:00+00:00,0.0007352717597871043,fixed_hold,0.005882174078296835,XRP,1m:XRP:panic_snapback:long:market_contra:h40:#2,panic_snapback,long,market_contra,40
2023-06-14 20:32:00+00:00,-0.0026861336664584785,fixed_hold,-0.021489069331667828,XRP,1m:XRP:panic_snapback:long:market_contra:h40:#2,panic_snapback,long,market_contra,40
2023-06-14 20:50:00+00:00,0.00879090132422039,fixed_hold,0.07032721059376312,XRP,1m:XRP:panic_snapback:long:market_contra:h40:#2,panic_snapback,long,market_contra,40
2023-06-19 19:01:00+00:00,0.0038958290738090877,fixed_hold,0.0311666325904727,XRP,1m:XRP:panic_snapback:long:market_contra:h40:#2,panic_snapback,long,market_contra,40
2023-06-24 15:33:00+00:00,0.003266951280763431,fixed_hold,0.026135610246107447,LINK,1m:LINK:panic_snapback:long:market_contra:h40:#1,panic_snapback,long,market_contra,40
2023-06-30 13:39:00+00:00,-0.006487532808398977,fixed_hold,-0.051900262467191816,LINK,1m:LINK:panic_snapback:long:market_contra:h40:#1,panic_snapback,long,market_contra,40
2023-07-14 16:29:00+00:00,-0.007469575123978001,fixed_hold,-0.059756600991824005,XRP,1m:XRP:panic_snapback:long:market_contra:h40:#2,panic_snapback,long,market_contra,40
2023-07-15 10:52:00+00:00,-0.0034081844619858743,fixed_hold,-0.027265475695886995,XRP,1m:XRP:panic_snapback:long:market_contra:h40:#2,panic_snapback,long,market_contra,40
2023-07-15 11:18:00+00:00,-1.2127125731897347e-05,fixed_hold,-9.701700585517878e-05,XRP,1m:XRP:panic_snapback:long:market_contra:h40:#2,panic_snapback,long,market_contra,40
2023-07-17 16:38:00+00:00,-0.007087976942080743,fixed_hold,-0.05670381553664594,XRP,1m:XRP:panic_snapback:long:market_contra:h40:#2,panic_snapback,long,market_contra,40
2023-07-18 06:35:00+00:00,-0.00036524727125725144,fixed_hold,-0.0029219781700580115,XRP,1m:XRP:panic_snapback:long:market_contra:h40:#2,panic_snapback,long,market_contra,40
2023-07-20 20:21:00+00:00,-0.002675025588536328,fixed_hold,-0.021400204708290623,XRP,1m:XRP:panic_snapback:long:market_contra:h40:#2,panic_snapback,long,market_contra,40
2023-07-24 09:51:00+00:00,0.002881962864721477,fixed_hold,0.023055702917771818,LINK,1m:LINK:panic_snapback:long:market_contra:h40:#1,panic_snapback,long,market_contra,40
2023-07-24 09:51:00+00:00,0.0011537244751222424,fixed_hold,0.00922979580097794,XRP,1m:XRP:panic_snapback:long:market_contra:h40:#2,panic_snapback,long,market_contra,40
2023-08-02 14:31:00+00:00,-0.00308483563096501,fixed_hold,-0.02467868504772008,LINK,1m:LINK:panic_snapback:long:market_contra:h40:#1,panic_snapback,long,market_contra,40
2023-08-15 19:09:00+00:00,0.0069971164936562524,fixed_hold,0.05597693194925002,LINK,1m:LINK:panic_snapback:long:market_contra:h40:#1,panic_snapback,long,market_contra,40
2023-08-15 19:09:00+00:00,0.007578088185796028,fixed_hold,0.060624705486368224,XRP,1m:XRP:panic_snapback:long:market_contra:h40:#2,panic_snapback,long,market_contra,40
2023-08-17 00:45:00+00:00,0.005010052122114639,fixed_hold,0.04008041697691711,LINK,1m:LINK:panic_snapback:long:market_contra:h40:#1,panic_snapback,long,market_contra,40
2023-08-17 15:36:00+00:00,-0.0068782106533356036,fixed_hold,-0.05502568522668483,XRP,1m:XRP:panic_snapback:long:market_contra:h40:#2,panic_snapback,long,market_contra,40
2023-08-18 02:54:00+00:00,0.0030845964768537186,fixed_hold,0.02467677181482975,XRP,1m:XRP:panic_snapback:long:market_contra:h40:#2,panic_snapback,long,market_contra,40
2023-08-31 15:42:00+00:00,0.0013389469608981468,fixed_hold,0.010711575687185174,XRP,1m:XRP:panic_snapback:long:market_contra:h40:#2,panic_snapback,long,market_contra,40
2023-08-31 21:09:00+00:00,0.001576740506329111,fixed_hold,0.012613924050632889,XRP,1m:XRP:panic_snapback:long:market_contra:h40:#2,panic_snapback,long,market_contra,40
2023-08-31 21:09:00+00:00,0.002959010722933198,fixed_hold,0.023672085783465583,LINK,1m:LINK:panic_snapback:long:market_contra:h40:#1,panic_snapback,long,market_contra,40
2023-09-20 19:19:00+00:00,0.0021335040234090057,fixed_hold,0.017068032187272045,LINK,1m:LINK:panic_snapback:long:market_contra:h40:#1,panic_snapback,long,market_contra,40
2023-10-09 09:50:00+00:00,-0.0017031281331461585,fixed_hold,-0.013625025065169268,XRP,1m:XRP:panic_snapback:long:market_contra:h40:#2,panic_snapback,long,market_contra,40
2023-10-23 07:55:00+00:00,0.0021768642447418944,fixed_hold,0.017414913957935155,XRP,1m:XRP:panic_snapback:long:market_contra:h40:#2,panic_snapback,long,market_contra,40
2023-10-23 09:42:00+00:00,0.0071126977808737,fixed_hold,0.0569015822469896,LINK,1m:LINK:panic_snapback:long:market_contra:h40:#1,panic_snapback,long,market_contra,40
2023-10-24 18:22:00+00:00,0.00917329804708883,fixed_hold,0.07338638437671063,XRP,1m:XRP:panic_snapback:long:market_contra:h40:#2,panic_snapback,long,market_contra,40
2023-10-25 08:04:00+00:00,-0.002941946185035071,fixed_hold,-0.023535569480280568,LINK,1m:LINK:panic_snapback:long:market_contra:h40:#1,panic_snapback,long,market_contra,40
2023-10-25 08:14:00+00:00,0.0011163295465041472,fixed_hold,0.008930636372033177,LINK,1m:LINK:panic_snapback:long:market_contra:h40:#1,panic_snapback,long,market_contra,40
2023-10-26 10:07:00+00:00,0.005814312441534131,fixed_hold,0.046514499532273046,LINK,1m:LINK:panic_snapback:long:market_contra:h40:#1,panic_snapback,long,market_contra,40
2023-11-02 16:21:00+00:00,0.0025110404817664804,fixed_hold,0.020088323854131843,XRP,1m:XRP:panic_snapback:long:market_contra:h40:#2,panic_snapback,long,market_contra,40
2023-11-05 13:57:00+00:00,0.0008462347496844273,fixed_hold,0.006769877997475419,LINK,1m:LINK:panic_snapback:long:market_contra:h40:#1,panic_snapback,long,market_contra,40
2023-11-07 10:53:00+00:00,0.004589246201504638,fixed_hold,0.0367139696120371,XRP,1m:XRP:panic_snapback:long:market_contra:h40:#2,panic_snapback,long,market_contra,40
2023-11-09 15:27:00+00:00,-0.0017378039900974858,fixed_hold,-0.013902431920779886,XRP,1m:XRP:panic_snapback:long:market_contra:h40:#2,panic_snapback,long,market_contra,40
2023-11-09 16:08:00+00:00,-0.008831646765162238,fixed_hold,-0.0706531741212979,LINK,1m:LINK:panic_snapback:long:market_contra:h40:#1,panic_snapback,long,market_contra,40
2023-11-10 08:18:00+00:00,0.002815343099460355,fixed_hold,0.02252274479568284,XRP,1m:XRP:panic_snapback:long:market_contra:h40:#2,panic_snapback,long,market_contra,40
2023-11-10 08:18:00+00:00,0.0124515541865024,fixed_hold,0.0996124334920192,LINK,1m:LINK:panic_snapback:long:market_contra:h40:#1,panic_snapback,long,market_contra,40
2023-11-10 14:11:00+00:00,0.0007433944668946983,fixed_hold,0.005947155735157587,XRP,1m:XRP:panic_snapback:long:market_contra:h40:#2,panic_snapback,long,market_contra,40
2023-11-10 14:11:00+00:00,0.011838983050847462,fixed_hold,0.0947118644067797,LINK,1m:LINK:panic_snapback:long:market_contra:h40:#1,panic_snapback,long,market_contra,40
2023-11-11 04:04:00+00:00,0.0029264982531577726,fixed_hold,0.02341198602526218,LINK,1m:LINK:panic_snapback:long:market_contra:h40:#1,panic_snapback,long,market_contra,40
2023-11-11 22:01:00+00:00,0.0016404640774290717,fixed_hold,0.013123712619432574,LINK,1m:LINK:panic_snapback:long:market_contra:h40:#1,panic_snapback,long,market_contra,40
2023-11-12 00:41:00+00:00,-2.2566681520174835e-05,fixed_hold,-0.00018053345216139868,LINK,1m:LINK:panic_snapback:long:market_contra:h40:#1,panic_snapback,long,market_contra,40
2023-11-16 15:47:00+00:00,0.00014391500321958616,fixed_hold,0.0011513200257566893,XRP,1m:XRP:panic_snapback:long:market_contra:h40:#2,panic_snapback,long,market_contra,40
2023-11-16 15:47:00+00:00,0.003197909258995935,fixed_hold,0.02558327407196748,LINK,1m:LINK:panic_snapback:long:market_contra:h40:#1,panic_snapback,long,market_contra,40
2023-11-17 14:51:00+00:00,0.00194519392917375,fixed_hold,0.01556155143339,XRP,1m:XRP:panic_snapback:long:market_contra:h40:#2,panic_snapback,long,market_contra,40
2023-11-21 22:57:00+00:00,0.0007913223140496033,fixed_hold,0.006330578512396826,XRP,1m:XRP:panic_snapback:long:market_contra:h40:#2,panic_snapback,long,market_contra,40
2023-12-06 11:35:00+00:00,0.0019228719108383423,fixed_hold,0.015382975286706738,XRP,1m:XRP:panic_snapback:long:market_contra:h40:#2,panic_snapback,long,market_contra,40
2023-12-07 09:16:00+00:00,0.00013321196770615983,fixed_hold,0.0010656957416492786,XRP,1m:XRP:panic_snapback:long:market_contra:h40:#2,panic_snapback,long,market_contra,40
2023-12-07 12:25:00+00:00,0.0043665089557282655,fixed_hold,0.034932071645826124,LINK,1m:LINK:panic_snapback:long:market_contra:h40:#1,panic_snapback,long,market_contra,40
2023-12-18 10:33:00+00:00,0.007907687028139987,fixed_hold,0.0632614962251199,XRP,1m:XRP:panic_snapback:long:market_contra:h40:#2,panic_snapback,long,market_contra,40
2023-12-28 03:22:00+00:00,0.005971171223692673,fixed_hold,0.04776936978954138,LINK,1m:LINK:panic_snapback:long:market_contra:h40:#1,panic_snapback,long,market_contra,40
2023-12-28 14:43:00+00:00,0.000551784940914402,fixed_hold,0.004414279527315216,LINK,1m:LINK:panic_snapback:long:market_contra:h40:#1,panic_snapback,long,market_contra,40
2024-01-03 12:10:00+00:00,0.03505001169408278,fixed_hold,0.28040009355266227,LINK,1m:LINK:panic_snapback:long:market_contra:h40:#1,panic_snapback,long,market_contra,40
2024-01-08 03:27:00+00:00,0.011180963679503442,fixed_hold,0.08944770943602753,XRP,1m:XRP:panic_snapback:long:market_contra:h40:#2,panic_snapback,long,market_contra,40
2024-01-11 13:32:00+00:00,-0.00043527089131983844,fixed_hold,-0.0034821671305587075,LINK,1m:LINK:panic_snapback:long:market_contra:h40:#1,panic_snapback,long,market_contra,40
2024-01-11 13:32:00+00:00,0.0007230919765167103,fixed_hold,0.005784735812133682,XRP,1m:XRP:panic_snapback:long:market_contra:h40:#2,panic_snapback,long,market_contra,40
2024-01-12 17:22:00+00:00,0.006144518272425292,fixed_hold,0.04915614617940234,XRP,1m:XRP:panic_snapback:long:market_contra:h40:#2,panic_snapback,long,market_contra,40
2024-01-12 22:22:00+00:00,0.0056420687199572606,fixed_hold,0.045136549759658084,XRP,1m:XRP:panic_snapback:long:market_contra:h40:#2,panic_snapback,long,market_contra,40
2024-01-12 22:22:00+00:00,0.005328687278256472,fixed_hold,0.042629498226051776,LINK,1m:LINK:panic_snapback:long:market_contra:h40:#1,panic_snapback,long,market_contra,40
2024-01-14 23:54:00+00:00,0.005836805555555602,fixed_hold,0.046694444444444816,XRP,1m:XRP:panic_snapback:long:market_contra:h40:#2,panic_snapback,long,market_contra,40
2024-02-17 14:34:00+00:00,-0.0016108240764660105,fixed_hold,-0.012886592611728084,LINK,1m:LINK:panic_snapback:long:market_contra:h40:#1,panic_snapback,long,market_contra,40
2024-02-28 11:53:00+00:00,-0.0001559435747462974,fixed_hold,-0.0012475485979703792,XRP,1m:XRP:panic_snapback:long:market_contra:h40:#2,panic_snapback,long,market_contra,40
2024-02-28 11:53:00+00:00,-0.0017170490444870508,fixed_hold,-0.013736392355896406,LINK,1m:LINK:panic_snapback:long:market_contra:h40:#1,panic_snapback,long,market_contra,40
2024-02-29 16:41:00+00:00,0.001063287947554226,fixed_hold,0.008506303580433808,LINK,1m:LINK:panic_snapback:long:market_contra:h40:#1,panic_snapback,long,market_contra,40
2024-02-29 16:41:00+00:00,-0.0008305785123966509,fixed_hold,-0.0066446280991732075,XRP,1m:XRP:panic_snapback:long:market_contra:h40:#2,panic_snapback,long,market_contra,40
2024-02-29 17:42:00+00:00,0.008790257783729494,fixed_hold,0.07032206226983595,XRP,1m:XRP:panic_snapback:long:market_contra:h40:#2,panic_snapback,long,market_contra,40
2024-02-29 17:42:00+00:00,0.0022060145001531755,fixed_hold,0.017648116001225404,LINK,1m:LINK:panic_snapback:long:market_contra:h40:#1,panic_snapback,long,market_contra,40
2024-03-02 14:28:00+00:00,0.0028191085822664723,fixed_hold,0.02255286865813178,XRP,1m:XRP:panic_snapback:long:market_contra:h40:#2,panic_snapback,long,market_contra,40
2024-03-05 15:25:00+00:00,-0.01368238213399503,fixed_hold,-0.10945905707196024,XRP,1m:XRP:panic_snapback:long:market_contra:h40:#2,panic_snapback,long,market_contra,40
2024-03-05 15:32:00+00:00,-0.013784074831001414,fixed_hold,-0.11027259864801131,XRP,1m:XRP:panic_snapback:long:market_contra:h40:#2,panic_snapback,long,market_contra,40
2024-03-05 15:32:00+00:00,-0.010111602753195614,fixed_hold,-0.08089282202556491,LINK,1m:LINK:panic_snapback:long:market_contra:h40:#1,panic_snapback,long,market_contra,40
2024-03-05 17:10:00+00:00,0.004440071266602008,fixed_hold,0.035520570132816065,XRP,1m:XRP:panic_snapback:long:market_contra:h40:#2,panic_snapback,long,market_contra,40
2024-03-05 19:57:00+00:00,0.008470218873340485,fixed_hold,0.06776175098672388,XRP,1m:XRP:panic_snapback:long:market_contra:h40:#2,panic_snapback,long,market_contra,40
2024-03-05 19:57:00+00:00,0.008355353075170824,fixed_hold,0.06684282460136659,LINK,1m:LINK:panic_snapback:long:market_contra:h40:#1,panic_snapback,long,market_contra,40
2024-03-06 02:52:00+00:00,0.004701109570041606,fixed_hold,0.03760887656033285,XRP,1m:XRP:panic_snapback:long:market_contra:h40:#2,panic_snapback,long,market_contra,40
2024-03-08 16:03:00+00:00,0.009910192666252315,fixed_hold,0.07928154133001852,LINK,1m:LINK:panic_snapback:long:market_contra:h40:#1,panic_snapback,long,market_contra,40
2024-03-11 21:07:00+00:00,0.0018670286828182396,fixed_hold,0.014936229462545917,XRP,1m:XRP:panic_snapback:long:market_contra:h40:#2,panic_snapback,long,market_contra,40
2024-03-13 13:38:00+00:00,-0.0003527896363904599,fixed_hold,-0.0028223170911236793,XRP,1m:XRP:panic_snapback:long:market_contra:h40:#2,panic_snapback,long,market_contra,40
2024-03-14 13:34:00+00:00,-0.004420118343195334,fixed_hold,-0.03536094674556267,XRP,1m:XRP:panic_snapback:long:market_contra:h40:#2,panic_snapback,long,market_contra,40
2024-03-15 03:22:00+00:00,-0.0007362948960303313,fixed_hold,-0.00589035916824265,XRP,1m:XRP:panic_snapback:long:market_contra:h40:#2,panic_snapback,long,market_contra,40
2024-03-15 03:24:00+00:00,-0.002953308008863564,fixed_hold,-0.02362646407090851,XRP,1m:XRP:panic_snapback:long:market_contra:h40:#2,panic_snapback,long,market_contra,40
2024-03-15 08:44:00+00:00,-0.0011470397929472793,fixed_hold,-0.009176318343578235,XRP,1m:XRP:panic_snapback:long:market_contra:h40:#2,panic_snapback,long,market_contra,40
2024-03-16 21:21:00+00:00,0.0005795548912141406,fixed_hold,0.004636439129713125,XRP,1m:XRP:panic_snapback:long:market_contra:h40:#2,panic_snapback,long,market_contra,40
2024-03-18 16:55:00+00:00,0.0008322457857530834,fixed_hold,0.006657966286024667,LINK,1m:LINK:panic_snapback:long:market_contra:h40:#1,panic_snapback,long,market_contra,40
2024-03-19 03:40:00+00:00,0.0018872242344418204,fixed_hold,0.015097793875534563,XRP,1m:XRP:panic_snapback:long:market_contra:h40:#2,panic_snapback,long,market_contra,40
2024-03-19 05:41:00+00:00,0.003935888851690661,fixed_hold,0.03148711081352529,XRP,1m:XRP:panic_snapback:long:market_contra:h40:#2,panic_snapback,long,market_contra,40
2024-03-19 09:12:00+00:00,0.01108167675021604,fixed_hold,0.08865341400172833,XRP,1m:XRP:panic_snapback:long:market_contra:h40:#2,panic_snapback,long,market_contra,40
2024-03-20 16:24:00+00:00,-0.0003268997749697462,fixed_hold,-0.0026151981997579697,XRP,1m:XRP:panic_snapback:long:market_contra:h40:#2,panic_snapback,long,market_contra,40
2024-03-21 05:22:00+00:00,0.0045782550782551,fixed_hold,0.0366260406260408,XRP,1m:XRP:panic_snapback:long:market_contra:h40:#2,panic_snapback,long,market_contra,40
2024-03-22 14:23:00+00:00,-0.00012757119119916017,fixed_hold,-0.0010205695295932814,LINK,1m:LINK:panic_snapback:long:market_contra:h40:#1,panic_snapback,long,market_contra,40
2024-03-22 14:23:00+00:00,0.004234219269103001,fixed_hold,0.03387375415282401,XRP,1m:XRP:panic_snapback:long:market_contra:h40:#2,panic_snapback,long,market_contra,40
2024-04-08 19:34:00+00:00,-0.0005553311569744808,fixed_hold,-0.004442649255795846,LINK,1m:LINK:panic_snapback:long:market_contra:h40:#1,panic_snapback,long,market_contra,40
2024-04-09 14:37:00+00:00,-0.005480719794344446,fixed_hold,-0.04384575835475557,XRP,1m:XRP:panic_snapback:long:market_contra:h40:#2,panic_snapback,long,market_contra,40
2024-04-13 17:37:00+00:00,0.004638564037139414,fixed_hold,0.037108512297115315,LINK,1m:LINK:panic_snapback:long:market_contra:h40:#1,panic_snapback,long,market_contra,40
2024-04-13 20:09:00+00:00,-0.009395358240336382,fixed_hold,-0.07516286592269106,LINK,1m:LINK:panic_snapback:long:market_contra:h40:#1,panic_snapback,long,market_contra,40
2024-04-13 20:50:00+00:00,0.01228212805158918,fixed_hold,0.09825702441271345,XRP,1m:XRP:panic_snapback:long:market_contra:h40:#2,panic_snapback,long,market_contra,40
2024-04-14 17:16:00+00:00,0.0012623885548413431,fixed_hold,0.010099108438730745,XRP,1m:XRP:panic_snapback:long:market_contra:h40:#2,panic_snapback,long,market_contra,40
2024-04-15 14:40:00+00:00,-0.004392992613296065,fixed_hold,-0.03514394090636852,XRP,1m:XRP:panic_snapback:long:market_contra:h40:#2,panic_snapback,long,market_contra,40
2024-04-16 15:41:00+00:00,0.0035231070765421872,fixed_hold,0.028184856612337498,XRP,1m:XRP:panic_snapback:long:market_contra:h40:#2,panic_snapback,long,market_contra,40
2024-04-17 15:30:00+00:00,0.002218527812630711,fixed_hold,0.01774822250104569,XRP,1m:XRP:panic_snapback:long:market_contra:h40:#2,panic_snapback,long,market_contra,40
2024-04-17 15:34:00+00:00,0.00506021821233732,fixed_hold,0.04048174569869856,XRP,1m:XRP:panic_snapback:long:market_contra:h40:#2,panic_snapback,long,market_contra,40
2024-04-19 01:38:00+00:00,-0.007058400999375436,fixed_hold,-0.05646720799500349,XRP,1m:XRP:panic_snapback:long:market_contra:h40:#2,panic_snapback,long,market_contra,40
2024-04-19 23:04:00+00:00,0.008635910315207107,fixed_hold,0.06908728252165686,LINK,1m:LINK:panic_snapback:long:market_contra:h40:#1,panic_snapback,long,market_contra,40
2024-04-27 01:18:00+00:00,-0.0023068447530645293,fixed_hold,-0.018454758024516234,LINK,1m:LINK:panic_snapback:long:market_contra:h40:#1,panic_snapback,long,market_contra,40
2024-04-30 19:17:00+00:00,-0.00100494849525351,fixed_hold,-0.00803958796202808,XRP,1m:XRP:panic_snapback:long:market_contra:h40:#2,panic_snapback,long,market_contra,40
2024-05-01 07:09:00+00:00,-0.004206304619225998,fixed_hold,-0.03365043695380798,LINK,1m:LINK:panic_snapback:long:market_contra:h40:#1,panic_snapback,long,market_contra,40
2024-05-02 01:36:00+00:00,0.0001835937500000444,fixed_hold,0.0014687500000003552,XRP,1m:XRP:panic_snapback:long:market_contra:h40:#2,panic_snapback,long,market_contra,40
2024-05-10 14:37:00+00:00,-0.004465107057890549,fixed_hold,-0.035720856463124395,XRP,1m:XRP:panic_snapback:long:market_contra:h40:#2,panic_snapback,long,market_contra,40
2024-05-23 18:11:00+00:00,-1.9415609380956777e-05,fixed_hold,-0.00015532487504765422,XRP,1m:XRP:panic_snapback:long:market_contra:h40:#2,panic_snapback,long,market_contra,40
2024-06-18 01:44:00+00:00,0.010932766939374783,fixed_hold,0.08746213551499826,XRP,1m:XRP:panic_snapback:long:market_contra:h40:#2,panic_snapback,long,market_contra,40
2024-06-24 17:12:00+00:00,-0.0018724662162162282,fixed_hold,-0.014979729729729826,XRP,1m:XRP:panic_snapback:long:market_contra:h40:#2,panic_snapback,long,market_contra,40
2024-07-04 01:57:00+00:00,0.0029088409940620234,fixed_hold,0.023270727952496188,XRP,1m:XRP:panic_snapback:long:market_contra:h40:#2,panic_snapback,long,market_contra,40
2024-07-08 14:34:00+00:00,0.01052418207681366,fixed_hold,0.08419345661450928,XRP,1m:XRP:panic_snapback:long:market_contra:h40:#2,panic_snapback,long,market_contra,40
2024-07-13 16:57:00+00:00,-0.0004230532471530264,fixed_hold,-0.003384425977224211,LINK,1m:LINK:panic_snapback:long:market_contra:h40:#1,panic_snapback,long,market_contra,40
2024-07-16 06:55:00+00:00,0.002294336810730158,fixed_hold,0.018354694485841264,XRP,1m:XRP:panic_snapback:long:market_contra:h40:#2,panic_snapback,long,market_contra,40
2024-07-17 10:22:00+00:00,-0.0008269042170643832,fixed_hold,-0.006615233736515066,XRP,1m:XRP:panic_snapback:long:market_contra:h40:#2,panic_snapback,long,market_contra,40
2024-07-18 05:23:00+00:00,-0.0017851267991775828,fixed_hold,-0.014281014393420662,XRP,1m:XRP:panic_snapback:long:market_contra:h40:#2,panic_snapback,long,market_contra,40
2024-07-19 00:25:00+00:00,-0.005199078257726364,fixed_hold,-0.04159262606181091,XRP,1m:XRP:panic_snapback:long:market_contra:h40:#2,panic_snapback,long,market_contra,40
2024-07-21 05:26:00+00:00,-0.0029239384821129195,fixed_hold,-0.023391507856903356,XRP,1m:XRP:panic_snapback:long:market_contra:h40:#2,panic_snapback,long,market_contra,40
2024-07-21 11:27:00+00:00,0.0027702237521514688,fixed_hold,0.02216179001721175,XRP,1m:XRP:panic_snapback:long:market_contra:h40:#2,panic_snapback,long,market_contra,40
2024-07-21 17:53:00+00:00,0.0027534246575343095,fixed_hold,0.022027397260274476,XRP,1m:XRP:panic_snapback:long:market_contra:h40:#2,panic_snapback,long,market_contra,40
2024-07-23 16:52:00+00:00,0.0003542627712284645,fixed_hold,0.002834102169827716,XRP,1m:XRP:panic_snapback:long:market_contra:h40:#2,panic_snapback,long,market_contra,40
2024-07-31 04:40:00+00:00,-0.005065150108325589,fixed_hold,-0.04052120086660471,XRP,1m:XRP:panic_snapback:long:market_contra:h40:#2,panic_snapback,long,market_contra,40
2024-07-31 19:53:00+00:00,-0.0042148276952260755,fixed_hold,-0.033718621561808604,XRP,1m:XRP:panic_snapback:long:market_contra:h40:#2,panic_snapback,long,market_contra,40
2024-07-31 20:12:00+00:00,-0.0007393107849394394,fixed_hold,-0.005914486279515515,XRP,1m:XRP:panic_snapback:long:market_contra:h40:#2,panic_snapback,long,market_contra,40
2024-08-01 01:36:00+00:00,-0.006121586893671704,fixed_hold,-0.048972695149373635,XRP,1m:XRP:panic_snapback:long:market_contra:h40:#2,panic_snapback,long,market_contra,40
2024-08-01 02:06:00+00:00,-0.003252590673575195,fixed_hold,-0.02602072538860156,XRP,1m:XRP:panic_snapback:long:market_contra:h40:#2,panic_snapback,long,market_contra,40
2024-08-01 15:01:00+00:00,-0.005049283909014379,fixed_hold,-0.040394271272115034,XRP,1m:XRP:panic_snapback:long:market_contra:h40:#2,panic_snapback,long,market_contra,40
2024-08-02 14:37:00+00:00,-0.015556022408963588,fixed_hold,-0.1244481792717087,XRP,1m:XRP:panic_snapback:long:market_contra:h40:#2,panic_snapback,long,market_contra,40
2024-08-03 16:17:00+00:00,0.005618409213604514,fixed_hold,0.04494727370883611,XRP,1m:XRP:panic_snapback:long:market_contra:h40:#2,panic_snapback,long,market_contra,40
2024-08-03 18:33:00+00:00,0.0024175784099197965,fixed_hold,0.019340627279358372,XRP,1m:XRP:panic_snapback:long:market_contra:h40:#2,panic_snapback,long,market_contra,40
2024-08-04 16:47:00+00:00,-0.0018305455236646835,fixed_hold,-0.014644364189317468,XRP,1m:XRP:panic_snapback:long:market_contra:h40:#2,panic_snapback,long,market_contra,40
2024-08-05 00:39:00+00:00,-0.026135969236836865,fixed_hold,-0.20908775389469492,XRP,1m:XRP:panic_snapback:long:market_contra:h40:#2,panic_snapback,long,market_contra,40
2024-08-05 01:09:00+00:00,0.021598551977523306,fixed_hold,0.17278841582018645,LINK,1m:LINK:panic_snapback:long:market_contra:h40:#1,panic_snapback,long,market_contra,40
2024-08-05 06:20:00+00:00,0.0028185840707964376,fixed_hold,0.0225486725663715,XRP,1m:XRP:panic_snapback:long:market_contra:h40:#2,panic_snapback,long,market_contra,40
2024-08-05 06:41:00+00:00,0.04300490196078427,fixed_hold,0.34403921568627416,LINK,1m:LINK:panic_snapback:long:market_contra:h40:#1,panic_snapback,long,market_contra,40
2024-08-07 14:27:00+00:00,0.0005006003602162083,fixed_hold,0.004004802881729667,XRP,1m:XRP:panic_snapback:long:market_contra:h40:#2,panic_snapback,long,market_contra,40
2024-08-12 14:01:00+00:00,0.01281784054343943,fixed_hold,0.10254272434751543,XRP,1m:XRP:panic_snapback:long:market_contra:h40:#2,panic_snapback,long,market_contra,40
2024-08-15 18:03:00+00:00,0.005337973774025617,fixed_hold,0.04270379019220494,XRP,1m:XRP:panic_snapback:long:market_contra:h40:#2,panic_snapback,long,market_contra,40
2024-08-21 13:43:00+00:00,0.0037502550153009633,fixed_hold,0.030002040122407706,XRP,1m:XRP:panic_snapback:long:market_contra:h40:#2,panic_snapback,long,market_contra,40
2024-08-22 00:26:00+00:00,-0.0005,fixed_hold,-0.004,LINK,1m:LINK:panic_snapback:long:market_contra:h40:#1,panic_snapback,long,market_contra,40
2024-08-28 16:20:00+00:00,0.010065902578796637,fixed_hold,0.0805272206303731,XRP,1m:XRP:panic_snapback:long:market_contra:h40:#2,panic_snapback,long,market_contra,40
2024-08-30 15:38:00+00:00,-4.4460641399346034e-05,fixed_hold,-0.00035568513119476827,XRP,1m:XRP:panic_snapback:long:market_contra:h40:#2,panic_snapback,long,market_contra,40
2024-09-06 15:18:00+00:00,0.0030420256557534557,fixed_hold,0.024336205246027646,XRP,1m:XRP:panic_snapback:long:market_contra:h40:#2,panic_snapback,long,market_contra,40
2024-09-11 01:34:00+00:00,0.00470833333333337,fixed_hold,0.03766666666666696,LINK,1m:LINK:panic_snapback:long:market_contra:h40:#1,panic_snapback,long,market_contra,40
2024-09-22 22:03:00+00:00,0.005707966890843241,fixed_hold,0.04566373512674593,XRP,1m:XRP:panic_snapback:long:market_contra:h40:#2,panic_snapback,long,market_contra,40
2024-10-01 17:19:00+00:00,0.010221781184414691,fixed_hold,0.08177424947531753,LINK,1m:LINK:panic_snapback:long:market_contra:h40:#1,panic_snapback,long,market_contra,40
2024-10-03 07:45:00+00:00,-0.006691655553438813,fixed_hold,-0.05353324442751051,XRP,1m:XRP:panic_snapback:long:market_contra:h40:#2,panic_snapback,long,market_contra,40
2024-10-03 15:27:00+00:00,0.007682349503214614,fixed_hold,0.06145879602571691,XRP,1m:XRP:panic_snapback:long:market_contra:h40:#2,panic_snapback,long,market_contra,40
2024-10-15 14:38:00+00:00,-0.0020784586815226764,fixed_hold,-0.01662766945218141,XRP,1m:XRP:panic_snapback:long:market_contra:h40:#2,panic_snapback,long,market_contra,40
2024-10-15 15:08:00+00:00,0.005316135084427798,fixed_hold,0.04252908067542238,XRP,1m:XRP:panic_snapback:long:market_contra:h40:#2,panic_snapback,long,market_contra,40
2024-10-23 18:05:00+00:00,0.002617085525034091,fixed_hold,0.02093668420027273,XRP,1m:XRP:panic_snapback:long:market_contra:h40:#2,panic_snapback,long,market_contra,40
2024-10-25 19:05:00+00:00,0.0006253462603878495,fixed_hold,0.005002770083102796,LINK,1m:LINK:panic_snapback:long:market_contra:h40:#1,panic_snapback,long,market_contra,40
2024-10-25 23:24:00+00:00,0.0060882829920940185,fixed_hold,0.04870626393675215,XRP,1m:XRP:panic_snapback:long:market_contra:h40:#2,panic_snapback,long,market_contra,40
2024-10-25 23:24:00+00:00,0.0018291925465838137,fixed_hold,0.01463354037267051,LINK,1m:LINK:panic_snapback:long:market_contra:h40:#1,panic_snapback,long,market_contra,40
2024-11-06 08:05:00+00:00,0.002029583261876134,fixed_hold,0.01623666609500907,LINK,1m:LINK:panic_snapback:long:market_contra:h40:#1,panic_snapback,long,market_contra,40
2024-11-10 19:48:00+00:00,-0.0024122453236909975,fixed_hold,-0.01929796258952798,LINK,1m:LINK:panic_snapback:long:market_contra:h40:#1,panic_snapback,long,market_contra,40
2024-11-10 19:48:00+00:00,-0.005357621440536031,fixed_hold,-0.04286097152428825,XRP,1m:XRP:panic_snapback:long:market_contra:h40:#2,panic_snapback,long,market_contra,40
2024-11-12 15:45:00+00:00,-0.010478150036416667,fixed_hold,-0.08382520029133333,XRP,1m:XRP:panic_snapback:long:market_contra:h40:#2,panic_snapback,long,market_contra,40
2024-11-13 19:28:00+00:00,-0.005565856129685909,fixed_hold,-0.04452684903748727,XRP,1m:XRP:panic_snapback:long:market_contra:h40:#2,panic_snapback,long,market_contra,40
2024-11-13 19:36:00+00:00,0.0008892951155308752,fixed_hold,0.007114360924247002,XRP,1m:XRP:panic_snapback:long:market_contra:h40:#2,panic_snapback,long,market_contra,40
2024-11-13 21:06:00+00:00,0.008723445403153784,fixed_hold,0.06978756322523028,XRP,1m:XRP:panic_snapback:long:market_contra:h40:#2,panic_snapback,long,market_contra,40
2024-11-15 04:40:00+00:00,-0.0006872892995379849,fixed_hold,-0.005498314396303879,XRP,1m:XRP:panic_snapback:long:market_contra:h40:#2,panic_snapback,long,market_contra,40
2024-11-17 01:34:00+00:00,-0.021770699092357737,fixed_hold,-0.1741655927388619,LINK,1m:LINK:panic_snapback:long:market_contra:h40:#1,panic_snapback,long,market_contra,40
2024-11-17 02:08:00+00:00,0.0043070024393743744,fixed_hold,0.034456019514994995,LINK,1m:LINK:panic_snapback:long:market_contra:h40:#1,panic_snapback,long,market_contra,40
2024-11-19 08:17:00+00:00,0.001651620582310887,fixed_hold,0.013212964658487095,XRP,1m:XRP:panic_snapback:long:market_contra:h40:#2,panic_snapback,long,market_contra,40
2024-11-19 14:34:00+00:00,0.0028909327387589005,fixed_hold,0.023127461910071204,XRP,1m:XRP:panic_snapback:long:market_contra:h40:#2,panic_snapback,long,market_contra,40
2024-11-19 20:48:00+00:00,-0.007295324816526172,fixed_hold,-0.058362598532209375,XRP,1m:XRP:panic_snapback:long:market_contra:h40:#2,panic_snapback,long,market_contra,40
2024-11-20 16:18:00+00:00,-0.006986486486486587,fixed_hold,-0.0558918918918927,XRP,1m:XRP:panic_snapback:long:market_contra:h40:#2,panic_snapback,long,market_contra,40
2024-11-20 16:22:00+00:00,-9.109495683784453e-05,fixed_hold,-0.0007287596547027562,XRP,1m:XRP:panic_snapback:long:market_contra:h40:#2,panic_snapback,long,market_contra,40
2024-11-21 02:26:00+00:00,0.003766446462978246,fixed_hold,0.03013157170382597,XRP,1m:XRP:panic_snapback:long:market_contra:h40:#2,panic_snapback,long,market_contra,40
2024-11-24 05:38:00+00:00,0.0025191560244308135,fixed_hold,0.02015324819544651,XRP,1m:XRP:panic_snapback:long:market_contra:h40:#2,panic_snapback,long,market_contra,40
2024-11-24 12:44:00+00:00,0.014881786983698964,fixed_hold,0.11905429586959171,LINK,1m:LINK:panic_snapback:long:market_contra:h40:#1,panic_snapback,long,market_contra,40
2024-11-24 12:44:00+00:00,0.023224837293779388,fixed_hold,0.1857986983502351,XRP,1m:XRP:panic_snapback:long:market_contra:h40:#2,panic_snapback,long,market_contra,40
2024-11-24 15:35:00+00:00,0.011546819183704427,fixed_hold,0.09237455346963541,XRP,1m:XRP:panic_snapback:long:market_contra:h40:#2,panic_snapback,long,market_contra,40
2024-11-25 01:19:00+00:00,0.001641716277043737,fixed_hold,0.013133730216349896,XRP,1m:XRP:panic_snapback:long:market_contra:h40:#2,panic_snapback,long,market_contra,40
2024-11-25 13:07:00+00:00,-0.004657218442932709,fixed_hold,-0.03725774754346167,XRP,1m:XRP:panic_snapback:long:market_contra:h40:#2,panic_snapback,long,market_contra,40
2024-11-25 18:49:00+00:00,0.0057207960367055555,fixed_hold,0.045766368293644444,LINK,1m:LINK:panic_snapback:long:market_contra:h40:#1,panic_snapback,long,market_contra,40
2024-11-25 21:45:00+00:00,-0.0012744297381019894,fixed_hold,-0.010195437904815915,XRP,1m:XRP:panic_snapback:long:market_contra:h40:#2,panic_snapback,long,market_contra,40
2024-11-26 03:22:00+00:00,0.0035038994498990954,fixed_hold,0.028031195599192763,XRP,1m:XRP:panic_snapback:long:market_contra:h40:#2,panic_snapback,long,market_contra,40
2024-11-26 11:03:00+00:00,-0.010426775873782768,fixed_hold,-0.08341420699026214,XRP,1m:XRP:panic_snapback:long:market_contra:h40:#2,panic_snapback,long,market_contra,40
2024-11-27 00:53:00+00:00,0.0011710258645742382,fixed_hold,0.009368206916593905,XRP,1m:XRP:panic_snapback:long:market_contra:h40:#2,panic_snapback,long,market_contra,40
2024-11-27 05:06:00+00:00,0.004241476631293761,fixed_hold,0.03393181305035009,LINK,1m:LINK:panic_snapback:long:market_contra:h40:#1,panic_snapback,long,market_contra,40
2024-11-28 03:32:00+00:00,0.0066601521964718136,fixed_hold,0.05328121757177451,XRP,1m:XRP:panic_snapback:long:market_contra:h40:#2,panic_snapback,long,market_contra,40
2024-12-01 16:03:00+00:00,0.0027565528196981663,fixed_hold,0.02205242255758533,XRP,1m:XRP:panic_snapback:long:market_contra:h40:#2,panic_snapback,long,market_contra,40
2024-12-02 06:02:00+00:00,-0.004098453693041626,fixed_hold,-0.03278762954433301,XRP,1m:XRP:panic_snapback:long:market_contra:h40:#2,panic_snapback,long,market_contra,40
2024-12-02 06:26:00+00:00,0.015546267087276633,fixed_hold,0.12437013669821306,XRP,1m:XRP:panic_snapback:long:market_contra:h40:#2,panic_snapback,long,market_contra,40
2024-12-02 07:24:00+00:00,0.004968782367319957,fixed_hold,0.03975025893855966,XRP,1m:XRP:panic_snapback:long:market_contra:h40:#2,panic_snapback,long,market_contra,40
2024-12-02 10:58:00+00:00,0.012643288486301751,fixed_hold,0.10114630789041401,XRP,1m:XRP:panic_snapback:long:market_contra:h40:#2,panic_snapback,long,market_contra,40
2024-12-03 06:55:00+00:00,-0.0176016249384493,fixed_hold,-0.1408129995075944,XRP,1m:XRP:panic_snapback:long:market_contra:h40:#2,panic_snapback,long,market_contra,40
2024-12-03 11:03:00+00:00,-0.0025271355170198846,fixed_hold,-0.020217084136159077,LINK,1m:LINK:panic_snapback:long:market_contra:h40:#1,panic_snapback,long,market_contra,40
2024-12-08 04:09:00+00:00,-3.314659197012305e-05,fixed_hold,-0.0002651727357609844,XRP,1m:XRP:panic_snapback:long:market_contra:h40:#2,panic_snapback,long,market_contra,40
2024-12-09 07:13:00+00:00,0.004884329743780225,fixed_hold,0.0390746379502418,XRP,1m:XRP:panic_snapback:long:market_contra:h40:#2,panic_snapback,long,market_contra,40
2024-12-09 07:18:00+00:00,0.006259558762544526,fixed_hold,0.05007647010035621,XRP,1m:XRP:panic_snapback:long:market_contra:h40:#2,panic_snapback,long,market_contra,40
2024-12-09 21:05:00+00:00,0.03911352657004835,fixed_hold,0.3129082125603868,LINK,1m:LINK:panic_snapback:long:market_contra:h40:#1,panic_snapback,long,market_contra,40
2024-12-11 13:16:00+00:00,0.00727868255260794,fixed_hold,0.05822946042086352,XRP,1m:XRP:panic_snapback:long:market_contra:h40:#2,panic_snapback,long,market_contra,40
2024-12-12 19:47:00+00:00,-0.0034097963142580285,fixed_hold,-0.02727837051406423,XRP,1m:XRP:panic_snapback:long:market_contra:h40:#2,panic_snapback,long,market_contra,40
2024-12-14 00:46:00+00:00,-0.006593886024241602,fixed_hold,-0.052751088193932816,LINK,1m:LINK:panic_snapback:long:market_contra:h40:#1,panic_snapback,long,market_contra,40
2024-12-17 23:02:00+00:00,0.005056214655751956,fixed_hold,0.04044971724601565,XRP,1m:XRP:panic_snapback:long:market_contra:h40:#2,panic_snapback,long,market_contra,40
2024-12-18 01:53:00+00:00,0.005819644052447226,fixed_hold,0.04655715241957781,XRP,1m:XRP:panic_snapback:long:market_contra:h40:#2,panic_snapback,long,market_contra,40
2024-12-18 04:02:00+00:00,-0.0027197336319642047,fixed_hold,-0.021757869055713638,XRP,1m:XRP:panic_snapback:long:market_contra:h40:#2,panic_snapback,long,market_contra,40
2024-12-18 19:47:00+00:00,-0.016172697490879295,fixed_hold,-0.12938157992703436,LINK,1m:LINK:panic_snapback:long:market_contra:h40:#1,panic_snapback,long,market_contra,40
2024-12-18 20:08:00+00:00,0.004788275506255657,fixed_hold,0.038306204050045256,XRP,1m:XRP:panic_snapback:long:market_contra:h40:#2,panic_snapback,long,market_contra,40
2024-12-23 14:47:00+00:00,0.0017412102535368516,fixed_hold,0.013929682028294813,XRP,1m:XRP:panic_snapback:long:market_contra:h40:#2,panic_snapback,long,market_contra,40
2024-12-27 15:19:00+00:00,0.00110996780064393,fixed_hold,0.00887974240515144,XRP,1m:XRP:panic_snapback:long:market_contra:h40:#2,panic_snapback,long,market_contra,40
2024-12-31 15:08:00+00:00,0.0030714285714286698,fixed_hold,0.024571428571429358,XRP,1m:XRP:panic_snapback:long:market_contra:h40:#2,panic_snapback,long,market_contra,40
2025-01-07 20:46:00+00:00,0.005175795053003529,fixed_hold,0.04140636042402823,XRP,1m:XRP:panic_snapback:long:market_contra:h40:#2,panic_snapback,long,market_contra,40
2025-01-10 13:38:00+00:00,0.011838455276279636,fixed_hold,0.09470764221023709,LINK,1m:LINK:panic_snapback:long:market_contra:h40:#1,panic_snapback,long,market_contra,40
2025-01-10 13:38:00+00:00,0.011164074650077682,fixed_hold,0.08931259720062146,XRP,1m:XRP:panic_snapback:long:market_contra:h40:#2,panic_snapback,long,market_contra,40
2025-01-16 14:46:00+00:00,0.013646931100864068,fixed_hold,0.10917544880691255,LINK,1m:LINK:panic_snapback:long:market_contra:h40:#1,panic_snapback,long,market_contra,40
2025-01-16 19:01:00+00:00,0.005883552611862075,fixed_hold,0.0470684208948966,XRP,1m:XRP:panic_snapback:long:market_contra:h40:#2,panic_snapback,long,market_contra,40
2025-01-19 11:52:00+00:00,0.007507876599934404,fixed_hold,0.060063012799475235,XRP,1m:XRP:panic_snapback:long:market_contra:h40:#2,panic_snapback,long,market_contra,40
2025-01-19 21:28:00+00:00,-0.023973617089111998,fixed_hold,-0.19178893671289599,LINK,1m:LINK:panic_snapback:long:market_contra:h40:#1,panic_snapback,long,market_contra,40
2025-01-20 15:18:00+00:00,-0.009001051366776813,fixed_hold,-0.0720084109342145,XRP,1m:XRP:panic_snapback:long:market_contra:h40:#2,panic_snapback,long,market_contra,40
2025-01-20 15:44:00+00:00,0.0010407615328288937,fixed_hold,0.00832609226263115,XRP,1m:XRP:panic_snapback:long:market_contra:h40:#2,panic_snapback,long,market_contra,40
2025-01-21 02:03:00+00:00,0.0006058708733127087,fixed_hold,0.00484696698650167,XRP,1m:XRP:panic_snapback:long:market_contra:h40:#2,panic_snapback,long,market_contra,40
2025-01-21 15:05:00+00:00,0.004558693819313897,fixed_hold,0.036469550554511176,XRP,1m:XRP:panic_snapback:long:market_contra:h40:#2,panic_snapback,long,market_contra,40
2025-01-27 06:31:00+00:00,-0.011832322953981789,fixed_hold,-0.09465858363185431,XRP,1m:XRP:panic_snapback:long:market_contra:h40:#2,panic_snapback,long,market_contra,40
2025-02-01 23:06:00+00:00,0.004574991280083707,fixed_hold,0.036599930240669654,XRP,1m:XRP:panic_snapback:long:market_contra:h40:#2,panic_snapback,long,market_contra,40
2025-02-02 16:36:00+00:00,-0.0117363636363636,fixed_hold,-0.0938909090909088,XRP,1m:XRP:panic_snapback:long:market_contra:h40:#2,panic_snapback,long,market_contra,40
2025-02-02 22:41:00+00:00,0.002438643157521459,fixed_hold,0.01950914526017167,LINK,1m:LINK:panic_snapback:long:market_contra:h40:#1,panic_snapback,long,market_contra,40
2025-02-03 00:21:00+00:00,-0.010952603909972047,fixed_hold,-0.08762083127977638,XRP,1m:XRP:panic_snapback:long:market_contra:h40:#2,panic_snapback,long,market_contra,40
2025-02-03 00:32:00+00:00,0.001915045949989314,fixed_hold,0.015320367599914512,XRP,1m:XRP:panic_snapback:long:market_contra:h40:#2,panic_snapback,long,market_contra,40
2025-02-03 01:49:00+00:00,-0.03366299085529856,fixed_hold,-0.26930392684238846,LINK,1m:LINK:panic_snapback:long:market_contra:h40:#1,panic_snapback,long,market_contra,40
2025-02-04 05:17:00+00:00,0.001624538418736499,fixed_hold,0.012996307349891992,LINK,1m:LINK:panic_snapback:long:market_contra:h40:#1,panic_snapback,long,market_contra,40
2025-02-04 21:02:00+00:00,-0.009834682519605342,fixed_hold,-0.07867746015684274,LINK,1m:LINK:panic_snapback:long:market_contra:h40:#1,panic_snapback,long,market_contra,40
2025-02-04 21:02:00+00:00,-0.018297552836484987,fixed_hold,-0.1463804226918799,XRP,1m:XRP:panic_snapback:long:market_contra:h40:#2,panic_snapback,long,market_contra,40
2025-02-05 18:14:00+00:00,-0.006193950177935947,fixed_hold,-0.04955160142348758,XRP,1m:XRP:panic_snapback:long:market_contra:h40:#2,panic_snapback,long,market_contra,40
2025-02-06 15:37:00+00:00,-0.0027629310344827736,fixed_hold,-0.02210344827586219,XRP,1m:XRP:panic_snapback:long:market_contra:h40:#2,panic_snapback,long,market_contra,40
2025-02-06 18:32:00+00:00,-0.001362589493659971,fixed_hold,-0.010900715949279768,XRP,1m:XRP:panic_snapback:long:market_contra:h40:#2,panic_snapback,long,market_contra,40
2025-02-06 22:14:00+00:00,0.004058022984533005,fixed_hold,0.03246418387626404,XRP,1m:XRP:panic_snapback:long:market_contra:h40:#2,panic_snapback,long,market_contra,40
2025-02-18 06:33:00+00:00,-0.0038124196251120286,fixed_hold,-0.03049935700089623,XRP,1m:XRP:panic_snapback:long:market_contra:h40:#2,panic_snapback,long,market_contra,40
2025-02-18 15:48:00+00:00,-0.007733841799024976,fixed_hold,-0.06187073439219981,XRP,1m:XRP:panic_snapback:long:market_contra:h40:#2,panic_snapback,long,market_contra,40
2025-02-20 14:54:00+00:00,-0.0006671868033883417,fixed_hold,-0.005337494427106734,XRP,1m:XRP:panic_snapback:long:market_contra:h40:#2,panic_snapback,long,market_contra,40
2025-02-21 14:31:00+00:00,0.0028991926917357196,fixed_hold,0.023193541533885757,LINK,1m:LINK:panic_snapback:long:market_contra:h40:#1,panic_snapback,long,market_contra,40
2025-02-21 15:41:00+00:00,0.008490238067677625,fixed_hold,0.067921904541421,XRP,1m:XRP:panic_snapback:long:market_contra:h40:#2,panic_snapback,long,market_contra,40
2025-02-24 19:43:00+00:00,0.006758842781017849,fixed_hold,0.05407074224814279,XRP,1m:XRP:panic_snapback:long:market_contra:h40:#2,panic_snapback,long,market_contra,40
2025-02-25 06:12:00+00:00,-0.0009408199250605649,fixed_hold,-0.007526559400484519,XRP,1m:XRP:panic_snapback:long:market_contra:h40:#2,panic_snapback,long,market_contra,40
2025-02-25 14:53:00+00:00,0.0008814698839564876,fixed_hold,0.007051759071651901,XRP,1m:XRP:panic_snapback:long:market_contra:h40:#2,panic_snapback,long,market_contra,40
2025-02-26 17:54:00+00:00,-0.0031306240928882785,fixed_hold,-0.025044992743106228,XRP,1m:XRP:panic_snapback:long:market_contra:h40:#2,panic_snapback,long,market_contra,40
2025-02-27 15:01:00+00:00,0.005556558585114224,fixed_hold,0.04445246868091379,XRP,1m:XRP:panic_snapback:long:market_contra:h40:#2,panic_snapback,long,market_contra,40
2025-03-03 06:54:00+00:00,0.0003831266441188257,fixed_hold,0.0030650131529506054,XRP,1m:XRP:panic_snapback:long:market_contra:h40:#2,panic_snapback,long,market_contra,40
2025-03-03 06:56:00+00:00,0.0029084061464296766,fixed_hold,0.023267249171437413,XRP,1m:XRP:panic_snapback:long:market_contra:h40:#2,panic_snapback,long,market_contra,40
2025-03-03 09:22:00+00:00,0.004367654533369791,fixed_hold,0.03494123626695833,XRP,1m:XRP:panic_snapback:long:market_contra:h40:#2,panic_snapback,long,market_contra,40
2025-03-03 18:40:00+00:00,-0.0036823894271698627,fixed_hold,-0.029459115417358902,XRP,1m:XRP:panic_snapback:long:market_contra:h40:#2,panic_snapback,long,market_contra,40
2025-03-03 19:56:00+00:00,-0.007412131633960484,fixed_hold,-0.05929705307168387,LINK,1m:LINK:panic_snapback:long:market_contra:h40:#1,panic_snapback,long,market_contra,40
2025-03-03 19:56:00+00:00,0.0014421574836394617,fixed_hold,0.011537259869115694,XRP,1m:XRP:panic_snapback:long:market_contra:h40:#2,panic_snapback,long,market_contra,40
2025-03-04 16:30:00+00:00,0.01880764009352137,fixed_hold,0.15046112074817097,LINK,1m:LINK:panic_snapback:long:market_contra:h40:#1,panic_snapback,long,market_contra,40
2025-03-05 00:34:00+00:00,-0.0003982043242803375,fixed_hold,-0.0031856345942427,XRP,1m:XRP:panic_snapback:long:market_contra:h40:#2,panic_snapback,long,market_contra,40
2025-03-05 04:00:00+00:00,0.00044115721417464825,fixed_hold,0.003529257713397186,XRP,1m:XRP:panic_snapback:long:market_contra:h40:#2,panic_snapback,long,market_contra,40
2025-03-07 00:46:00+00:00,0.009632630364939387,fixed_hold,0.0770610429195151,XRP,1m:XRP:panic_snapback:long:market_contra:h40:#2,panic_snapback,long,market_contra,40
2025-03-07 16:11:00+00:00,-0.00448323721007432,fixed_hold,-0.03586589768059456,XRP,1m:XRP:panic_snapback:long:market_contra:h40:#2,panic_snapback,long,market_contra,40
2025-03-07 21:07:00+00:00,0.00033684602033218257,fixed_hold,0.0026947681626574606,LINK,1m:LINK:panic_snapback:long:market_contra:h40:#1,panic_snapback,long,market_contra,40
2025-03-09 22:04:00+00:00,-0.0028856950942696686,fixed_hold,-0.02308556075415735,XRP,1m:XRP:panic_snapback:long:market_contra:h40:#2,panic_snapback,long,market_contra,40
2025-03-11 00:39:00+00:00,-0.0010945917998035344,fixed_hold,-0.008756734398428275,XRP,1m:XRP:panic_snapback:long:market_contra:h40:#2,panic_snapback,long,market_contra,40
2025-03-16 19:17:00+00:00,0.0005270530134173228,fixed_hold,0.004216424107338582,XRP,1m:XRP:panic_snapback:long:market_contra:h40:#2,panic_snapback,long,market_contra,40
2025-03-20 10:18:00+00:00,0.0001667474845436505,fixed_hold,0.001333979876349204,XRP,1m:XRP:panic_snapback:long:market_contra:h40:#2,panic_snapback,long,market_contra,40
2025-03-20 15:03:00+00:00,-0.006542710979880517,fixed_hold,-0.05234168783904414,LINK,1m:LINK:panic_snapback:long:market_contra:h40:#1,panic_snapback,long,market_contra,40
2025-03-28 14:10:00+00:00,0.0030977817498510367,fixed_hold,0.024782253998808294,XRP,1m:XRP:panic_snapback:long:market_contra:h40:#2,panic_snapback,long,market_contra,40
2025-04-02 20:37:00+00:00,-0.011159898477157315,fixed_hold,-0.08927918781725852,LINK,1m:LINK:panic_snapback:long:market_contra:h40:#1,panic_snapback,long,market_contra,40
2025-04-02 22:11:00+00:00,-0.004499411129649578,fixed_hold,-0.03599528903719662,XRP,1m:XRP:panic_snapback:long:market_contra:h40:#2,panic_snapback,long,market_contra,40
2025-04-02 22:42:00+00:00,0.006074654956085335,fixed_hold,0.04859723964868268,XRP,1m:XRP:panic_snapback:long:market_contra:h40:#2,panic_snapback,long,market_contra,40
2025-04-07 03:45:00+00:00,0.006170960618329058,fixed_hold,0.04936768494663246,LINK,1m:LINK:panic_snapback:long:market_contra:h40:#1,panic_snapback,long,market_contra,40
2025-04-07 06:18:00+00:00,-0.02248532385739871,fixed_hold,-0.17988259085918967,XRP,1m:XRP:panic_snapback:long:market_contra:h40:#2,panic_snapback,long,market_contra,40
2025-04-07 06:27:00+00:00,0.00012396006655573987,fixed_hold,0.000991680532445919,XRP,1m:XRP:panic_snapback:long:market_contra:h40:#2,panic_snapback,long,market_contra,40
2025-04-09 11:06:00+00:00,-0.003929233098779739,fixed_hold,-0.03143386479023791,LINK,1m:LINK:panic_snapback:long:market_contra:h40:#1,panic_snapback,long,market_contra,40
2025-04-09 11:06:00+00:00,-0.00711515370504201,fixed_hold,-0.05692122964033608,XRP,1m:XRP:panic_snapback:long:market_contra:h40:#2,panic_snapback,long,market_contra,40
2025-04-10 15:26:00+00:00,-0.004274547309359833,fixed_hold,-0.034196378474878664,XRP,1m:XRP:panic_snapback:long:market_contra:h40:#2,panic_snapback,long,market_contra,40
2025-04-13 19:40:00+00:00,0.006685685733320679,fixed_hold,0.05348548586656543,XRP,1m:XRP:panic_snapback:long:market_contra:h40:#2,panic_snapback,long,market_contra,40
2025-04-14 15:39:00+00:00,-0.00019362745098033774,fixed_hold,-0.001549019607842702,XRP,1m:XRP:panic_snapback:long:market_contra:h40:#2,panic_snapback,long,market_contra,40
2025-04-16 17:51:00+00:00,0.006022160799146581,fixed_hold,0.04817728639317265,XRP,1m:XRP:panic_snapback:long:market_contra:h40:#2,panic_snapback,long,market_contra,40
2025-05-09 08:41:00+00:00,-0.005019461353993782,fixed_hold,-0.04015569083195025,LINK,1m:LINK:panic_snapback:long:market_contra:h40:#1,panic_snapback,long,market_contra,40
2025-05-09 14:38:00+00:00,0.00328512467388048,fixed_hold,0.02628099739104384,XRP,1m:XRP:panic_snapback:long:market_contra:h40:#2,panic_snapback,long,market_contra,40
2025-05-09 14:38:00+00:00,0.005766219380973492,fixed_hold,0.046129755047787935,LINK,1m:LINK:panic_snapback:long:market_contra:h40:#1,panic_snapback,long,market_contra,40
2025-05-12 14:29:00+00:00,0.002223290050124283,fixed_hold,0.017786320400994263,XRP,1m:XRP:panic_snapback:long:market_contra:h40:#2,panic_snapback,long,market_contra,40
2025-05-12 18:06:00+00:00,-0.014473507330686697,fixed_hold,-0.11578805864549357,XRP,1m:XRP:panic_snapback:long:market_contra:h40:#2,panic_snapback,long,market_contra,40
2025-05-13 02:20:00+00:00,0.0026348604679751757,fixed_hold,0.021078883743801406,XRP,1m:XRP:panic_snapback:long:market_contra:h40:#2,panic_snapback,long,market_contra,40
2025-05-14 02:03:00+00:00,0.0004579667644182832,fixed_hold,0.0036637341153462656,XRP,1m:XRP:panic_snapback:long:market_contra:h40:#2,panic_snapback,long,market_contra,40
2025-05-18 18:02:00+00:00,0.0008001174299615004,fixed_hold,0.006400939439692003,XRP,1m:XRP:panic_snapback:long:market_contra:h40:#2,panic_snapback,long,market_contra,40
2025-05-18 20:01:00+00:00,0.0053288496028695564,fixed_hold,0.04263079682295645,XRP,1m:XRP:panic_snapback:long:market_contra:h40:#2,panic_snapback,long,market_contra,40
2025-05-19 06:54:00+00:00,0.004631900768693187,fixed_hold,0.037055206149545494,XRP,1m:XRP:panic_snapback:long:market_contra:h40:#2,panic_snapback,long,market_contra,40
2025-05-21 17:26:00+00:00,-0.0010932454765032458,fixed_hold,-0.008745963812025966,XRP,1m:XRP:panic_snapback:long:market_contra:h40:#2,panic_snapback,long,market_contra,40
2025-05-21 17:26:00+00:00,-0.0002457088366179523,fixed_hold,-0.0019656706929436184,LINK,1m:LINK:panic_snapback:long:market_contra:h40:#1,panic_snapback,long,market_contra,40
2025-05-23 11:49:00+00:00,-0.011882658185470407,fixed_hold,-0.09506126548376326,XRP,1m:XRP:panic_snapback:long:market_contra:h40:#2,panic_snapback,long,market_contra,40
2025-05-23 11:58:00+00:00,-0.0035057999237965705,fixed_hold,-0.028046399390372564,XRP,1m:XRP:panic_snapback:long:market_contra:h40:#2,panic_snapback,long,market_contra,40
2025-05-23 11:58:00+00:00,-0.003475460122699447,fixed_hold,-0.027803680981595576,LINK,1m:LINK:panic_snapback:long:market_contra:h40:#1,panic_snapback,long,market_contra,40
2025-06-05 19:18:00+00:00,0.0019781685154590116,fixed_hold,0.015825348123672093,XRP,1m:XRP:panic_snapback:long:market_contra:h40:#2,panic_snapback,long,market_contra,40
2025-06-13 00:13:00+00:00,-0.016856168402523075,fixed_hold,-0.1348493472201846,LINK,1m:LINK:panic_snapback:long:market_contra:h40:#1,panic_snapback,long,market_contra,40
2025-06-13 00:13:00+00:00,-0.007546839387878479,fixed_hold,-0.06037471510302783,XRP,1m:XRP:panic_snapback:long:market_contra:h40:#2,panic_snapback,long,market_contra,40
2025-06-21 21:25:00+00:00,-0.003983217226092461,fixed_hold,-0.03186573780873969,XRP,1m:XRP:panic_snapback:long:market_contra:h40:#2,panic_snapback,long,market_contra,40
2025-07-14 15:49:00+00:00,0.0031418093325618628,fixed_hold,0.025134474660494902,XRP,1m:XRP:panic_snapback:long:market_contra:h40:#2,panic_snapback,long,market_contra,40
2025-07-15 01:59:00+00:00,-0.002835882617572782,fixed_hold,-0.022687060940582256,XRP,1m:XRP:panic_snapback:long:market_contra:h40:#2,panic_snapback,long,market_contra,40
2025-07-15 02:00:00+00:00,-0.002748745891714199,fixed_hold,-0.02198996713371359,XRP,1m:XRP:panic_snapback:long:market_contra:h40:#2,panic_snapback,long,market_contra,40
2025-07-15 03:11:00+00:00,0.0017203425671388777,fixed_hold,0.013762740537111021,XRP,1m:XRP:panic_snapback:long:market_contra:h40:#2,panic_snapback,long,market_contra,40
2025-07-15 18:37:00+00:00,0.0027630088740029928,fixed_hold,0.022104070992023942,XRP,1m:XRP:panic_snapback:long:market_contra:h40:#2,panic_snapback,long,market_contra,40
2025-07-17 16:31:00+00:00,0.004104592230909476,fixed_hold,0.03283673784727581,XRP,1m:XRP:panic_snapback:long:market_contra:h40:#2,panic_snapback,long,market_contra,40
2025-07-17 23:52:00+00:00,0.011430926216640491,fixed_hold,0.09144740973312393,XRP,1m:XRP:panic_snapback:long:market_contra:h40:#2,panic_snapback,long,market_contra,40
2025-07-18 07:59:00+00:00,-0.0062237125233108315,fixed_hold,-0.04978970018648665,XRP,1m:XRP:panic_snapback:long:market_contra:h40:#2,panic_snapback,long,market_contra,40
2025-07-20 22:17:00+00:00,0.00491014768240966,fixed_hold,0.03928118145927728,XRP,1m:XRP:panic_snapback:long:market_contra:h40:#2,panic_snapback,long,market_contra,40
2025-07-23 13:44:00+00:00,0.0022165665027620855,fixed_hold,0.017732532022096684,XRP,1m:XRP:panic_snapback:long:market_contra:h40:#2,panic_snapback,long,market_contra,40
2025-07-23 13:50:00+00:00,0.012568551762626778,fixed_hold,0.10054841410101423,XRP,1m:XRP:panic_snapback:long:market_contra:h40:#2,panic_snapback,long,market_contra,40
2025-07-23 17:20:00+00:00,0.009399741471719458,fixed_hold,0.07519793177375567,XRP,1m:XRP:panic_snapback:long:market_contra:h40:#2,panic_snapback,long,market_contra,40
2025-07-24 06:44:00+00:00,0.0032185165597937164,fixed_hold,0.02574813247834973,XRP,1m:XRP:panic_snapback:long:market_contra:h40:#2,panic_snapback,long,market_contra,40
2025-07-24 06:54:00+00:00,0.003795418220564673,fixed_hold,0.030363345764517383,XRP,1m:XRP:panic_snapback:long:market_contra:h40:#2,panic_snapback,long,market_contra,40
2025-08-01 13:54:00+00:00,0.013604085438209845,fixed_hold,0.10883268350567876,XRP,1m:XRP:panic_snapback:long:market_contra:h40:#2,panic_snapback,long,market_contra,40
2025-08-01 18:52:00+00:00,0.0032091533321070846,fixed_hold,0.025673226656856677,LINK,1m:LINK:panic_snapback:long:market_contra:h40:#1,panic_snapback,long,market_contra,40
2025-08-01 20:08:00+00:00,-0.00034946812069308565,fixed_hold,-0.002795744965544685,XRP,1m:XRP:panic_snapback:long:market_contra:h40:#2,panic_snapback,long,market_contra,40
2025-08-01 22:28:00+00:00,0.0034760176711896022,fixed_hold,0.027808141369516818,LINK,1m:LINK:panic_snapback:long:market_contra:h40:#1,panic_snapback,long,market_contra,40
2025-08-10 07:40:00+00:00,-0.0013315812596102479,fixed_hold,-0.010652650076881983,XRP,1m:XRP:panic_snapback:long:market_contra:h40:#2,panic_snapback,long,market_contra,40
2025-08-19 14:42:00+00:00,0.0026829787234042284,fixed_hold,0.021463829787233827,XRP,1m:XRP:panic_snapback:long:market_contra:h40:#2,panic_snapback,long,market_contra,40
2025-08-20 13:46:00+00:00,0.008285812839866902,fixed_hold,0.06628650271893521,LINK,1m:LINK:panic_snapback:long:market_contra:h40:#1,panic_snapback,long,market_contra,40
2025-08-21 14:42:00+00:00,0.0007983865383283666,fixed_hold,0.006387092306626933,XRP,1m:XRP:panic_snapback:long:market_contra:h40:#2,panic_snapback,long,market_contra,40
2025-09-01 00:26:00+00:00,0.0018462224000582177,fixed_hold,0.014769779200465741,XRP,1m:XRP:panic_snapback:long:market_contra:h40:#2,panic_snapback,long,market_contra,40
2025-09-05 14:17:00+00:00,-0.004803806399266308,fixed_hold,-0.038430451194130466,XRP,1m:XRP:panic_snapback:long:market_contra:h40:#2,panic_snapback,long,market_contra,40
2025-09-05 14:17:00+00:00,-0.005475013385686234,fixed_hold,-0.04380010708548987,LINK,1m:LINK:panic_snapback:long:market_contra:h40:#1,panic_snapback,long,market_contra,40
2025-10-07 15:07:00+00:00,-0.0036500702533653335,fixed_hold,-0.02920056202692267,LINK,1m:LINK:panic_snapback:long:market_contra:h40:#1,panic_snapback,long,market_contra,40
2025-10-10 21:17:00+00:00,0.12584092578986045,fixed_hold,1.0067274063188836,LINK,1m:LINK:panic_snapback:long:market_contra:h40:#1,panic_snapback,long,market_contra,40
2025-10-14 10:19:00+00:00,0.0011607889772819462,fixed_hold,0.00928631181825557,XRP,1m:XRP:panic_snapback:long:market_contra:h40:#2,panic_snapback,long,market_contra,40
2025-10-29 18:36:00+00:00,-0.0014361864730607628,fixed_hold,-0.011489491784486102,XRP,1m:XRP:panic_snapback:long:market_contra:h40:#2,panic_snapback,long,market_contra,40
2025-11-03 15:28:00+00:00,-0.003184520344136132,fixed_hold,-0.025476162753089057,LINK,1m:LINK:panic_snapback:long:market_contra:h40:#1,panic_snapback,long,market_contra,40
2025-11-04 05:49:00+00:00,0.0026931292666813604,fixed_hold,0.021545034133450883,XRP,1m:XRP:panic_snapback:long:market_contra:h40:#2,panic_snapback,long,market_contra,40
2025-11-04 05:53:00+00:00,0.007357586788599713,fixed_hold,0.0588606943087977,XRP,1m:XRP:panic_snapback:long:market_contra:h40:#2,panic_snapback,long,market_contra,40
2025-11-04 18:34:00+00:00,0.011713209733487828,fixed_hold,0.09370567786790263,XRP,1m:XRP:panic_snapback:long:market_contra:h40:#2,panic_snapback,long,market_contra,40
2025-11-05 01:27:00+00:00,0.020375691522057704,fixed_hold,0.16300553217646163,XRP,1m:XRP:panic_snapback:long:market_contra:h40:#2,panic_snapback,long,market_contra,40
2025-11-06 15:34:00+00:00,-0.001258826942820201,fixed_hold,-0.010070615542561608,XRP,1m:XRP:panic_snapback:long:market_contra:h40:#2,panic_snapback,long,market_contra,40
2025-11-12 14:49:00+00:00,-0.0021169824619594597,fixed_hold,-0.016935859695675678,XRP,1m:XRP:panic_snapback:long:market_contra:h40:#2,panic_snapback,long,market_contra,40
2025-11-14 00:17:00+00:00,-0.005058613835716985,fixed_hold,-0.04046891068573588,XRP,1m:XRP:panic_snapback:long:market_contra:h40:#2,panic_snapback,long,market_contra,40
2025-11-17 16:16:00+00:00,0.009206951281225562,fixed_hold,0.07365561024980449,XRP,1m:XRP:panic_snapback:long:market_contra:h40:#2,panic_snapback,long,market_contra,40
2025-11-20 15:41:00+00:00,-0.018777822908204678,fixed_hold,-0.15022258326563742,XRP,1m:XRP:panic_snapback:long:market_contra:h40:#2,panic_snapback,long,market_contra,40
2025-11-21 04:33:00+00:00,0.004638463952302552,fixed_hold,0.037107711618420414,LINK,1m:LINK:panic_snapback:long:market_contra:h40:#1,panic_snapback,long,market_contra,40
2025-11-21 12:17:00+00:00,0.014793990488542963,fixed_hold,0.1183519239083437,XRP,1m:XRP:panic_snapback:long:market_contra:h40:#2,panic_snapback,long,market_contra,40
2025-11-22 08:34:00+00:00,0.0013556269928388103,fixed_hold,0.010845015942710482,XRP,1m:XRP:panic_snapback:long:market_contra:h40:#2,panic_snapback,long,market_contra,40
2025-12-01 00:08:00+00:00,-0.010670371419132574,fixed_hold,-0.08536297135306059,XRP,1m:XRP:panic_snapback:long:market_contra:h40:#2,panic_snapback,long,market_contra,40
2025-12-01 15:26:00+00:00,-0.004584885922088278,fixed_hold,-0.03667908737670622,XRP,1m:XRP:panic_snapback:long:market_contra:h40:#2,panic_snapback,long,market_contra,40
2025-12-15 14:57:00+00:00,-0.005524996134618321,fixed_hold,-0.044199969076946566,XRP,1m:XRP:panic_snapback:long:market_contra:h40:#2,panic_snapback,long,market_contra,40
2025-12-15 15:01:00+00:00,-0.014126674786845261,fixed_hold,-0.11301339829476209,LINK,1m:LINK:panic_snapback:long:market_contra:h40:#1,panic_snapback,long,market_contra,40
2025-12-17 14:47:00+00:00,0.01714377887525892,fixed_hold,0.13715023100207135,LINK,1m:LINK:panic_snapback:long:market_contra:h40:#1,panic_snapback,long,market_contra,40
2025-12-17 14:47:00+00:00,0.014674506828528056,fixed_hold,0.11739605462822444,XRP,1m:XRP:panic_snapback:long:market_contra:h40:#2,panic_snapback,long,market_contra,40
2025-12-18 17:10:00+00:00,-0.003515424027325575,fixed_hold,-0.0281233922186046,XRP,1m:XRP:panic_snapback:long:market_contra:h40:#2,panic_snapback,long,market_contra,40
2025-12-18 17:16:00+00:00,0.0011182572614107382,fixed_hold,0.008946058091285906,LINK,1m:LINK:panic_snapback:long:market_contra:h40:#1,panic_snapback,long,market_contra,40
2025-12-18 17:24:00+00:00,0.007490963099322234,fixed_hold,0.059927704794577874,LINK,1m:LINK:panic_snapback:long:market_contra:h40:#1,panic_snapback,long,market_contra,40
2025-12-26 14:51:00+00:00,-0.0039868634446967866,fixed_hold,-0.03189490755757429,XRP,1m:XRP:panic_snapback:long:market_contra:h40:#2,panic_snapback,long,market_contra,40
2026-01-18 23:48:00+00:00,-0.015340297308155948,fixed_hold,-0.12272237846524758,XRP,1m:XRP:panic_snapback:long:market_contra:h40:#2,panic_snapback,long,market_contra,40
2026-01-30 01:43:00+00:00,-0.004399529762587451,fixed_hold,-0.035196238100699606,XRP,1m:XRP:panic_snapback:long:market_contra:h40:#2,panic_snapback,long,market_contra,40
2026-02-03 14:38:00+00:00,-0.00525445730372226,fixed_hold,-0.04203565842977808,XRP,1m:XRP:panic_snapback:long:market_contra:h40:#2,panic_snapback,long,market_contra,40
2026-02-04 14:34:00+00:00,-0.003154640823898158,fixed_hold,-0.025237126591185263,XRP,1m:XRP:panic_snapback:long:market_contra:h40:#2,panic_snapback,long,market_contra,40
2026-02-04 15:36:00+00:00,-0.0011849315068492845,fixed_hold,-0.009479452054794276,XRP,1m:XRP:panic_snapback:long:market_contra:h40:#2,panic_snapback,long,market_contra,40
2026-02-05 20:17:00+00:00,-0.007146971935007407,fixed_hold,-0.057175775480059254,LINK,1m:LINK:panic_snapback:long:market_contra:h40:#1,panic_snapback,long,market_contra,40
2026-02-05 20:23:00+00:00,0.0062197610751618115,fixed_hold,0.04975808860129449,LINK,1m:LINK:panic_snapback:long:market_contra:h40:#1,panic_snapback,long,market_contra,40
2026-02-05 20:23:00+00:00,0.01690670352453355,fixed_hold,0.1352536281962684,XRP,1m:XRP:panic_snapback:long:market_contra:h40:#2,panic_snapback,long,market_contra,40
2026-02-06 00:12:00+00:00,0.03084971970677014,fixed_hold,0.24679775765416112,XRP,1m:XRP:panic_snapback:long:market_contra:h40:#2,panic_snapback,long,market_contra,40
2026-02-06 00:15:00+00:00,0.03202963362068961,fixed_hold,0.2562370689655169,LINK,1m:LINK:panic_snapback:long:market_contra:h40:#1,panic_snapback,long,market_contra,40
2026-02-06 00:16:00+00:00,0.02872685928303903,fixed_hold,0.22981487426431224,LINK,1m:LINK:panic_snapback:long:market_contra:h40:#1,panic_snapback,long,market_contra,40
2026-02-06 00:20:00+00:00,0.03300222765790167,fixed_hold,0.2640178212632134,XRP,1m:XRP:panic_snapback:long:market_contra:h40:#2,panic_snapback,long,market_contra,40
2026-02-07 06:58:00+00:00,-0.0069192017862126365,fixed_hold,-0.05535361428970109,XRP,1m:XRP:panic_snapback:long:market_contra:h40:#2,panic_snapback,long,market_contra,40
2026-02-07 07:09:00+00:00,-0.004872769887357409,fixed_hold,-0.03898215909885927,XRP,1m:XRP:panic_snapback:long:market_contra:h40:#2,panic_snapback,long,market_contra,40
2026-02-12 15:06:00+00:00,-0.0002465604634323544,fixed_hold,-0.001972483707458835,XRP,1m:XRP:panic_snapback:long:market_contra:h40:#2,panic_snapback,long,market_contra,40
2026-02-15 12:56:00+00:00,-0.0015157273918742216,fixed_hold,-0.012125819134993773,XRP,1m:XRP:panic_snapback:long:market_contra:h40:#2,panic_snapback,long,market_contra,40
2026-02-16 15:33:00+00:00,0.0051536287065882536,fixed_hold,0.04122902965270603,LINK,1m:LINK:panic_snapback:long:market_contra:h40:#1,panic_snapback,long,market_contra,40
2026-02-26 16:51:00+00:00,0.0012992083483268084,fixed_hold,0.010393666786614467,XRP,1m:XRP:panic_snapback:long:market_contra:h40:#2,panic_snapback,long,market_contra,40
2026-03-05 13:32:00+00:00,0.0022328260636587664,fixed_hold,0.01786260850927013,LINK,1m:LINK:panic_snapback:long:market_contra:h40:#1,panic_snapback,long,market_contra,40
2026-03-06 13:56:00+00:00,-0.009157283288650564,fixed_hold,-0.07325826630920451,LINK,1m:LINK:panic_snapback:long:market_contra:h40:#1,panic_snapback,long,market_contra,40
2026-03-06 14:10:00+00:00,-0.003544084207437847,fixed_hold,-0.028352673659502777,XRP,1m:XRP:panic_snapback:long:market_contra:h40:#2,panic_snapback,long,market_contra,40
2026-03-16 14:31:00+00:00,0.009687504230691146,fixed_hold,0.07750003384552917,XRP,1m:XRP:panic_snapback:long:market_contra:h40:#2,panic_snapback,long,market_contra,40
2026-03-16 14:31:00+00:00,0.0022427033740425877,fixed_hold,0.0179416269923407,LINK,1m:LINK:panic_snapback:long:market_contra:h40:#1,panic_snapback,long,market_contra,40
2026-03-22 00:02:00+00:00,0.006939624585097948,fixed_hold,0.05551699668078358,LINK,1m:LINK:panic_snapback:long:market_contra:h40:#1,panic_snapback,long,market_contra,40
2026-03-27 10:39:00+00:00,-0.0036777212849549152,fixed_hold,-0.029421770279639322,LINK,1m:LINK:panic_snapback:long:market_contra:h40:#1,panic_snapback,long,market_contra,40
2026-04-02 01:19:00+00:00,-0.005428683444104188,fixed_hold,-0.0434294675528335,XRP,1m:XRP:panic_snapback:long:market_contra:h40:#2,panic_snapback,long,market_contra,40
2026-05-10 20:47:00+00:00,0.0012923617813319081,fixed_hold,0.010338894250655265,XRP,1m:XRP:panic_snapback:long:market_contra:h40:#2,panic_snapback,long,market_contra,40
