window,open_dt,profit_abs,profit_ratio,roc_12,roc_24,roc_48,ema_20_slope,ema_50_slope,dist_ema50,vwap_96_dist,vwap_96_z,atr_pct,bb_width,rsi,rsi_fast,mfi,cci,stoch_k,btc_roc_12,btc_roc_24,btc_roc_48,btc_ema_20_slope,btc_ema_50_slope,btc_atr_pct,btc_bb_width,btc_rsi
2024,2024-01-02 22:16:00,-132.310048,-0.026475351801251417,0.009442870632672351,-0.004655493482309203,-0.0018674136321195078,0.0004297754111020069,-0.004921775485252744,0.003468490439190841,-0.004310377663591325,1.9314934934585952,0.0036219974236463707,0.012876709935545237,64.15663513378941,93.42264918028478,79.4151825871728,140.06179196704338,88.23529411764699,0.005749799179808113,0.0014579035878163893,0.0033029746749744238,0.002094178587970452,-0.0020224380078870396,0.0027899485714901607,0.012959085115693242,60.9626745504107
2024,2024-01-03 16:06:00,-141.887846,-0.02839186090507182,0.02180685358255463,0.02393340270551514,-0.027667984189723382,0.010391128697251562,-0.02741305905008251,0.0017257065813744976,-0.006661443827702507,0.7672692747831156,0.008899914904122355,0.046285671818161116,63.631422920013016,90.31896008503651,87.2254285306254,125.18945134889428,89.74358974358974,0.020614720898249672,0.022676218522293956,0.010982192426299386,0.004446468949310223,-0.012416873464221378,0.00530794454409753,0.025790159005744412,73.40467729374109
2024,2024-01-15 13:41:00,129.82501725,0.02597804725990283,0.011794439764111209,0.00502092050209213,0.02039082412914195,-0.0012554236244765038,0.001072080864848779,0.011399194982867344,0.016129263232402824,-0.03541848271707168,0.006483157507600928,0.02332732405188481,61.00489373146046,88.96585558975752,66.22253691648035,90.30371934383622,88.88888888888889,0.0027123968492122064,0.004287482008307197,0.003091001620547873,0.000778930407882461,0.0006569265822062853,0.0013464802801594956,0.0029000410242810385,60.901464521259705
2024,2024-01-23 22:26:00,-345.1884462,-0.06907245605467956,0.009857612267250904,0.0065502183406114245,0.0,0.002544890923379617,-0.0012821879262754354,0.005520228229116908,0.0016388086291638793,0.44668441236455125,0.0037027414221376576,0.013904126359516373,61.36835882602004,83.37833991393934,67.50991254059286,200.86705202312163,87.5,0.006275739339796305,0.0033910991285486247,-0.0009201800815235028,0.0011826986977805376,0.00010752042532824468,0.0022471491559542564,0.008333740798396437,62.44359402048831
2024,2024-01-26 02:16:00,-191.3911816,-0.03829752135168227,0.0075593952483801186,0.006472491909385036,-0.0032051282051281937,0.0005876682419265755,-0.0030822536995649408,0.002337207159773369,0.0013155227478753861,-0.5172532971420426,0.003224925382563417,0.0069767474454604924,58.50575177002685,80.17451624267797,68.82255779668552,138.314785373603,81.81818181818181,0.004916662692845408,0.0034861369041800927,0.0030286253948610398,0.0009956584565420368,0.00025781862781215636,0.0011425433053657299,0.00530208099097796,67.44569961641481
2024,2024-02-20 19:41:00,-390.2109183,-0.0780815939884836,0.00933706816059754,0.015023474178403662,0.002782931354359919,0.0016262253062866439,-0.009453731664854303,0.0039041285354097788,-0.010138662001886178,0.032215210535886975,0.0040032578775365075,0.014764984979785931,65.68574741537762,93.46340609726653,65.8628028748579,263.81255423777924,89.47368421052626,0.008606591645811346,0.01449125126644435,0.005604972547073261,0.003854907743729097,-0.0021284888871810903,0.0020797879738869403,0.011809484040860609,72.43931608166075
2024,2024-04-01 19:21:00,-289.7963328,-0.05798854483421486,0.00831443688586564,0.005275056518462717,0.003007518796992459,0.002092693319717842,-0.004923893210463159,0.003254495784997591,-0.0021874206122145523,0.6645350699094398,0.003996418568206462,0.01186491979134377,60.74959459868586,81.60431555564607,74.56263286983469,184.7566574839297,90.47619047619052,0.008659104866853617,0.009637683692852894,0.009949581791157902,0.004103233626640224,-0.000997082874609978,0.002084976429593954,0.012646877996600192,71.90251249804163
2024,2024-04-05 08:26:00,461.3926912,0.09232523238363369,0.009716599190283448,0.0056451612903227755,-0.0023999999999999577,0.0018376233672050546,-0.0034264298036782437,0.004999914119480309,0.001404121513183032,1.3281261287353714,0.003044578922943604,0.011318309724562695,65.07739412818886,91.97038109194519,81.7393230696325,249.83734547820285,86.66666666666677,0.009492589092852333,0.011685434272985296,-0.0026384912962232887,0.0012647983501694604,-0.002901004170670851,0.0022758535679679955,0.00969755077923534,70.66144316840983
2024,2024-04-14 12:51:00,348.0430165,0.06964372796272289,0.013752455795677854,-0.004821600771455992,-0.004821600771455992,-0.0018281707826486304,-0.005094243827777012,0.004556901053433204,0.003852516632478986,-1.4864936889646074,0.006634135114041367,0.017212982635506028,56.84239070689521,79.04457377663564,68.05153315734252,89.381055962033,77.77777777777787,0.008804059328649583,0.002117020847614892,0.001609050365756648,0.0020494547269822583,-0.0007600806562262363,0.002908513300115806,0.012326672855286243,61.562912977750315
2024,2024-05-24 18:11:00,-143.7728005,-0.028769023687101276,0.012526096033403045,0.005181347150259086,0.009365244536940764,0.00042994231422954776,-0.0031547096167201527,0.0067093467774637094,0.006137071388386595,-0.2868504546096696,0.0034056743237342577,0.012585879592877542,68.06314890998871,92.68742962209582,83.86020331342847,128.40746054519187,87.5,0.009284609322553372,0.013259451571501435,0.029754362350152386,0.005915132925488065,0.007127331539537485,0.002079202811869056,0.015537575215415567,82.06202731467125
2024,2024-05-30 10:31:00,-252.42843325,-0.05051099995615548,0.00424628450106157,0.015021459227467782,0.00424628450106157,0.0033554726885698383,-0.0002867033298722399,0.003776305172735084,0.0024604831011745265,0.5531827618504938,0.0033973880599779223,0.006893089164027056,62.945174682110746,81.34816870657707,69.44697482430216,62.8657854935197,75.0,0.0013507023208729763,0.0038682169164487856,-0.002182361161628954,0.00030429703059109414,-0.0014722843627449356,0.0014340470392592449,0.0030313149170338514,54.63427521733083
2024,2024-05-31 10:11:00,-61.6874013,-0.012343671835917959,0.005235602094240788,0.0031347962382444194,0.004184100418409997,-0.0005830645741838891,-0.0006158815470325152,0.004288372796692919,0.0033818038136235185,1.5412405570998893,0.003050245623187269,0.010069005899904558,64.12873053248559,86.8573925689263,65.81022916938103,222.22222222222067,78.57142857142857,0.0003844189991020208,-0.0015873620210455908,-0.004225189607756974,-0.0021171232643283355,-0.0025325069045756265,0.0013621972571607002,0.007065177749973048,54.1553528721189
2024,2024-06-08 01:41:00,2.8164175,0.0005635657053155997,0.006888633754305484,0.003432494279176135,0.005733944954128489,0.0024858323994367826,-0.001982821823980796,0.004377018346120254,0.02737558713600019,1.3389382435595498,0.002511418232480753,0.01173962332576829,69.18889745419995,90.58934184270383,78.13966592971451,172.49070631969659,80.0,-0.0004922145191769145,0.0011200807265387969,0.0020257606341611556,0.00011587699148019048,-0.00016754232034399408,0.0008720892955888351,0.0027024963959709097,54.02370798894284
2024,2024-07-04 15:56:00,35.815896,0.007166763297966975,0.008450704225352101,0.007032348804500765,-0.009681881051175623,0.002472187784755331,-0.008807060698060698,0.004146793333141829,-0.005593921579704175,1.7085930608343871,0.004370730047689657,0.016618439287738117,64.86855636934321,91.96164909476742,74.71986503552597,222.2222222222206,84.61538461538461,0.011970187719848147,0.012058306194597801,0.0067110141010984226,0.004660944198231931,-0.0001595827454222709,0.003599720140563985,0.018143256993150777,69.99187605512931
2024,2024-07-06 14:56:00,-594.057282,-0.1188709108652687,0.008264462809917328,0.013850415512465464,0.0,0.0010616151594193823,-0.001997602986340219,0.0077726357802900825,0.004118250418544855,0.2396310737932977,0.003791814449755879,0.013248961989379098,69.66082713598239,95.27230838591134,77.10143733051714,276.9281368195989,76.92307692307692,-0.000522404674294763,0.00630994447248856,0.004793618847381387,0.0010806368889020312,0.0023270729627338227,0.002244524410240129,0.008279623820429908,60.14638022743712
2024,2024-07-12 00:31:00,-73.1473416,-0.014636800471949122,0.006693440428380271,0.005347593582887722,-0.005291005291005346,0.0013220742793196294,-0.004951646071949867,0.0020194727889382147,-0.0035928336805922667,0.14623303908978236,0.0031510981962358385,0.009334117123246338,61.784210595617836,88.57578221542994,72.6923167697003,175.7930178982798,88.88888888888889,0.0031231124285560075,2.0883984246378162e-05,0.001656018756591493,-6.15975475387609e-05,-0.0020087027425214066,0.0023587687332239796,0.00357174721219802,57.494503930394295
2024,2024-07-23 18:26:00,-99.1951594,-0.019848974619235737,0.009333333333333416,-0.0013192612137202797,-0.013037809647979182,0.00037399799988269145,-0.011087128358523657,0.0007712519852089983,-0.004177184734401762,-0.11888388026586431,0.00494469218569976,0.01903753063988152,60.23070870513727,90.54649618108202,88.47258367347072,79.26737727068094,83.33333333333333,-0.0018397662058418085,-0.010507434009561778,-0.013758413862544616,-0.0033046639214973084,-0.0065983850158256585,0.0028791280047772857,0.004513101638452901,43.64562301921097
2024,2024-08-02 20:11:00,66.37391985,0.01328146087432205,0.00870827285921627,0.0,0.0014409221902016434,-0.001185220158760103,-0.005913732693954232,0.00260189044431991,-0.004952279403875437,0.3491664945802746,0.004000385361413515,0.011859958370440774,59.922757762625935,86.03956262792948,84.19694461246348,105.31160821136108,83.33333333333317,0.004972584579404193,-0.000284067014423961,-0.004528933978066418,-0.0024429800350065367,-0.006428797721277468,0.0032539578449211647,0.009563713068702899,53.713178927200936
2024,2024-08-05 13:41:00,-1580.569869,-0.3162725210092048,0.02123893805309729,0.02669039145907459,-0.02037351443123936,-0.00391707305858946,-0.014450310425709212,0.014826045590974113,0.011826622248845453,1.3397889292012064,0.013627923118003718,0.04613927232003449,62.245794563151925,84.5771334089055,65.65735488576729,191.6391639163911,82.35294117647054,0.008736992900209462,0.009320915946366304,-0.025103456669912316,-0.006901510429648816,-0.016016080609386085,0.01426913127621902,0.04059985628940782,56.678417393298815
2024,2024-08-07 00:41:00,-297.91572525,-0.05961313990328497,0.010920436817472678,0.0046511627906977715,0.003095975232198178,-0.00045178262987433104,-0.0023631724358319506,0.005027086793038205,0.002521333046493046,-0.19823225019269733,0.004384233240506867,0.012485774384776507,62.05252241089051,84.85223132747392,72.60167272319657,144.81305950500143,90.0,0.004063391045523224,0.0008767459183200987,-0.007822133032790002,-0.0026968991778906215,-0.004790562330915016,0.003879576886200014,0.010911080112240255,53.68627165013694
2024,2024-08-13 21:41:00,183.58969035,0.03673639145153973,0.005847953216374213,0.0014556040756912303,-0.00434153400868309,-5.2396163830237263e-05,0.0003004882942068132,0.0037560517285191164,0.006959828652019384,-0.8143330937753382,0.002610586478603586,0.00651469314258577,61.347740891485,92.6935871253882,70.42319346477919,173.7342585453623,83.33333333333303,0.005967154248296858,0.005298596440886705,-0.00692998660919375,0.00039800556383173813,0.001912538452043977,0.002594033051866622,0.00830921151113147,59.51049217792982
2024,2024-08-15 22:36:00,-51.11958835,-0.010229064765664325,0.011006289308176154,0.012598425196850505,0.012598425196850505,0.0035806360286516625,-0.004596943492537031,0.0052364269705751365,-0.002147680126337037,1.0210947765840575,0.0038295265277262336,0.013419087319238757,66.86549671818834,90.60598594243814,82.57554739519851,171.09891656113547,88.88888888888889,0.010863160995728371,0.014063918265678765,-0.0002878760814862824,0.006983753329857345,-0.006702019822595329,0.0034122080495020634,0.024008101718274312,64.10222879979672
2024,2024-08-30 18:31:00,70.135065,0.014034044049051553,0.012139605462822445,0.02300613496932513,-0.008915304606240682,0.004743144406581079,-0.004010184625336977,0.008752202283655697,-0.0034558438077761933,0.6626407880739356,0.004363744147618521,0.015309312956038929,69.33866464199822,95.49055745640528,77.13705488060566,142.8091397849461,84.61538461538461,0.006018237601592924,0.013781165224131309,-0.007143929515477931,0.003677701756616303,-0.0018201863506931426,0.002747896647747771,0.010028905965598287,65.57587417346966
2024,2024-09-02 00:36:00,11.511788,0.002303513961705262,0.007936507936507908,0.01437699680511173,-0.017027863777089758,0.0008489605903485575,-0.009779351099422628,0.0018857343353935185,-0.0007375270741282192,0.34268135515807807,0.0050616245273860175,0.015133309386878221,58.913773872516664,80.75528052018657,92.12445081257707,116.1769672407974,81.81818181818181,0.002022651607406889,0.003853725966573185,-0.017043988289841883,-0.00237906215939776,-0.008268571356336074,0.003103444141289713,0.004479509733427912,50.24131806276605
2024,2024-09-05 13:41:00,266.76723315,0.053380193281354044,0.006420545746388395,0.0015974440894568342,0.0015974440894568342,0.00027484459164583974,-0.0022840780841812958,0.00313390046896056,0.0013966635037518937,2.3653198653029537,0.0034049965213674357,0.006893936625789147,60.12725176309297,80.05895673407349,80.45126408201897,192.48445525817556,75.0,0.008326857478682781,0.004696980386623473,0.0033131246235087453,0.0005034367914567017,-0.0022880133591353102,0.0027113487655904137,0.007697154927810034,65.6491721616572
2024,2024-09-22 08:11:00,95.49774,0.0191091216603973,0.004354136429608024,0.0014471780028944004,-0.004316546762589968,6.897023562713045e-05,-0.003005177282918048,0.0013143976637579602,-0.001955422768535886,1.5735151987682887,0.002151267707877408,0.0054864560382966695,58.271430222207684,82.6367442518846,75.41434633498903,137.58079409048284,80.0,0.0012641018913825963,1.5880603272400151e-06,-0.001457298305315935,2.6417588680160975e-05,-0.001151594526177746,0.0006234030507105982,0.002051938882989756,57.958785256913146
2024,2024-09-27 12:06:00,-19.9999492,-0.00400200100050025,0.005376344086021501,0.002680965147453085,-0.003994673768308976,0.00035974572619101863,-0.004189296232633755,0.0018148082433471213,-0.0014459096185751585,-0.8522055669542913,0.002910902348945704,0.008450208331910793,58.71311365283043,88.4193112114608,84.9796549182215,115.63599798894037,77.77777777777777,-0.001803143143937147,-0.0027250780335544844,-0.0007055567942675367,-0.0017768270301991018,-0.0008868669405905916,0.0013316443395572327,0.0042960704043779425,45.6903736003899
2024,2024-10-02 20:51:00,134.1600681,0.026845472042646902,0.010920436817472678,0.007776049766718529,-0.018181818181818188,0.001124932887919039,-0.011945982599281368,0.0023218143296630522,-0.0052387433231183556,0.6181332124680771,0.005655139207717384,0.017985393765967875,60.52989947154168,87.09862128607821,71.78467660158498,138.57290589452018,81.81818181818181,0.012858834245596862,-0.002144204741202471,-0.017784244318989173,-0.001714386258844125,-0.010170991897176407,0.004009339695119224,0.013813554481747994,57.874696551262176
2024,2024-10-07 16:46:00,156.81842,0.03137945998035836,0.008915304606240682,-0.0014705882352941124,0.007418397626112849,-0.0001786789012473422,-0.00042250822033462754,0.005395695284107882,0.006636091237297803,1.585799353189407,0.004394422592786111,0.012982794930295477,60.90179512916648,83.4995809906129,69.19030903850471,102.67940790706407,81.81818181818181,0.002207200125766473,-0.004651177314620392,0.012735767378833973,-0.0006103948586039243,0.0033979250517639503,0.002351672965004712,0.0040387324367803035,54.3906736844176
2024,2024-10-25 03:26:00,249.59564365,0.049944133743518464,0.007541478129713397,0.0030030030030030463,0.0,0.00010835220981153526,-0.002501177888928785,0.002076159273245004,-0.002081498304291274,-0.026056828404591115,0.002455612015492363,0.006243645958996863,64.41756013121024,95.9627806407522,89.88296751727752,173.29796640141885,83.33333333333333,0.004601810074766455,0.003939071763261026,-0.00037095577562018534,0.0014364581688821598,-0.0007127089971141753,0.001042510503914257,0.005597217208020798,65.48740472793453
2024,2024-11-09 16:16:00,128.88390795,0.025789680554563,0.007507507507507505,0.0,-0.002971768202080227,0.0005418334857074658,-0.0037845909698586144,0.0013223974143070638,-0.0020235264186218016,-0.661239870574389,0.0030647307449069155,0.009459998464554639,58.66763688385978,89.90303730690843,77.09187782471083,89.3592004703153,77.77777777777777,-0.0016820946007907178,-0.0013223092840788375,-0.0022768068144474185,-0.00020250714644021173,-0.0007579398819136385,0.0006764266145065016,0.0017056350207440322,36.654093659595304
2024,2024-11-19 23:11:00,402.0697872,0.0804544170455314,0.011639185257032114,0.005785920925747368,-0.016037735849056767,-0.0045847074742435545,-0.013027009802485612,0.00029279068408483155,-0.005323737804333484,0.9915057205719098,0.005365004739841209,0.017411371618451913,56.881354330535885,88.97489380599173,65.95491842653502,75.62818485327824,87.49999999999953,-0.006890230822732546,-0.006407991346176756,-0.022056603592426005,-0.00527137502742514,-0.006767657689053186,0.002918350697505114,0.013036080757011006,36.14181411339174
2024,2024-11-21 08:06:00,385.6077225,0.07716020172248288,0.015701668302257055,0.011730205278592365,-0.0057636887608069065,0.003590845843871371,-0.013111128362139124,0.0039257572194328905,-0.019821934883467507,-0.28789371279865505,0.00582364518209036,0.028854854282503766,62.53397404036628,90.5653298579513,94.89454540026009,113.78555798686936,85.71428571428571,-0.0005822635314437496,-0.0012512860439896079,0.0046670347805457535,-0.00031397868085558667,0.005337974040643623,0.0021506073212781873,0.004805666343106984,45.50544192154448
2024,2024-11-29 07:16:00,-67.8324353,-0.013573320524804235,0.008835341365461824,0.0047999999999999154,-0.014128728414442682,-2.1398265520611304e-06,-0.007484984378501314,0.0004261211662370812,-0.01028928526550077,-0.30498462184544295,0.003706953827744662,0.007713728338487828,57.80708544225164,81.88733725189849,68.70337791520501,183.5357624831422,82.35294117647112,0.002044011255064593,-0.0003455636579107191,-0.0031706151034691654,-0.0006015707228373968,4.677106069150838e-05,0.0013598038913111721,0.004226348108527128,50.35878103432917
2024,2024-11-30 23:31:00,1208.1681082,0.24175608360057274,0.043504531722054374,-0.03519553072625692,0.08005003126954358,-0.008779472773256525,0.009408041490188923,0.03293224960850627,0.02400351403855816,-0.6615173407438167,0.014015841522134836,0.054275003148158106,63.913949411114736,94.04494599846764,68.93561803827973,72.8466327108094,82.2429906542057,-0.0030046424103312708,-0.004818702634754035,-0.005469451827465277,-0.0025168462759236343,-0.001921616310911256,0.0009688327485295031,0.006517187101650576,32.3935864703999
2024,2024-12-02 07:51:00,525.726747,0.10519805357224069,0.011029411764705843,0.022304832713754497,0.0060975609756097615,0.004629478918994456,-0.005903878682112951,0.008572056500269154,-0.0133637717609707,0.1547481423326157,0.007747198721395871,0.02672122959197263,59.03845836424265,76.06073746671757,68.94315122747648,151.55615696887818,85.71428571428564,-0.004855601560840084,-0.005213362453015513,-0.00963976211055717,-0.002545486147272902,-0.0049790857870676275,0.00166496389296634,0.008036926751441055,37.30720305607314
2024,2024-12-03 10:06:00,-80.1619692,-0.016040491683003255,0.016503667481662765,0.030998140111593298,-0.011296076099881036,0.007338150707730584,-0.0030375845568333393,0.014047972241143292,0.0077082354579154355,0.1484835720754005,0.007796741914325973,0.029354455306149274,64.74924039540466,86.29156564336155,73.77803601057458,142.70926782140546,80.76923076923077,-0.0008431040893166486,-0.001860264622119412,-0.008316008316008316,-0.0016847885779152083,-0.0029968952975019114,0.0011751543126322604,0.003943210451735958,46.106956089770144
2024,2024-12-07 19:06:00,359.4393856,0.07192441731183495,0.0050448430493272856,0.002796420581655523,-0.019146608315098512,-0.00027245465427372384,-0.009112957618599538,0.002684443809570336,-0.01322964749346156,-0.07764510430439292,0.004661981058921068,0.018683440295014578,59.77330068935493,88.26635213681658,70.27713462243682,111.77068292422356,84.84848484848456,0.005501839796774766,0.006633534136546215,0.006474882975273877,0.0025486809027301938,0.001600786673200849,0.0013272364577216267,0.00864293679949969,73.45569742229146
2024,2024-12-10 14:11:00,1521.3863112,0.3044295256872134,0.01638176638176647,-0.00695894224077942,-0.01789401238816246,-0.003082177335593017,-0.016598760745951013,0.00173708389881444,-0.004250526839011504,-0.6862564680178737,0.008650229378070777,0.02620802920511663,57.257858746000764,82.85289802710942,70.89148470245239,72.97013854390977,81.81818181818181,0.004063373030361417,0.0016257001815995764,0.003069615519385893,0.0023411573480760506,0.00010213590523400207,0.0022603084611686215,0.011075649703134755,60.572306893378695
2024,2024-12-11 02:46:00,193.0225484,0.03862399617125809,0.016582552271088513,0.019522776572667988,-0.00634249471458781,-0.002139963965205438,-0.00987491415919095,0.012065611782383856,0.013889501239821467,-0.5634169671894844,0.008759054854503462,0.03725447574414685,62.20598388539245,89.02945524535498,70.19655831144654,124.70277410832267,86.88524590163932,0.009788487616316122,0.012957812838773286,0.003992102579679191,0.0007752663616609201,-0.001487880974478606,0.0031664635225323898,0.014652221254131185,67.23345192469955
2024,2024-12-12 12:26:00,-73.7540138,-0.014758218598889773,0.014986376021798309,0.0013440860215054862,-0.015201586252478472,-0.0025723344898425093,-0.014081394755521393,0.00041537666401181284,-0.009722737107728419,-0.6159430702065505,0.00446435584317265,0.020431833531109656,59.76953505323424,92.86854370815092,69.03649850473741,86.59180083885832,91.17647058823496,0.0033785164226793896,0.0003378213898568294,-0.00032568212034944644,-0.00047149388473433085,-0.0018845138803407213,0.0013852871971113975,0.005045235838024963,58.27192317638848
2024,2024-12-12 16:01:00,-73.43105,-0.01469359512867248,0.004021447721179738,0.013531799729364025,0.01490514905149043,0.0002894518603382412,-0.0022778139951206144,0.006585045009250612,0.005853627409840412,1.292685382818247,0.007423426695618518,0.015702479834497417,57.40444129642066,79.5795634994066,72.42759440442042,144.6939825132858,83.87096774193579,0.0038022589080368707,0.011369768438427519,0.015419917119065873,0.0026139938243039396,0.003480336555236496,0.0034498891072904355,0.011114467725564918,63.9676844518817
2024,2024-12-13 00:06:00,263.73222685,0.05277317929727862,0.00679809653297081,0.014383561643835696,0.01092150170648476,0.001381095453770298,-0.004084847240255596,0.004392639379071417,0.0005881593498120452,0.24696051250360498,0.004289144415727644,0.01138005068660829,58.50333379757341,82.12468881174458,66.85190166468593,186.34920634920945,86.36363636363687,-0.0020568582213510433,0.0037425127182255657,0.003966021009680354,7.716820723890905e-05,-0.0008665657219444345,0.0017016026126967403,0.0054260322673679836,52.068022599206266
2024,2024-12-14 20:11:00,108.72746745,0.021756410728595178,0.007925072046109705,0.00719942404607643,-0.004978662873399653,0.0006221052193624566,-0.01020282009445439,0.0008005967575746009,-0.008104345185192874,1.0761401638890111,0.0038371106791140245,0.01432235544678906,59.4348026983344,87.38950764743272,69.84910918899088,110.29927760577769,90.9090909090909,0.0018944974538983583,0.0033349902663437625,-0.0012163627402660415,0.0014512341236614379,-0.0014693379652239713,0.001209202188318697,0.007030399807694658,58.659778938252906
2024,2024-12-15 04:26:00,385.5125127,0.07714129601488376,0.006333567909922566,-0.0013966480446927498,0.01924447612259428,-0.002168653315227864,0.0024743612639406276,0.008628824097224763,0.013085433427193482,0.8024544827126906,0.004627194309224739,0.012576846488374706,60.949226155745215,82.625897304749,71.72904728485699,87.66001024065656,79.99999999999964,0.009567493505281854,0.009124449479767094,0.013188814938649429,0.0016532117221355058,0.0024714600440678414,0.0014863204964421207,0.009602628857776586,83.12377251457582
2024,2024-12-17 06:06:00,-19.9999692,-0.00400200100050025,0.009002770083102574,0.0013745704467353903,-0.0068166325835037345,-0.0005365327162627498,-0.006963034428387527,0.004531514820957261,-0.0015526911352709005,1.2657231847619939,0.00405219109256712,0.014399294234488963,62.996454999142756,92.94313887091423,80.70293968463375,103.8075393066852,83.33333333333333,0.0014774138597366537,-0.0003539309272897473,0.0037163642243771555,0.0007357703001911187,0.001213890512952398,0.0011045701843405528,0.004010744314318094,61.30175169127552
2024,2024-12-25 17:31:00,-34.0418925,-0.006811826966114637,0.0164051355206849,0.0028149190710766714,0.0035211267605634866,-0.000997973338526359,-0.0045137228766592985,0.006883808737955688,0.004915500602389988,0.3912265358881626,0.004818631811234022,0.02031041536737378,61.96840594034628,86.84003580895498,71.62402259352578,99.39935151225302,88.23529411764706,0.00133226751931792,0.0016348097486340585,0.0023251268436097483,-0.0007706147840995659,-0.0002505297009322005,0.0017752840485341839,0.004567020646554753,53.11930026673165
2024,2024-12-25 22:36:00,-117.950931,-0.023602010795607593,0.010600706713780772,0.0035087719298245723,-0.004871259568545616,0.0014196701504303189,-0.0035341660754242277,0.005650682599357415,0.0049484006886932885,0.44435594252633803,0.004419688520100862,0.015085741670234975,60.881905020034175,81.26167879282372,65.60595245119872,130.6532663316577,87.49999999999953,0.004490355329949347,-0.003263947583419524,0.00019712341340927253,-0.002108027736916651,-0.0010569681224884553,0.0019626144840340586,0.010161401377619462,59.261683711555456
2024,2024-12-26 11:21:00,374.6456294,0.07496662867591576,0.01784386617100364,0.013323464100666094,-0.012977649603460706,0.004705379931674525,-0.009800200317665375,0.003426610652069284,-0.009638257640690262,1.5496067144574388,0.004058054878649782,0.020700934576346332,62.92506733112001,82.7679224241896,83.28450380718127,162.04146730462466,85.71428571428571,0.005032944435118258,0.001510760377721354,-0.023296100492982585,-0.0008691017529920408,-0.010438903863702942,0.002110923215594162,0.005706517747795476,52.491658235312045
2024,2024-12-26 14:16:00,-49.3829646,-0.009881592778768239,0.013392857142857206,0.004424778761061843,0.010385756676557945,-0.0021168990357922635,-0.006686818950640605,0.004682010185738772,-0.0012840824287645436,2.0241552685602984,0.005332136958836306,0.016092987104679053,61.83884091229911,87.9473949795291,68.05629067834218,96.22963355096648,86.66666666666667,0.006712618444880469,0.006371107316250901,0.008245945472492355,0.0007948552542740295,-0.002398674134950207,0.002245592810552472,0.007443307672035841,65.70386575293342
2024,2024-12-27 17:46:00,-408.543148,-0.08174961267041288,0.012093726379440728,0.015933232169954348,-0.01832844574780068,0.0027015900092484113,-0.012374435757116498,0.0037409895795184056,-0.010317844985310964,-0.3289359124653913,0.005173262934245442,0.02070109192743083,64.36549610805486,92.74703290864606,84.41589866171361,191.38930740081065,82.14285714285674,-0.0039248677248676644,-0.0017837202125616791,-0.023983301898237386,-0.004749563201872031,-0.010114814306947384,0.003196262099992557,0.011755293155358216,43.414466317064196
2024,2024-12-29 04:01:00,289.793955,0.05798817776235056,0.01139601139601143,0.014285714285714235,-0.004905395935529189,0.0019528130449046888,-0.0025136054161248866,0.008208281215823066,0.00039007084740450004,-0.5718465790629543,0.004237531731600271,0.012782051985987667,67.75605127619171,92.43129596346952,80.2349128509286,360.84196458402516,83.99999999999993,7.044126722788313e-05,0.0032590673793724267,-0.0010879495930691263,0.00019989351807114808,9.212076804554492e-05,0.0009799037395953015,0.0023210681211702304,54.29775514436348
2024,2024-12-29 19:51:00,-227.6634492,-0.045555765280713,0.005965697240865042,0.006716417910447747,-0.01172161172161168,0.0014523082133115484,-0.005571090673367363,0.0027369108650678875,-0.006229409956402532,2.391038869549188,0.002902831001587513,0.010354225606028559,65.04954001420104,89.89935241974558,76.6159136480194,215.80188679245353,88.23529411764699,-0.0029536220537114133,-0.004718071031938331,-0.01290883976733681,-0.001508773886277015,-0.0037086015996989907,0.001607498291768323,0.004662191415903143,36.1512404647558
2025,2025-01-02 04:46:00,240.9991083,0.04822411205602801,0.007299270072992581,0.004366812227074135,-0.02885292047853638,-0.0015463221054549114,-0.003904511016091239,0.0028292418432218636,-0.0050048339281049126,-0.8684647549530451,0.003797638215937153,0.008251771231048035,58.40893909094609,85.72289135746105,68.06940377823213,170.77547936147963,79.9999999999991,0.009853031321159333,0.008526322100592898,0.008895623214483006,0.0021562079687442726,0.001823124328530712,0.001730924683437736,0.009387938230505929,75.20120658035327
2025,2025-01-02 08:01:00,-180.3126581,-0.03608067690072276,0.0058651026392961825,0.002191380569759094,0.0,0.0010714343525242143,-0.004238486384184004,0.002703444333724825,-0.012451521113330366,-0.5204294542578827,0.0026755412161050926,0.010101307051140302,65.85447655412912,96.67417540009001,73.36604363859668,114.39769734827635,85.71428571428571,0.002774572279595766,0.0028312280477815754,0.007552901849068094,0.001811978211048837,0.002150572102506798,0.0011445533000869106,0.005991149189826499,64.52630908917097
2025,2025-01-28 00:11:00,304.77798,0.060986309205098496,0.010948905109489093,0.004533091568449832,0.029739776951672958,-0.00019086034253446016,0.004849031893108924,0.011745582806351296,0.027346004467281304,1.2105424246263523,0.003809794512472702,0.01382795703007904,69.57737095610284,95.39712124198728,65.53662803725918,174.02768622280962,88.88888888888889,0.006058146044557233,0.010047041059294992,0.028415195394557502,0.0030792327577600087,0.007032794994276559,0.0026173321554127855,0.00965680580920979,74.7147616948373
2025,2025-02-08 06:31:00,-91.8060475,-0.018370429233755634,0.00965018094089265,-0.0011933174224343368,-0.0023837902264600697,0.0007861564608073746,-0.004299780061654324,0.004715814766071302,0.002936917690008256,0.3549216272582455,0.003309042533369869,0.012210839695800108,62.058535188030085,84.49497116500254,66.36346120178209,147.066492829202,84.61538461538461,-0.00018942055004811387,-0.0037748254402494297,-0.006311902311364359,-0.0014500196484167338,-0.0023935406627612066,0.0011341311321771228,0.003064584607968265,39.52068195800612
2025,2025-02-10 03:41:00,2.68707045,0.0005376838078903398,0.03399765533411503,0.009153318077803174,0.005701254275940704,0.0022898156639359346,-0.012152045450456783,0.01660965976772366,0.01670061764697328,1.5156423922157587,0.006794757296336249,0.036914714444486366,67.94754219493633,92.00229319571625,83.29501936847848,141.2000501064753,88.88888888888889,0.013765232126262239,0.009774113540901075,0.006872156501190885,0.003168526941133898,-0.0021022410431490446,0.002610120569854751,0.016288554925199362,70.59221322075774
2025,2025-02-16 05:51:00,-65.3740431,-0.013081370617281428,0.004555808656036442,0.005701254275940704,0.0034129692832765013,0.000304026017966752,0.00014558296288158523,0.004922158628390072,0.0025236922540379236,1.5251196312486934,0.002503137509450682,0.006206774012679687,67.95247947862421,92.91589209685243,67.99822007743023,138.2542472173375,80.0,0.0013194331157191375,0.000919952822932224,9.940052262136234e-05,0.00015517169192102997,-0.00011648943867104133,0.00048216033301979764,0.0014760529707680927,65.25102868536128
2025,2025-03-18 19:56:00,-223.885836,-0.04479969242263053,0.004385964912280604,0.008810572687224738,0.004385964912280604,0.0023633724434588554,-0.003168334623830704,0.0028885426733651354,-0.0027480755298135984,2.283755398065725,0.0030736681041216526,0.011434960528661534,60.82164539064131,81.7213678768981,82.46969125239704,154.35795076514165,75.00000000000104,0.0048913535149039955,0.009729072359975666,0.007937442213507895,0.003373788328306926,0.00021518026622224795,0.0020605547832821254,0.011223181273561538,67.38357385020912
2025,2025-03-19 19:01:00,7.67634375,0.0015360377284077723,0.0055710306406684396,0.001386962552011095,0.001386962552011095,-0.000838183524545788,-0.0035818702872981723,0.0050669186086444995,0.004444547527322262,0.5862610525903511,0.004928143472211317,0.012598445048351217,58.726655332695024,80.43732154483435,68.19930240847499,136.80666312245054,78.57142857142857,0.01185129091038184,0.011119098742893962,0.014229835926362622,0.0026596772700109295,0.0016904696610262615,0.0047753498047183535,0.018623904791753194,68.01187622192879
2025,2025-03-21 14:36:00,66.99998325,0.013406703351675838,0.011747430249632762,-0.0014492753623188692,-0.0014492753623188692,8.759182097350937e-05,-0.005956022326921384,0.0004255825114873879,-0.0032142792147491495,1.909974429477648,0.0037175109384504673,0.010601836534928855,55.2959484325162,76.85715949288425,66.6113025240632,83.71806709756862,79.99999999999977,0.010070391822582403,-0.0003769142965851513,0.0015152760554220102,0.0009903649077505072,-0.0023544257566116,0.003009025551702463,0.010329142159295285,57.24803149414813
2025,2025-03-21 21:41:00,67.379724,0.013482723894698439,0.002915451895043608,0.0014556040756912303,0.0,-0.00042702375898562295,-0.0016449303340939636,0.0013530284088534295,0.0006994905237456273,0.7911533015290582,0.0026008123942596623,0.004147606036958043,56.08210997560358,79.88199546608243,74.82764143343888,100.37752609371556,79.99999999999956,0.003645806074043856,0.007088651711946836,0.005336729903559823,0.0025667081992353236,0.00137505459184184,0.0012403524621584705,0.008637196731016396,64.01028703501034
2025,2025-04-11 06:11:00,-93.7016256,-0.01874970634488515,0.007421150278293043,0.0018450184501845879,0.003696857670979714,0.00011020629302782581,-0.0014301498190133488,0.003615900591299903,0.00553549605346304,0.45906481281743283,0.0036355068919712566,0.007740629903371959,58.588248972464406,82.30937244572829,70.5830170064125,102.36846288348241,83.33333333333333,0.006686257185120503,0.0037205538638946933,0.011036124457073804,0.0009841822444671688,0.004202579188012923,0.0017471918357054729,0.006714180124749668,66.79303025190332
2025,2025-04-15 13:06:00,139.7602701,0.02796607884780714,0.001996007984031989,0.001996007984031989,0.001996007984031989,0.00043880897919268413,-0.0019236124607530103,0.004162157515237297,-0.005354654567198303,-0.1706758340420885,0.004012747540128612,0.008981018757229346,62.95582052918195,90.26938357291061,65.63663307709535,189.96415770609553,83.33333333333333,0.0007859138087276119,0.0013963444986364593,-0.0014564503857262823,0.0004919248439818613,-0.0007923982866918644,0.0014839989365559394,0.004606770913117334,55.891428024632376
2025,2025-04-17 05:06:00,-101.5068852,-0.02031158145264078,0.008230452674897082,0.002044989775051187,-0.0020366598778004397,0.0009600529810780412,-0.0035975463512535333,0.003699115443013934,-0.00014771402563618086,3.6681815014976835,0.0035952373570255283,0.00986018644581964,63.39657436775872,85.18900720302024,84.38381465791699,191.18009361911982,83.33333333333333,0.0014627772040229914,-0.0010503664994874207,-0.0006050620753274005,0.00018490670024928768,-0.0015933927829743233,0.0009565435959827317,0.004448112600656238,54.9884182103878
2025,2025-04-21 23:26:00,-220.50067015,-0.04412226153156739,0.004024144869215318,0.002008032128514081,-0.005976095617529875,0.0001964085758834333,-0.005355293268485828,0.0006950966689318605,-0.005736210868894975,0.9752984690480331,0.003250390679958123,0.008139407352536421,60.76959501861684,89.40870916624213,82.83922355153557,122.16654736339419,83.33333333333333,0.0035212562941162595,0.0008794298267740253,0.0010894832752847972,0.0001957645539985009,-0.0005364788067143689,0.0011641601747918472,0.004802436799828857,60.47385627437224
2025,2025-05-01 05:46:00,-200.27007,-0.04007409109960386,0.003616636528029016,0.0,0.0,0.0008572242302422595,-0.0017297222776102572,0.002475873129284434,0.0026945449057911297,-0.7258071483844415,0.0029812213192226063,0.007230785180044434,57.5919549288126,80.88753448088126,81.51322474489803,99.86346791495353,80.0,0.0036175083606746483,0.0045851166395805,0.005565221435562817,0.0012745001614058449,0.0015535384651548245,0.0010601988578552853,0.0039265807094686946,69.52299828651904
2025,2025-05-06 01:21:00,90.75628785,0.018160371698764513,0.005565862708719838,0.0,0.011194029850746245,-0.00017899779265162508,0.0012035832735657337,0.005255884334149252,0.008205833668801565,0.4166206416694253,0.0036842660535175526,0.007835869008327511,59.45790047925694,80.71828628309031,65.80073431793782,150.26296018031536,83.33333333333333,0.0029241930707728514,-0.0015834429144613305,0.003273273940444188,-0.0011605545195799705,-0.00018894997122098633,0.0011256692815124246,0.004808129740748001,60.51710763652481
2025,2025-05-06 14:16:00,133.333068,0.026680006670001668,0.009671179883945946,0.0038461538461538325,-0.003816793893129722,6.0510514791500825e-05,-0.008785239442630766,0.0026427162082067746,-0.0020072907450388033,1.7407592608154236,0.00546990101354114,0.01431403720243936,59.06693807605566,78.62212788200782,68.98242351706277,181.07833163783997,90.0,0.003395404572805516,0.0022435958926740884,-0.0008160671725290225,-0.00013381207086005098,-0.0013886659195587736,0.0017921407623874045,0.005535963334349955,57.610691449502205
2025,2025-05-10 13:51:00,103.7094245,0.02075226175684442,0.010954616588419341,0.010954616588419341,-0.0030864197530864335,0.0011588143283074448,-0.0038908114877532762,0.00462542047553538,0.0016984624706950502,-0.5444682325913667,0.004341965228177881,0.013083611718362073,59.983934773521206,85.6299875835913,65.23622630964913,192.35836627140955,83.33333333333333,-0.0009126138476128753,0.0012781406051347588,-0.0024120037644213,-5.8301493711110375e-05,-3.2997787958843894e-05,0.0008060470039247772,0.0023628344709450784,48.601880201388234
2025,2025-05-15 11:36:00,167.0090886,0.03341857844810256,0.012618296529968376,0.0046948356807512415,0.0046948356807512415,-0.0006789223073379036,-0.008718971924589036,0.0015039309411324364,-0.005709602253248347,1.6041883800702161,0.004863824644534378,0.01572076542654397,58.416312366844245,81.72555136815838,70.99087335640951,91.64750957854226,84.61538461538461,0.005695659531596231,0.005099356828133006,0.004016352221025921,0.0015467755708011843,-0.0016896013795345555,0.0014872697152533095,0.008826516509503312,62.64911894289692
2025,2025-05-22 07:51:00,-174.63677905,-0.03494482944718109,0.004658385093167627,-0.0030816640986132127,-0.0030816640986132127,-0.0006564667723364392,-0.0005082196056584998,0.003591616810370901,0.005614183965272579,-1.221105623879307,0.003294191722161322,0.007341125295477192,58.70396915261053,81.01756681408561,71.03373371060279,89.27399238545449,83.33333333333333,0.0021435239280347407,-0.004719000483746849,-0.005992935041280956,-0.001409683404629991,-0.0008657663883822053,0.0020834340933344733,0.004321636085488679,51.262783780144375
2025,2025-06-13 10:46:00,15.9891984,0.0031994414473423757,0.005434782608695565,0.009090909090909038,0.012773722627737127,0.0006960922424881222,-0.002898052568441889,0.003170958960165171,0.0005313690286767869,1.6931930400761186,0.004279257771118345,0.009419922256600871,58.32931434691814,84.31366529946449,78.37719519819612,113.30203442879235,85.71428571428571,0.0016679953277012327,0.0010555919625985233,0.008742536067052553,-0.00010686831896089544,0.0007004610667000755,0.0017308685773138094,0.0029492888640791064,54.34537655723762
2025,2025-06-13 20:21:00,-162.4195244,-0.03250023588306609,0.00177935943060481,0.0035650623885916666,-0.0017730496453900457,-0.00017389444164972456,-0.0012675533292458852,0.003997495834912712,0.006219389358784522,0.08591242364194988,0.004462415548806047,0.008941746948864559,55.913356623467166,76.89037816558243,68.21381641172553,123.85748927438797,85.71428571428548,-0.0014580815785251167,0.0023851724795120877,-0.005419639100445739,-0.0001464887866586828,-0.0007339607539984527,0.002052867030790094,0.0042204494192710435,52.94867154799492
2025,2025-06-19 03:31:00,-94.6640958,-0.018942306974382716,0.00561797752808979,0.00561797752808979,0.001865671641791078,0.00050716829779196,-0.0021406158613651582,0.0033759162996651604,0.004010530096785425,-0.34946139797224096,0.003485944989153889,0.007282257247899304,58.589879169873846,79.33296123465044,87.93871240883085,144.28857715430715,83.33333333333333,0.0024244451346249196,0.0016854517344873088,0.0015544229443520408,0.0013125570607781523,0.00011071845909493838,0.0011136537542832123,0.005352204289326141,57.85019279547989
2025,2025-06-22 10:46:00,100.7845863,0.020167025162480635,0.006072874493927127,-0.002008032128514081,-0.011928429423459286,-0.001286380210135163,-0.0049673213640656355,0.0016209722818876227,-0.00020332637955522426,0.7056483544215219,0.004239076288308148,0.010298106162105391,56.172827652698906,80.34898634207333,72.3950783812451,106.1655126937054,85.71428571428571,0.0016281615261326543,-0.0005236761087646924,-0.002098220066773071,-0.0007442115987810194,-0.0009359227100056433,0.0012303698403989837,0.00471365479123375,56.95140931977829
2025,2025-06-27 12:26:00,-19.9999536,-0.004002001000500251,0.005714285714285783,0.0038022813688212143,0.0038022813688212143,-4.408982147641183e-05,-0.001502332908402737,0.0028463477706339724,0.002072166212443216,0.25045103839085153,0.0030991160158320152,0.0066070664209713255,59.84275384965188,88.70059991681438,69.854263575031,152.4390243902433,80.0,0.0019443571556831962,0.0017663483063066199,0.003685615326313618,-8.646085181196472e-05,-0.00033567234298148563,0.0008153212037936621,0.001927181486586631,62.02111633404047
2025,2025-07-07 02:21:00,-57.68348805,-0.011542494411047332,0.003780718336483968,0.003780718336483968,-0.009328358208955279,0.0017443265168730626,-0.0013801355241709334,0.0035906017047113714,0.0031926128124488695,0.03707197792523845,0.0029826745369147395,0.008567518465964551,60.65051946198871,82.88761232526282,72.07837507487314,167.68558951966125,83.33333333333333,0.005197975921586551,0.003973317945250576,0.0002120425547471605,0.0017790277457581105,-0.0001428191947880908,0.0010861558421951074,0.008448345154896177,70.24282561393139
2025,2025-07-20 08:06:00,385.48799415,0.077136365539598,0.04224058769513328,-0.013900955690703709,0.048983364140480434,-0.0035971190265876585,0.02153080115728212,0.03490537540182559,0.049048166130506,0.5673163912628777,0.018498089256541634,0.0700596423981273,61.841252357170596,87.15729690605714,79.40553058094275,80.57957671609728,80.72289156626503,0.0031861324307371763,0.0033820005246174567,0.0022606266837048583,0.0011934463451861443,0.0002479179634178319,0.0006252360634806879,0.0039640953507186,67.53142259101378
2025,2025-07-29 00:21:00,-296.3168375,-0.05929316787277414,0.006952491309385911,0.0034642032332563577,0.0057870370370369795,0.0009503439955660387,-0.0024439409557076575,0.006406818559405725,0.0055731650957271395,2.204056051469084,0.0049208766183134805,0.01392731437716874,62.09945738065849,82.02409265624239,69.07030740186657,192.52238020010068,82.3529411764706,0.0021385564362925713,0.0027330438990409434,0.004992568055378621,0.0006969493043456065,0.00012977314536422035,0.0012949582153097968,0.0045729477709082625,62.09723588206898
2025,2025-07-29 22:01:00,-138.5421719,-0.027722392001688047,0.010778443113772518,0.007159904534606243,-0.009389671361502372,-0.0008555013336852824,-0.00975563204043628,0.0037570270003310924,-0.004066079411855661,1.7542915049129417,0.005056501120003809,0.016433216688867873,61.25378636360814,89.25991352659662,78.85850730373801,182.08232445520395,73.6842105263158,0.0017133611513242553,0.0012171435088801363,-0.00038410420441137294,-0.0001491425718589401,-0.0018164379868844671,0.0013760428771728422,0.005227844913153101,59.31627416575771
2025,2025-08-13 16:31:00,252.2444868,0.05047421670018683,0.006849315068493178,0.006849315068493178,0.0011350737797957144,0.0012899093641824955,-0.0022008285032851793,0.004724506945086304,0.002968657799222729,-0.7371712197303171,0.00482324957665548,0.012536725825800765,59.683380953040064,86.35055245498587,66.8762141711169,133.29640912027818,81.81818181818181,0.007469121880679719,-0.0032379344488496775,0.008229035542430152,0.0018836376850153158,0.001869576754393032,0.0022605249339030867,0.011713671933631622,56.71770405943929
2025,2025-08-17 22:31:00,235.6445616,0.047152496108681524,0.010575793184488758,0.003500583430571691,-0.00462962962962965,7.4479913019454e-05,-0.0054076949679211506,0.002874692281999325,-0.00468496514219896,-0.05294546628669785,0.002986328621231207,0.009104093108365616,61.39136775360863,83.37511697746721,89.31528598044937,164.86203283269006,90.0,0.0014112074883314563,0.0009241932014409926,8.49439412586861e-07,0.0005950303212591823,-0.0003048683601479807,0.0006749874532777592,0.002195640106806464,55.79663006251118
2025,2025-09-02 18:56:00,-103.1439288,-0.020639128428480168,0.0,0.006983240223463749,0.001388888888888884,-1.1386292048110036e-05,0.0018401864087562725,0.005196554427977729,0.006744281826420062,1.1706177698190308,0.004057916912098649,0.008398073326548842,61.49461988645144,80.37558484516964,67.1463690573193,86.68730650155024,80.0,-0.0019510479102680112,-0.0002340225402560625,-0.0043157906103659105,-0.0019014178364890055,-0.00014657508786541928,0.001959889679160405,0.006788445663464502,50.65820784610775
2025,2025-09-17 05:56:00,-202.1456255,-0.04044935341532925,0.00654450261780104,0.005228758169934622,0.0013020833333332593,-0.00027183724396306896,-0.0046821287873691775,0.0034546464567586366,0.0009718213294229727,0.7486429528993153,0.0035731473528125067,0.007701313508347016,62.832541237254624,91.98855429914649,70.77875467369945,133.33333333333212,80.0,0.005549294152135786,0.004956624168633628,0.003163009936722583,0.001871878523970416,-0.0005840779176828903,0.001355834900254642,0.007793146090441238,73.98519892195517
2025,2025-09-23 05:36:00,-77.4999132,-0.015507753876938469,0.007246376811594235,-0.0028694404591105283,0.0014409221902016434,-0.0002809240921691769,-0.0007158376382765397,0.003035654433426016,0.0017414602871608231,0.6855314256107827,0.003772355509315573,0.008949674797640857,58.112642705119946,77.647086050938,69.03123108668092,118.74105865522289,77.77777777777777,0.0066035452867474476,0.003997292386618723,0.003304747960677812,0.0025649412257335857,0.0007986991701118829,0.0011868968995114566,0.008240672052535248,68.20753562444321
2025,2025-10-02 10:56:00,36.286797,0.007261014473481466,0.004243281471004279,0.0,-0.0042075736325385416,-0.0007592457770291272,-0.001974803991447005,0.002216855100463544,0.0002680196847515415,-0.7132183421239336,0.003005187517021183,0.006849712616655807,58.92643732270075,79.22557490633454,73.25306986932159,163.54016354015593,75.0,-0.0013609314969740272,-0.00036923263679300433,0.00048260512270159595,0.0003202944228732907,0.0007800605542089833,0.0007613821774178835,0.001981653720830232,46.556652865433776
2025,2025-10-02 23:56:00,205.1469849,0.04105006089542662,0.004243281471004279,0.0,-0.002808988764044895,-0.00016779699654656532,-0.0006862574010060296,0.002035749921267982,0.0019772030429561216,-1.3014148757269453,0.003051600415342478,0.0043593627646418736,57.20016670930397,78.74718443629159,85.78311914140001,140.59348890809565,80.0,0.0032810736485338055,0.0034790238753112934,1.1614748739896541e-05,0.0007916621342638486,7.617974328488764e-05,0.0012933514292440508,0.004281959492066367,56.9057962543361
2025,2025-10-05 13:41:00,62.0081868,0.012407843265895243,0.011049723756906049,0.005494505494505475,-0.006784260515603768,-0.001850257598188132,-0.005693071499214941,0.0022488769105988293,-0.018615602458237568,-0.8844763003042346,0.004374583728646628,0.013622424351622005,59.17558108650531,92.48681663148686,66.69359775238304,124.10597360733446,83.33333333333333,0.0025521386971079085,0.00037492909214398296,0.0014143501706807005,0.00027876264007242746,-0.0019849454459663907,0.0011070663596149497,0.0026031320514453326,54.2328682953564
2025,2025-10-18 06:16:00,82.4400488,0.016496302758887978,0.003424657534246478,0.0,0.005145797598627766,-0.001037267696915034,-0.0004290478270519982,0.003906321971101967,0.007092415861264856,0.4385567005855938,0.003695370970593689,0.010599978264800306,59.42747117033589,87.3556022047675,81.23684370295578,83.07797071842019,77.77777777777777,0.002352276651003571,0.0027041436002561703,0.0002949526577575856,0.0007496228575520902,-0.0009709148278974622,0.0009558249541635602,0.005084788348954123,60.6587897418091
2025,2025-10-18 14:56:00,82.96736805,0.016601782881148983,0.005172413793103514,-0.001712328767123239,0.0034423407917383297,-0.001210951329896237,-0.00298318463958569,0.003653607185105656,0.0017167054756908051,0.8400954127856618,0.004279627730237382,0.012093582572666775,61.25518151609083,91.15588212185057,79.12452688051425,88.43753305828768,80.0,-0.00011134284145064566,-0.001084302662523906,-1.9650538565119113e-05,-0.00013434870703987745,-0.00019632745374420502,0.0011228594691771272,0.002566211937959184,48.234557795309485
2025,2025-10-22 23:21:00,-158.717298,-0.031759380556829545,0.01050788091068311,0.005226480836237002,-0.015358361774744034,0.00022543285205478547,-0.009360763329474775,0.001142289865327717,-0.006287439577554399,1.3641175391705556,0.004664959488610194,0.013138527181226434,61.257440075741854,94.32594908444489,65.29908692019404,131.2922355537177,88.88888888888889,0.0036526390643869533,0.0029029565768798893,-0.006784175306192908,4.503316360193743e-05,-0.003412259734302925,0.002192116019655178,0.006137929729246491,58.82976467490393
2025,2025-10-28 00:26:00,-86.4781675,-0.01730433322973779,0.01005025125628145,0.0016611295681063787,0.0033277870216306127,0.0015211577500369167,-0.004055001048203888,0.003270381767249919,-0.0014358344794671574,0.16739628820368285,0.0034657448519414234,0.010510649470387491,63.74255059472937,93.40533085616734,88.05601542946027,147.58988852253106,88.88888888888889,0.002406474839085515,-0.0022145482277935447,-0.0041866831739277854,-0.0004751347140581341,-0.0031811323907984246,0.0013312447028661053,0.0031799220137608557,53.17779579492834
2025,2025-10-30 02:31:00,652.604161,0.13058630155413842,0.008474576271186418,0.006768189509306355,-0.001677852348993314,0.001551466987749217,-0.0009190938188451403,0.004395794206019321,0.009294064894440845,0.5389329940694614,0.003714128806161026,0.007818488061602801,63.40138894069713,89.20634972856439,65.82288965264021,194.93807215939847,83.33333333333333,0.004538032299046257,0.0051036274832469974,-0.0024583776507195454,0.0013361473027260207,-0.0011424091854470575,0.0016571044961780348,0.005243333398788034,63.270757261422276
2025,2025-11-02 04:31:00,-124.2186705,-0.02485617808904452,0.005235602094240788,0.0017391304347826875,0.0,-0.0004010234057513218,-0.0020593067123269027,0.0021838583477340467,-0.0008388983046950793,1.6874707774980866,0.0026369707271401244,0.0060362974071672395,61.014528682481604,88.60404788174903,74.81132764657667,139.58333333333485,80.0,0.0008647136806614331,0.0009611887094427285,0.0006145113770963384,0.00039785274544801297,8.655036197646737e-05,0.0006268842929217551,0.0017311623029517055,56.9697764507722
2025,2025-11-04 08:36:00,-58.26001115,-0.011657836566466788,0.013565891472868241,-0.001908396946564861,-0.02059925093632964,-0.00342731765605353,-0.014035911130061196,0.0027579610280290545,-0.004094118231200983,-0.08182310544728806,0.007005858611489143,0.020521742750172267,59.94323377838059,89.17198473272066,71.45423554298884,106.60302307080427,84.61538461538461,-0.0006761667941851401,-0.0016271799242496554,-0.02194713293520789,-0.003135881194841872,-0.008742646549831812,0.002727446880558165,0.008225444829922102,48.89127654605922
2025,2025-11-07 11:11:00,1083.152147,0.21673930380197753,0.023510971786833812,0.02834645669291347,-0.010606060606060619,0.001186011497014583,-0.0034567147886683802,0.02416847044465542,0.01837833336691963,-0.15051102877121245,0.010558399786334277,0.036369339637680756,66.6342126121913,89.1950358616864,68.80232767112392,308.48257670414796,78.78787878787878,-0.006122004357298483,-0.009555897013819203,-0.014838991494353304,-0.003809011885379965,-0.005950090222444637,0.0019409398927222937,0.0066754660819702384,27.74178016427722
2025,2025-11-08 11:16:00,585.4890236,0.11715656098942843,0.010189228529839722,0.011661807580174877,-0.06469002695417791,0.0005834584214585714,-0.014919803992592184,-0.0013189690740232907,-0.02532708517077542,-0.5906108176563564,0.006658647420262105,0.019334890588013572,55.5383468550397,81.08003354509873,66.27611217787913,106.27225417693786,85.7142857142856,0.0016580977114928341,0.0029938391486539206,0.0023250334138000817,0.0008207683928898035,0.0004020274918685729,0.0009241878535880898,0.003103794197365166,56.7423744128249
2025,2025-11-08 20:46:00,102.9490869,0.020600161832068104,0.010886469673405896,0.009316770186335477,0.014040561622464809,0.003090309693182025,-0.0030201182982596553,0.006163508243461235,-0.002051744815676826,2.3137274011982054,0.00480278212869548,0.017525130589360404,64.64782756831828,89.53581395107075,74.69452007185166,180.76416337285772,83.33333333333333,0.0014723076681628644,0.00098236546152064,0.003920346272672015,0.0007112241252580365,0.0007440005812027195,0.0010119305489789017,0.005150929117194017,58.64819030446042
2025,2025-11-11 11:11:00,44.8622216,0.008976935793666688,0.004885993485342022,-0.003231017770597755,0.0,0.00017177747628061013,-0.0037631071646996306,0.0024351827418793714,-0.0016764677568139597,0.5895462536673961,0.004400729369842037,0.008787159915384488,58.811617297870164,84.34059385877507,86.38050553730018,128.27461607949306,75.0,0.0012098074294730754,0.0004143529583944261,0.002068526976523488,0.00026420778034674797,-0.0005892822849015156,0.0013596018483016275,0.00441018822739845,59.08949863736639
2025,2025-11-12 20:31:00,82.79091375,0.01656650242929684,0.013913043478260834,0.0,0.006908462867012188,0.000781933453209982,-0.009263681744939078,0.0042036109476686345,-0.006380520102716503,0.49738117740104926,0.005592764486723928,0.019647077728047052,61.39919221156489,88.36916342844826,73.07483879930784,121.50349650349665,85.71428571428571,0.006342871220223589,0.002070833949066486,-0.00022213965703998806,-0.0002121276315719678,-0.006177740144674981,0.0021918781868448065,0.007586981039444058,59.69413708006216
2025,2025-11-14 07:06:00,50.5819122,0.01012146284782603,0.007104795737122638,0.010695187165775222,0.0017667844522968323,-0.00011061543135626462,-0.0012447860075851525,0.006803561802784408,0.005681381977244104,0.9199006415094341,0.007264116587308353,0.017438676073937693,60.67424944722419,84.56230667016203,73.78278700146339,145.8681833389099,74.99999999999983,-0.0020633154231800566,-0.007023143963715617,-0.022757116881783834,-0.005399512921973271,-0.010621053155269622,0.004412528422613459,0.012418677673503216,45.71835995819737
2025,2025-11-16 05:21:00,85.1311791,0.017034787095824618,0.005291005291005346,-0.0017513134851138146,0.005291005291005346,-0.0011175623172536842,-0.0017627277336068614,0.003583888700166016,0.005071482528226534,1.683213602453082,0.0037157611291022625,0.012333351276055178,63.661221751746524,92.00386801282545,69.9159017024904,90.64523331100675,77.77777777777777,0.0019870917351392237,0.0013659961910723606,0.006946747201363346,0.0008068293483931566,0.0018848298705849142,0.0012866894551729717,0.004053723441649478,63.18086571753134
2025,2025-11-18 08:21:00,-19.9999554,-0.00400200100050025,0.017142857142857126,0.0,0.0018761726078799779,0.001363768565977308,-0.0030252434920189364,0.00428062870405288,0.0072380810557450825,0.26686087079790083,0.005233506690177013,0.01562073639730327,58.35899926479098,86.50631452334252,70.92984120839442,82.43727598566319,81.81818181818181,0.01306245780104165,0.010004987497931106,0.010676338543860853,0.005800080068901758,-0.0017375507505127397,0.002703942502312675,0.021262824012048855,71.48991450841346
2025,2025-11-20 21:26:00,19.00582125,0.0038030711262063786,0.015810276679841806,0.013806706114398493,0.021868787276341894,0.005450292471677498,-0.005559539332941621,0.007320652580245834,-0.010343572514356691,0.6379858545822512,0.005858098638773766,0.01853420160958493,68.79262584094351,92.3468738447587,76.72755711268553,207.90020790021242,84.61538461538461,0.005838885523924864,0.004296710309570573,0.0036019049000410863,0.0011749818819342117,-0.00757198142381954,0.0034388472270848558,0.009714878008991769,58.93943327064992
2025,2025-11-21 16:41:00,-584.7972175,-0.11701818651261114,0.016393442622950838,0.002020202020202033,0.006085192697768749,-0.0017660000636686712,0.0016116703759332385,0.0111046538917976,0.013438135126473405,2.066340730744279,0.008420447917499012,0.020701132424816422,61.63050287637114,89.22205145421917,65.38978533455733,137.0507222035632,80.0,0.009387008322552015,-0.015775922125360164,0.011354567220489109,-0.0070883679934138355,-0.00023852496398757417,0.006122753168245613,0.02796019644782282,53.35203059728721
2025,2025-11-22 06:36:00,304.7054969,0.06097166230173911,0.012320328542094527,0.012320328542094527,0.0,-0.0010687496454205858,-0.006827882777109329,0.004480566842546718,-0.0012523952517909942,1.74268302194911,0.005797802688250971,0.017238397518640668,59.96482641176921,83.1213351181656,67.70418309840909,163.56404136833874,80.0,0.008028067868792732,0.009325065585499726,0.002697410272904044,0.0016553973179569414,-0.002079648339332385,0.002194667574320102,0.00911706309350055,66.93074520162043
2025,2025-11-30 16:21:00,142.682904,0.028550860796251788,0.0020408163265306367,0.0,0.008213552361396204,-0.00030131613643247235,-0.0007249772569930535,0.003712412419657918,0.0025141922846012577,1.1893525256711797,0.00338427682880809,0.007291973446860098,59.10811304297879,83.296508991693,92.29888304943157,108.23812387252053,80.0,0.0021836878408936222,0.0012388419558844177,0.00465768380805387,0.00010997150500169361,0.00011994478785481988,0.0010806040153575527,0.002847164671887961,64.56522756706813
2025,2025-12-01 06:51:00,-19.9999779,-0.004002001000500251,0.006535947712418277,0.008733624454148492,-0.008583690987124526,0.0014502356759276136,-0.007601831684193705,-0.0008074682999109628,-0.016201559508501773,0.36229104282978364,0.004017948178927126,0.008330460771791223,58.00612425482735,83.38056271707595,72.84623042906952,156.32183908045596,80.0,0.002810237927269199,0.0038643514741871776,-0.0046347063357162765,0.0014878458587208598,-0.006973820458677782,0.0018841595535999045,0.007283889954118461,53.692523243733895
2025,2025-12-07 06:16:00,63.3748986,0.012681340670335169,0.0020876826722338038,0.0,0.0,-2.702254906061796e-06,-0.002241655590495051,0.0005933510617883719,-0.001044449243406076,0.0008951275807618663,0.002625908855441955,0.004247654116954054,54.72610778854003,79.27933075976628,92.1555224164157,90.51987767584731,75.0,0.0011048105104602968,-0.0012594992347064737,0.001905868238812003,-0.00028670065590741256,-3.126278238774205e-05,0.0006891216853729997,0.001773727888350118,53.00413003482206
2025,2025-12-11 18:46:00,19.31236205,0.003864407645866155,0.02213279678068414,0.01195219123505975,-0.005870841487279899,0.0025107571891858083,-0.009555826239084131,0.008549093492993931,-0.00499925114929145,-0.27229452814925376,0.006001783905144731,0.023583252987220027,65.41525844986774,90.67981089617322,81.25195456829402,129.18310682449317,78.57142857142857,0.010022925721771658,0.010286507495835595,0.008324725243058495,0.003679453181982373,0.0018636518362948884,0.0026364270069250437,0.01147818306422415,72.85788477634301
2025,2025-12-12 10:01:00,-20.0,-0.00400200100050025,0.004024144869215318,0.0,-0.007952286282306154,-0.0005802180602869633,-0.003967684515326364,0.0016644769136984205,-0.0001985349077069376,1.1727965667167664,0.0031043149968275306,0.007055407981292643,60.9760055793035,93.94541651855295,81.45999290938218,95.09658246656466,80.0,0.0019333493000819324,0.0004891335518562023,0.0007024676204638869,-0.00014435651125799254,-0.0008335179577930729,0.0012423389026897666,0.0036179474156309093,60.679762934395356
2025,2025-12-17 20:21:00,159.8650966,0.031989028221976155,0.009090909090909038,0.0,-0.006711409395973145,0.0015043301659720676,-0.009139166900273166,6.96799251782565e-05,-0.012494722630693844,-0.15538725356682898,0.005150837378757057,0.01653667476288853,59.27495022516195,93.17035594985495,77.62192745264908,99.15830739074917,77.77777777777777,0.00472153777230222,-0.005233830110174864,-0.006469841057417547,-0.002113107342384457,-0.008780732402232205,0.0031273424950417155,0.007921092005937111,53.05810318988185
2025,2025-12-25 15:31:00,112.224508,0.0224561620017057,0.008869179600886845,0.004415011037527616,0.004415011037527616,0.0009555618450902692,-0.001778352871343647,0.0037205001993065867,-0.00019176874108017827,1.067179533766274,0.0031401829547094006,0.007190690424616479,66.50730837864869,97.18146281762205,88.72822134233566,204.47284345047498,80.0,0.005287736220764616,0.006320937634330059,0.005472614084185423,0.0017597065371932619,0.0013897630983448206,0.0010625404042145493,0.005589418470650647,79.16572158763759
2025,2025-12-25 18:46:00,-64.17217035,-0.012840857514850142,0.0044345898004434225,-0.0022026431718061845,0.0022123893805310324,-0.0009011710935658002,-0.0032890968550589594,0.0012163652100436462,0.0004626133475595928,1.3099468060921895,0.003824783348325491,0.006008276161817875,55.278141817993586,78.24429204842195,80.77835581757411,77.70515613653019,80.0,0.0024759731744952163,-0.0005403788769635653,0.00722794455112763,0.0009191686413962952,0.0015202502331055356,0.0010439198434940074,0.0038053392955593236,56.28440926710307
2025,2025-12-27 07:16:00,64.6087296,0.01292824001852935,0.004255319148936065,0.004255319148936065,-0.0021141649048626032,8.907592140339204e-05,-0.00154831292336155,0.0025430507818013925,-0.0005195385644820583,0.9817575059663237,0.003302918812907875,0.007192953961837625,58.687122139894086,84.07929755069476,78.74159998013437,183.13253012048276,79.99999999999977,0.0005864197530864868,0.0012353686031070232,0.0019608516483515803,2.8917115780124902e-05,0.00023408502156896382,0.0003597221436225238,0.0015189196894706111,65.06080538720948
2025,2025-12-31 05:16:00,-59.2351638,-0.011852985316187507,0.013916500994035852,0.011904761904761862,0.003937007874015741,-0.0010928050373798515,-0.009281290629134298,0.006791741694676334,-0.003975373739045107,0.7582682010747284,0.0039020008783489098,0.015771889813713004,68.7127333203835,89.57313343690285,74.436654883725,228.88599159785653,90.0,-0.0007090129454229155,-0.0031820981318003705,0.0006307012219979313,-0.0009027651017629035,-0.0007754178361685238,0.0008710309120950135,0.0016709244080530506,45.80889812728222
2025,2025-12-31 15:01:00,19.389725,0.0038798927022566402,0.0039525691699604515,0.007936507936507908,0.01195219123505975,0.0009598841087576915,-0.0005232018145012729,0.004842009220417998,-0.00030234174683507753,0.6121813036619027,0.0032757557273378887,0.008213776178397539,65.41682479502134,89.39711298753556,68.09642854535039,229.93062438056816,83.33333333333333,-0.005882822450730019,-0.0035854005913319442,-0.00416103135018997,-0.001201182289764402,-4.897303048845281e-05,0.0015201754693985542,0.00937892322216822,29.0718514646415
2026,2026-01-07 07:21:00,48.5272905,0.009710334619364477,0.01038062283737018,0.0034364261168384758,-0.005110732538330498,-0.0007915393880342236,-0.00442920609531261,0.0048528039799491385,-0.003794236914609783,-0.07201704210365126,0.0038331988606713314,0.012979245326285312,63.35146773483734,89.79656547045519,70.15068837944732,145.22821576763656,80.0,0.0015021026199388832,0.0008152376104910708,-0.0027796879700863197,0.00036019470786019525,-0.0007305410894979936,0.0008704345160835821,0.0037255453325135664,59.45766441000223
2026,2026-01-10 17:16:00,14.205114,0.00284244686445787,0.005145797598627766,0.005145797598627766,0.0,0.0005101961274731615,-0.004778640034931225,0.0021413419839593217,-0.0060553831666579905,-0.343925519167048,0.0027781318728357478,0.006620862579581265,61.66496558289577,84.37837168526757,68.67143204809742,226.53124038164705,83.33333333333333,0.0007592997666918677,0.000859816756382692,0.00017096260772020422,0.00031341908176152344,-1.813725375043873e-05,0.0002746924527098139,0.0012200861161801762,61.23235042590096
2026,2026-01-10 19:36:00,-191.02545,-0.038224240325290856,0.0068728522336769515,0.003424657534246478,0.0068728522336769515,0.0006423800318342554,-0.0018195696930609628,0.003849590564765082,0.0002656342006182033,1.3901506448953858,0.002780579358764385,0.007516777953551565,68.23359187515669,88.18898545344861,65.97947487611219,158.68909012504858,83.33333333333333,0.00048599505831381506,-0.0007722016240503393,2.8704763776365994e-05,-8.352145987378101e-05,-0.0005819066845288434,0.00019552415703420954,0.0009854395380837178,53.82101238486603
2026,2026-01-15 17:51:00,251.782257,0.0503817273662298,0.012006861063464935,0.026086956521739202,-0.0016920473773265332,0.005079210265624301,-0.004243766734459364,0.01012324496521022,0.0002972877483693459,0.2759421461155565,0.005344261741253675,0.02038210680916694,65.65594769351439,89.58741968586399,74.98557673560401,151.21698601760482,81.81818181818181,0.0022238303925556924,0.011627906976744207,-0.0014914981510993908,0.0025074246735399264,0.0012586920117847455,0.002415161827628597,0.006778961789452279,57.4527797938082
2026,2026-01-19 06:11:00,-90.8317812,-0.01817545941112149,0.007130124777183333,-0.0017667844522968323,0.010733452593917558,0.001971316314313132,-0.006054105160814949,0.0034347392698779178,0.004908817632553353,1.8606594450913418,0.005108317106424333,0.012523594367476168,61.79672902651585,82.7632325222269,66.27063923047714,161.0696517412936,77.7777777777775,-0.0026648261284530905,-0.0015395910258901857,0.0007769923685929658,-0.0006712302864514408,-0.0019914816982241623,0.001085554106276563,0.002817233794170597,42.06247661873407
2026,2026-01-19 13:16:00,286.79685125,0.05738814892966074,0.013816925734024155,-0.005084745762711895,-0.005084745762711895,-0.0037062114009497327,-0.0006309711668401885,0.00721512613319053,0.00864785534029,-0.39527365514227886,0.005466539455436779,0.016725467321678397,59.139047667335134,87.73794561852615,80.05626700492903,69.43836615608964,83.33333333333333,-0.0004945236876846559,-0.00024947309561695885,-0.0007018630002117998,-0.0002071226097690726,0.0010353670196856513,0.0008840765847911658,0.0034398103142395434,44.44512460850201
2026,2026-01-20 14:51:00,188.4373794,0.03770635317658829,0.014084507042253502,-0.006896551724137945,-0.0034602076124568004,-0.0006862680108360442,-0.005255640828996211,0.004678670120777273,0.0033053861818816976,1.433852698246001,0.0057822853304482355,0.0135223561924898,64.38510139313728,95.42804441096675,86.69334560732312,90.95347701750765,75.0,-0.0048970681346511835,-0.007494718284766333,-0.007312965078919431,-0.0011242471790769981,-0.0017498877385664358,0.002615057925470957,0.005044982629789462,33.17485167090276
2026,2026-01-21 14:16:00,-53.80054225,-0.010765517894082175,0.006802721088435382,0.015437392795883298,-0.0116861435726211,-0.0020174606477422197,-0.008342989980078763,0.006625697242386375,-0.0063147321914643895,0.11258830113023079,0.006162442197765201,0.02086248344459664,64.1834546124864,90.14915310613398,65.79342934429852,181.44044321329534,86.66666666666667,0.0055923102359971555,0.012090064186014882,0.0015066567343076098,0.0014370062629589508,-0.002472629783143776,0.002695933011376889,0.010232250432711287,65.66650488760523
2026,2026-01-24 05:26:00,-19.999956,-0.004002001000500251,0.008726003490401313,0.006968641114982521,0.0,0.0015160169989509864,-0.0031897229746603584,0.0032076467246757723,-0.0036605869266254087,0.9550620376772231,0.0036046740737263896,0.00937828732323064,60.708758222024905,80.64965161040661,67.20968609670574,234.51692815854636,75.0,0.0014126325248882132,6.346611855700957e-05,0.0029524415709132334,0.00025300162477193133,0.0010761135857131343,0.0004584012232139935,0.0015113305145204124,61.012337992160596
2026,2026-01-30 04:26:00,218.6877,0.043759454279823806,0.006000000000000005,0.018218623481781382,-0.009842519685039353,0.0009828361923254203,-0.007792395435409549,0.0021066795358002377,0.001627860137843662,0.8509753392420984,0.004887967985599653,0.01301376839710583,59.49837292146478,87.74966772278333,71.68178682543414,130.7189542483676,75.0,0.009065868918844977,0.01795657886504398,-0.016468641544501006,0.0035858716557157777,-0.008203273755124862,0.002730569413276859,0.016254147915110862,62.20588673326905
2026,2026-02-01 18:06:00,110.21679795,0.022054411153516022,0.004357298474945592,0.0065502183406114245,-0.010729613733905574,-0.0017174152774069862,-0.0065914688258962295,0.002468857057009055,-0.0025572683066026336,0.9186107347282187,0.005870622641486748,0.011909952105661804,58.07776742953132,85.9524491274702,71.87368470084478,166.5365599791838,75.0,0.005231216144984341,0.00878704163562638,-0.0023802854551895347,0.0012051092065465951,-0.0032343145538517026,0.003487743890632303,0.008432068862547654,61.511323210065264
2026,2026-02-07 04:16:00,121.2469982,0.02426154253597387,0.004728132387706863,0.004728132387706863,-0.009324009324009341,0.0007787522073621211,-0.006209352641791788,0.0019257497339943974,-0.003416383788455213,0.9437968066144011,0.004798893641603936,0.011243128538441971,59.769858252372664,80.71316305926666,66.70592452146835,154.43645083932748,80.0,0.00634104202336494,0.012427369514042441,0.013462390026298232,0.005094882413385848,0.0032825676195848974,0.003032678213076731,0.015521102372358311,67.83410642676716
2026,2026-02-08 18:41:00,-19.9999674,-0.00400200100050025,0.009756097560975618,0.007299270072992803,-0.014285714285714346,0.001959704545673846,-0.00818423620228692,0.002615063834445319,-0.0018437353048004201,0.9198160129497851,0.0043340257670586675,0.014132654122029124,60.20707713717248,83.18625926194431,84.7636061885627,117.1646162858811,83.33333333333333,0.006986626530225415,0.004688521027071291,-0.0011449787210754403,0.0016908467126630633,-0.002008513597577255,0.002689134884367583,0.010434221022670642,62.48960937691529
2026,2026-02-11 09:31:00,82.352788,0.016478827649118677,0.005141388174807249,0.0077319587628865705,-0.0025510204081632404,0.0024405946861465466,-0.00463918269346042,0.0023725124930948915,-0.005129448892247757,0.8470243845227684,0.004302306499716314,0.00871882548332811,59.30455956947262,74.52059587498803,84.91982220762219,159.30388219544872,75.0,0.0024567376141351183,0.0005558643690939391,-0.007935332080906132,-0.0005568770707621296,-0.004448750515538724,0.002264104510273259,0.004276607823033327,49.814305725749755
2026,2026-02-11 12:26:00,-224.7054644,-0.044963658299738106,0.005141388174807249,0.0,0.0077319587628865705,0.0012673478281080008,-0.0022408946512141314,0.0044713463414047805,0.002332147712415189,2.378423013458372,0.00432109950913615,0.009865893365803713,59.89866286425589,77.35765902813344,84.66236379477914,159.3438781488004,80.0,0.004897517943878604,0.008472277790015026,0.004933530236537642,0.0035310317434351646,-0.0008166188384610695,0.002294279205106307,0.014002774727280582,68.52460650912882
2026,2026-02-14 11:26:00,-68.21676685,-0.013650198593272541,0.00728155339805836,-0.0024038461538461453,0.009732360097323589,-0.002333365702272716,0.0002930090931436702,0.004091413033932012,0.005496803547808904,-0.3023505671568985,0.003527884365741871,0.009372123225537952,58.73287244910112,86.65388926227787,86.31768067305698,62.992125984250805,80.0,0.008270055531210296,0.008322209753595544,0.018080714001781573,0.0022926388592023894,0.004066360151000037,0.0018013042349989624,0.010294565925531636,83.95926046191614
2026,2026-03-02 09:26:00,140.93833005,0.028201768444543987,0.01084010840108407,0.0026881720430107503,-0.002673796791443861,0.0009009896487635061,-0.0014565580339741535,0.004144015838342785,0.0028308408313075795,-0.12185412147870822,0.0044094364758142735,0.01233579388895594,59.690298286584834,80.27994953086436,72.63801266195567,148.14814814814815,80.0,0.0097005450854879,0.009616115545419968,-0.003423095162345735,0.0030802521788282355,-0.0023820621838865907,0.0029034202577958297,0.014989474366400114,62.389918292480374
2026,2026-03-07 21:31:00,199.2875965,0.039877472983066875,0.0027472527472527375,0.005509641873278293,0.0,-9.831587356967653e-05,-0.0017714622039367578,0.0026582238479269105,0.001613529950541981,1.3431815570953984,0.003803549010255011,0.00696628917820337,58.49329962892975,82.88453553310892,67.8817642138941,179.0046005855259,75.0,0.0025474391767295046,0.0030844542316390555,-0.006295473037510324,0.0010834746208927548,-0.0033306693457736403,0.0013693202136272338,0.007571307032644659,54.60578655430528
2026,2026-03-10 08:46:00,196.324128,0.03928450711842408,0.008196721311475308,0.005449591280654031,-0.01072386058981234,-0.00034281009741155,-0.0019332253393470333,0.004699371656830653,0.00427476058448506,0.14729191034862246,0.0044848877824207375,0.008698553630735106,58.1235192356373,76.08048066441852,74.03415287249155,225.06393861893505,80.0,0.007406564165320706,0.01303135280237755,0.012311432044040949,0.006390304402666747,0.006470101292491481,0.002742613558173329,0.014656417282111886,63.452913906458754
2026,2026-03-21 14:16:00,130.8289992,0.02617891860503116,0.0025188916876575096,0.0025188916876575096,-0.0025062656641604564,-0.0006144407318724454,-0.0020769351135236924,0.000864587619537005,-0.0010186964182707925,0.24569796568869634,0.003190127900475994,0.005958795324774913,58.61577697995747,89.24280413221027,77.52008087543024,130.18372703411478,75.0,0.0038897191795252972,0.0045217627517673,0.005678542644311335,0.0009068174042896615,0.001150686812863233,0.0008831746975369987,0.0034122646599871256,78.53835465246964
2026,2026-04-01 05:31:00,-247.3860074,-0.0495020237391423,0.005714285714285783,0.005714285714285783,0.005714285714285783,-8.485938012625649e-05,0.0005790040490909476,0.005448509498212628,0.005702287042150589,1.6049148783117166,0.004559682511225453,0.009798159103573203,61.05480394669519,81.37257681982128,77.15407054072676,154.72586612849238,80.0,0.006286492627351814,0.00936361294121979,0.007543515192842465,0.0033894605708328918,0.002889987317255427,0.0020793138182672627,0.009376274358118964,70.80438647259577
2026,2026-04-02 17:21:00,155.0144765,0.03101842466422716,0.008823529411764675,0.0058651026392961825,0.01179941002949847,-0.00018530891627832613,-0.0007619399797472726,0.004193112213031647,0.005128399874350098,1.8485491863901113,0.004702699678158501,0.008161504198158986,57.73686695744986,75.9613356634485,77.19480120509061,153.13225058004176,75.00000000000104,0.008096031970713513,0.00964919650036622,0.021139977817664857,0.0035894852902482732,0.005276412628852922,0.002595763871231659,0.00965969000417249,66.53685542061572
2026,2026-04-10 18:16:00,-187.21446315,-0.037461627749808046,0.0027932960893854997,0.0,0.0027932960893854997,-0.0009507270782558308,-0.0001910027756636401,0.0028917520714319966,0.006266971824492984,0.11093985198461938,0.0037916235351216497,0.005731472202956907,56.03872479429748,74.24841919466412,70.33536864090169,154.68409586057223,75.0,0.0033460717667121997,0.005367253420281326,0.003478449691667107,0.002145458187722049,0.0031472802753791385,0.0020941495477002528,0.006238544631163206,57.9208068936323
2026,2026-04-18 06:06:00,-180.07988745,-0.036034017008504254,0.002673796791443861,0.002673796791443861,0.0,0.0005749916253270371,-0.005066163631760712,0.0001401430058098896,-0.0045813088078709985,1.2226869000231262,0.00349160734561577,0.008397749715001698,55.31495966256513,76.7201778702701,78.67996976800843,104.18604651163095,75.0,-0.0007713328631875349,0.0005893478619263259,-0.0009125069183320011,0.00043200222355910256,-0.0008062547634040129,0.0007895518206852614,0.004054364345139047,48.47515650740687
2026,2026-04-24 20:01:00,97.73729344,0.019557251211858938,0.002144197266148451,0.0008029978586723274,-0.003995737879595063,-0.0010972519705928496,-0.0018053493404791565,0.002067519990968769,0.0007445738250242417,0.8597271430095059,0.0016043901857315307,0.005965976750561782,61.260503317083895,88.58009532817465,71.0575885420881,138.49680299191755,74.19354838709775,-0.0018195257128729159,-0.0010155280423634894,-0.005603369205329889,-0.0001250530797296534,-0.0015918411079112182,0.0012408452710031895,0.0021541988709685737,45.500435702983346
2026,2026-05-17 21:26:00,175.33141878,0.03508386406812364,0.006645478185495435,0.007810240092565701,0.0037453183520599342,0.00251901426216139,-0.0015992203119132853,0.003561248270656181,0.0019110953043284251,2.5076851445629247,0.0018222175152789507,0.008790579231334255,65.11283970858739,81.15512102368231,89.150935099372,169.79854410022298,81.81818181818197,0.0016023859450051692,0.002451657458563572,0.005941938406610836,0.00019575924737602612,0.001463152733432116,0.0007689885451607137,0.00281698362065516,65.18385227129978
2026,2026-05-19 16:56:00,265.85710032,0.05319802758522118,0.006588799041629345,0.008098380323935395,-0.0002974419988102106,0.0009468793718276913,-0.0029545365192242823,0.0025639163749733296,0.0007507873642540464,2.982400214493505,0.0021942172354203794,0.00783864276013869,63.5141440558165,94.77957808387582,92.11636216192638,167.72356671412123,87.09677419354821,0.0053593105757760995,0.007733428788337715,-0.000961912177418256,0.0014634787855316578,-0.0008689883069421533,0.0016864698150137762,0.006372860736108991,64.7306448700221
2026,2026-05-23 13:11:00,-646.80412161,-0.1294256913659694,0.00812030075187975,0.008727053866987688,0.006304413089162297,0.0027409824504169844,-0.0012443530404967484,0.004966144240397652,0.002665575692949451,0.8040588136060727,0.0016740385088633008,0.009780328135382422,71.73385791648077,88.63604071608835,81.8965195209094,240.0038585829411,90.6249999999994,0.002513248755420028,0.0017209770656738677,0.0038243838641554007,0.00014988784144187584,-0.0004414351279212747,0.000735324364852218,0.0035012573871441265,69.42997678566608
2026,2026-05-30 00:01:00,-1071.7736172,-0.2144620273342979,0.007947019867549754,0.010288748755393318,0.0,0.0016946354265023889,-0.002366894758579763,0.004817519028065043,0.0008750656118248212,-0.22399000953442938,0.0023463053386443364,0.00814121332290001,65.08790612208001,87.86226389062006,71.37699759759946,254.01355690332196,87.09677419354799,0.000734438488392275,0.0006798976474724494,-0.0012510998119270589,-0.0007610520628402728,-0.0016965238144723838,0.0009570189699989226,0.0028287837830997305,50.97057626077446
