window,strategy,pair,base,trades,profit_abs,profit_pct_of_wallet,avg_profit_pct,wins,losses,winrate_pct,profit_factor
2023H2_oos,Intp20Stage12XtzCoreRocFilterStrategy,OP/USDT:USDT,OP,21,639.9995096700002,6.399995096700002,0.6092215356921532,10,11,47.61904761904761,1.6275717528517548
2023H2_oos,Intp20Stage12XtzCoreRocFilterStrategy,DOGE/USDT:USDT,DOGE,11,554.3779725799999,5.543779725799999,1.0083638793987337,5,6,45.45454545454545,1.9548870657562591
2023H2_oos,Intp20Stage12XtzCoreRocFilterStrategy,SOL/USDT:USDT,SOL,67,524.0896135000002,5.240896135000002,0.15663664440155523,34,33,50.74626865671642,1.0708033089538322
2023H2_oos,Intp20Stage12XtzCoreRocFilterStrategy,ETC/USDT:USDT,ETC,5,304.0753395,3.040753395,1.215699957975994,2,3,40.0,3.334373688614793
2023H2_oos,Intp20Stage12XtzCoreRocFilterStrategy,MKR/USDT:USDT,MKR,134,293.02608169999985,2.9302608169999984,0.04356374871114241,55,79,41.04477611940299,1.0250871456319393
2023H2_oos,Intp20Stage12XtzCoreRocFilterStrategy,XTZ/USDT:USDT,XTZ,31,290.30213580000014,2.9030213580000015,0.18754776639654488,16,15,51.61290322580645,1.17740936686666
2023H2_oos,Intp20Stage12XtzCoreRocFilterStrategy,XLM/USDT:USDT,XLM,17,205.036361,2.05036361,0.24110017616763602,7,10,41.17647058823529,1.2912769166946536
2023H2_oos,Intp20Stage12XtzCoreRocFilterStrategy,AAVE/USDT:USDT,AAVE,19,149.59349105000004,1.4959349105000004,0.15740321368115,11,8,57.89473684210527,1.0651880683201187
2023H2_oos,Intp20Stage12XtzCoreRocFilterStrategy,ETH/USDT:USDT,ETH,6,147.1040986,1.471040986,0.49007361987241094,2,4,33.33333333333333,1.4023257455106506
2023H2_oos,Intp20Stage12XtzCoreRocFilterStrategy,XRP/USDT:USDT,XRP,15,127.16194279999986,1.2716194279999986,0.1697151028654188,7,8,46.666666666666664,1.2061782687923475
2023H2_oos,Intp20Stage12XtzCoreRocFilterStrategy,AVAX/USDT:USDT,AVAX,0,0.0,0.0,0.0,0,0,0.0,0.0
2023H2_oos,Intp20Stage12XtzCoreRocFilterStrategy,BCH/USDT:USDT,BCH,0,0.0,0.0,0.0,0,0,0.0,0.0
2023H2_oos,Intp20Stage12XtzCoreRocFilterStrategy,BNB/USDT:USDT,BNB,0,0.0,0.0,0.0,0,0,0.0,0.0
2023H2_oos,Intp20Stage12XtzCoreRocFilterStrategy,BTC/USDT:USDT,BTC,0,0.0,0.0,0.0,0,0,0.0,0.0
2023H2_oos,Intp20Stage12XtzCoreRocFilterStrategy,LINK/USDT:USDT,LINK,0,0.0,0.0,0.0,0,0,0.0,0.0
2023H2_oos,Intp20Stage12XtzCoreRocFilterStrategy,TRX/USDT:USDT,TRX,0,0.0,0.0,0.0,0,0,0.0,0.0
2023H2_oos,Intp20Stage12XtzCoreRocFilterStrategy,COMP/USDT:USDT,COMP,1,-53.89775752,-0.5389775752,-1.0774167179975904,0,1,0.0,0.0
2023H2_oos,Intp20Stage12XtzCoreRocFilterStrategy,APT/USDT:USDT,APT,2,-124.28340525000002,-1.2428340525000001,-1.242225039959049,0,2,0.0,0.0
2023H2_oos,Intp20Stage12XtzCoreRocFilterStrategy,LTC/USDT:USDT,LTC,33,-183.61722984,-1.8361722984,-0.11076538345743761,13,20,39.39393939393939,0.9267980343898502
2023H2_oos,Intp20Stage12XtzCoreRocFilterStrategy,SUI/USDT:USDT,SUI,34,-1002.8171439599998,-10.0281714396,-0.5895989375973574,15,19,44.11764705882353,0.744981684023335
2024,Intp20Stage12XtzCoreRocFilterStrategy,MKR/USDT:USDT,MKR,252,5687.744700449999,56.87744700449999,0.45140311175471376,131,121,51.98412698412699,1.26705230431275
2024,Intp20Stage12XtzCoreRocFilterStrategy,SOL/USDT:USDT,SOL,104,5621.8002884,56.21800288399999,1.0821619311289852,58,46,55.769230769230774,1.6525970549747124
2024,Intp20Stage12XtzCoreRocFilterStrategy,XLM/USDT:USDT,XLM,46,5414.99089423,54.149908942299994,2.353180128996939,27,19,58.69565217391305,2.8325113300533773
2024,Intp20Stage12XtzCoreRocFilterStrategy,AAVE/USDT:USDT,AAVE,51,4308.507766899999,43.08507766899999,1.6887922759526017,30,21,58.82352941176471,1.7062902999701828
2024,Intp20Stage12XtzCoreRocFilterStrategy,XTZ/USDT:USDT,XTZ,60,2805.0290376000007,28.05029037600001,0.9355950867062998,27,33,45.0,1.5725157989504934
2024,Intp20Stage12XtzCoreRocFilterStrategy,ETC/USDT:USDT,ETC,37,2356.85193326,23.568519332599998,1.2733422946806896,25,12,67.56756756756756,3.734887399375602
2024,Intp20Stage12XtzCoreRocFilterStrategy,COMP/USDT:USDT,COMP,23,2018.7642000100002,20.187642000100002,1.7545706307727695,16,7,69.56521739130434,1.4578316845970731
2024,Intp20Stage12XtzCoreRocFilterStrategy,SUI/USDT:USDT,SUI,57,1657.8192563600003,16.578192563600002,0.5814037601401227,27,30,47.368421052631575,1.19432667896548
2024,Intp20Stage12XtzCoreRocFilterStrategy,APT/USDT:USDT,APT,23,1205.4531365999997,12.054531365999996,1.0477027568497461,13,10,56.52173913043478,2.2015613015448836
2024,Intp20Stage12XtzCoreRocFilterStrategy,LTC/USDT:USDT,LTC,92,948.5597333499999,9.485597333499998,0.2062792365775889,45,47,48.91304347826087,1.1500677904265117
2024,Intp20Stage12XtzCoreRocFilterStrategy,XRP/USDT:USDT,XRP,48,801.6750466400002,8.016750466400001,0.3340323294921718,20,28,41.66666666666667,1.2610358999513505
2024,Intp20Stage12XtzCoreRocFilterStrategy,ETH/USDT:USDT,ETH,28,788.4014494300001,7.8840144943000015,0.5628827786514788,11,17,39.285714285714285,1.365721960510493
2024,Intp20Stage12XtzCoreRocFilterStrategy,DOGE/USDT:USDT,DOGE,45,544.18588828,5.4418588828,0.24162342915143922,23,22,51.11111111111111,1.1778409971385806
2024,Intp20Stage12XtzCoreRocFilterStrategy,AVAX/USDT:USDT,AVAX,0,0.0,0.0,0.0,0,0,0.0,0.0
2024,Intp20Stage12XtzCoreRocFilterStrategy,BCH/USDT:USDT,BCH,0,0.0,0.0,0.0,0,0,0.0,0.0
2024,Intp20Stage12XtzCoreRocFilterStrategy,BNB/USDT:USDT,BNB,0,0.0,0.0,0.0,0,0,0.0,0.0
2024,Intp20Stage12XtzCoreRocFilterStrategy,BTC/USDT:USDT,BTC,0,0.0,0.0,0.0,0,0,0.0,0.0
2024,Intp20Stage12XtzCoreRocFilterStrategy,LINK/USDT:USDT,LINK,0,0.0,0.0,0.0,0,0,0.0,0.0
2024,Intp20Stage12XtzCoreRocFilterStrategy,TRX/USDT:USDT,TRX,0,0.0,0.0,0.0,0,0,0.0,0.0
2024,Intp20Stage12XtzCoreRocFilterStrategy,OP/USDT:USDT,OP,74,-74.04526950000019,-0.7404526950000019,-0.020002904770592585,37,37,50.0,0.981095017476299
2025,Intp20Stage12XtzCoreRocFilterStrategy,MKR/USDT:USDT,MKR,167,9721.20276345,97.21202763449999,1.1644893014745805,87,80,52.09580838323353,1.6371559651639787
2025,Intp20Stage12XtzCoreRocFilterStrategy,XRP/USDT:USDT,XRP,46,3178.88175872,31.7888175872,1.3824488210235215,26,20,56.52173913043478,2.4867177216584033
2025,Intp20Stage12XtzCoreRocFilterStrategy,ETH/USDT:USDT,ETH,19,3177.1680708999993,31.771680708999995,3.342979271450651,14,5,73.68421052631578,4.167305929422171
2025,Intp20Stage12XtzCoreRocFilterStrategy,SOL/USDT:USDT,SOL,92,2988.473519,29.88473519,0.649738616539335,45,47,48.91304347826087,1.3375586766533718
2025,Intp20Stage12XtzCoreRocFilterStrategy,OP/USDT:USDT,OP,29,2386.99700135,23.8699700135,1.6453825396562267,16,13,55.172413793103445,2.9074211004511326
2025,Intp20Stage12XtzCoreRocFilterStrategy,XTZ/USDT:USDT,XTZ,57,2168.1843511499997,21.681843511499995,0.7613455216103935,31,26,54.385964912280706,1.81509628383161
2025,Intp20Stage12XtzCoreRocFilterStrategy,LTC/USDT:USDT,LTC,118,2002.4098040299998,20.024098040299997,0.33947007028215903,53,65,44.91525423728814,1.2927538594236945
2025,Intp20Stage12XtzCoreRocFilterStrategy,XLM/USDT:USDT,XLM,76,1726.2206390799995,17.262206390799996,0.4540466318383237,36,40,47.368421052631575,1.2328855384408637
2025,Intp20Stage12XtzCoreRocFilterStrategy,COMP/USDT:USDT,COMP,17,1151.6787459299996,11.516787459299996,1.3542431612526746,9,8,52.94117647058824,1.4455241378422943
2025,Intp20Stage12XtzCoreRocFilterStrategy,ETC/USDT:USDT,ETC,20,915.3873422199999,9.1538734222,0.9149349735049779,13,7,65.0,2.6116430697698436
2025,Intp20Stage12XtzCoreRocFilterStrategy,AAVE/USDT:USDT,AAVE,46,719.0830229499995,7.190830229499995,0.3124549917124572,26,20,56.52173913043478,1.0965238365540788
2025,Intp20Stage12XtzCoreRocFilterStrategy,SUI/USDT:USDT,SUI,63,497.9345882100003,4.979345882100003,0.15800095983320536,33,30,52.38095238095239,1.0796384410276818
2025,Intp20Stage12XtzCoreRocFilterStrategy,DOGE/USDT:USDT,DOGE,12,302.95570854000005,3.0295570854000005,0.5048970751940859,8,4,66.66666666666666,2.372247472116317
2025,Intp20Stage12XtzCoreRocFilterStrategy,AVAX/USDT:USDT,AVAX,0,0.0,0.0,0.0,0,0,0.0,0.0
2025,Intp20Stage12XtzCoreRocFilterStrategy,BCH/USDT:USDT,BCH,0,0.0,0.0,0.0,0,0,0.0,0.0
2025,Intp20Stage12XtzCoreRocFilterStrategy,BNB/USDT:USDT,BNB,0,0.0,0.0,0.0,0,0,0.0,0.0
2025,Intp20Stage12XtzCoreRocFilterStrategy,BTC/USDT:USDT,BTC,0,0.0,0.0,0.0,0,0,0.0,0.0
2025,Intp20Stage12XtzCoreRocFilterStrategy,LINK/USDT:USDT,LINK,0,0.0,0.0,0.0,0,0,0.0,0.0
2025,Intp20Stage12XtzCoreRocFilterStrategy,TRX/USDT:USDT,TRX,0,0.0,0.0,0.0,0,0,0.0,0.0
2025,Intp20Stage12XtzCoreRocFilterStrategy,APT/USDT:USDT,APT,32,-139.19032367000003,-1.3919032367000004,-0.08694889443632199,14,18,43.75,0.9043665356946224
2026_01_05,Intp20Stage12XtzCoreRocFilterStrategy,AAVE/USDT:USDT,AAVE,21,2335.8276155999997,23.358276155999995,2.2235640614184926,12,9,57.14285714285714,2.1204999312250203
2026_01_05,Intp20Stage12XtzCoreRocFilterStrategy,XTZ/USDT:USDT,XTZ,25,1477.0612061300003,14.770612061300003,1.1819092160131586,19,6,76.0,2.0417520585804034
2026_01_05,Intp20Stage12XtzCoreRocFilterStrategy,XRP/USDT:USDT,XRP,14,1460.1707825,14.601707825000002,2.0866086706825304,11,3,78.57142857142857,7.033610549192831
2026_01_05,Intp20Stage12XtzCoreRocFilterStrategy,SUI/USDT:USDT,SUI,26,1334.72332334,13.347233233399999,1.0261993704474761,15,11,57.692307692307686,1.599825868290293
2026_01_05,Intp20Stage12XtzCoreRocFilterStrategy,XLM/USDT:USDT,XLM,13,550.17307494,5.5017307494,0.8459990366646748,8,5,61.53846153846154,1.714276041510683
2026_01_05,Intp20Stage12XtzCoreRocFilterStrategy,SOL/USDT:USDT,SOL,24,487.17086849999987,4.871708684999999,0.405834531165613,12,12,50.0,1.2908013609418545
2026_01_05,Intp20Stage12XtzCoreRocFilterStrategy,APT/USDT:USDT,APT,7,433.03950704,4.3303950704,1.2366379919685897,4,3,57.14285714285714,4.004139684848202
2026_01_05,Intp20Stage12XtzCoreRocFilterStrategy,OP/USDT:USDT,OP,12,324.06201255,3.2406201255000004,0.5398335054729584,5,7,41.66666666666667,1.934079879347279
2026_01_05,Intp20Stage12XtzCoreRocFilterStrategy,DOGE/USDT:USDT,DOGE,4,209.77199438999997,2.0977199438999996,1.048898587947575,3,1,75.0,13.830416280265446
2026_01_05,Intp20Stage12XtzCoreRocFilterStrategy,ETH/USDT:USDT,ETH,2,131.24128326,1.3124128325999997,1.3117991894520378,1,1,50.0,2.523689864904794
2026_01_05,Intp20Stage12XtzCoreRocFilterStrategy,LTC/USDT:USDT,LTC,17,108.1572505,1.081572505,0.1272621170861648,10,7,58.82352941176471,1.174329263888381
2026_01_05,Intp20Stage12XtzCoreRocFilterStrategy,ETC/USDT:USDT,ETC,5,65.82138036,0.6582138036,0.2631546787931982,3,2,60.0,1.2406365619519955
2026_01_05,Intp20Stage12XtzCoreRocFilterStrategy,AVAX/USDT:USDT,AVAX,0,0.0,0.0,0.0,0,0,0.0,0.0
2026_01_05,Intp20Stage12XtzCoreRocFilterStrategy,BCH/USDT:USDT,BCH,0,0.0,0.0,0.0,0,0,0.0,0.0
2026_01_05,Intp20Stage12XtzCoreRocFilterStrategy,BNB/USDT:USDT,BNB,0,0.0,0.0,0.0,0,0,0.0,0.0
2026_01_05,Intp20Stage12XtzCoreRocFilterStrategy,BTC/USDT:USDT,BTC,0,0.0,0.0,0.0,0,0,0.0,0.0
2026_01_05,Intp20Stage12XtzCoreRocFilterStrategy,LINK/USDT:USDT,LINK,0,0.0,0.0,0.0,0,0,0.0,0.0
2026_01_05,Intp20Stage12XtzCoreRocFilterStrategy,MKR/USDT:USDT,MKR,0,0.0,0.0,0.0,0,0,0.0,0.0
2026_01_05,Intp20Stage12XtzCoreRocFilterStrategy,TRX/USDT:USDT,TRX,0,0.0,0.0,0.0,0,0,0.0,0.0
2026_01_05,Intp20Stage12XtzCoreRocFilterStrategy,COMP/USDT:USDT,COMP,4,-152.70686976000002,-1.5270686976,-0.7631533740512796,2,2,50.0,0.5758468771139806
