rule,removed,2024_delta,2024_removed,2025_delta,2025_removed,2026_delta,2026_removed,sum_delta
btc_bb_width >= 0.02,5,1773.5773033499995,3,604.7971728999996,2,0.0,0,2378.374476249999
btc_bb_width >= 0.015,11,1881.5342078500003,5,594.4337586999995,4,-339.9346982000002,2,2136.0332683499996
roc_48 >= 0 AND btc_roc_48 >= 0,57,369.22141324999984,13,55.20949679999967,33,1331.63300133,11,1756.0639113799996
roc_48 >= 0 AND btc_roc_48 >= -0.01,75,-672.3034111000009,22,-80.07668379999996,39,2384.19890948,14,1631.8188145799993
roc_48 >= 0 AND btc_ema_50_slope >= -0.01,75,-672.3034111000009,22,-80.07668379999996,39,2384.19890948,14,1631.8188145799993
roc_48 >= 0.0,76,-672.3034111000009,22,-130.65859600000022,40,2384.19890948,14,1581.236902379999
btc_ema_50_slope <= -0.01,6,1622.1951654999998,5,-50.581912199999806,1,0.0,0,1571.6132533
rsi >= 60,85,863.3648972499996,37,-663.8023515,33,1299.74358962,15,1499.3061353699995
btc_bb_width >= 0.012,21,1226.34516845,11,543.8518464999997,5,-452.49169184999994,5,1317.7053231
btc_roc_48 <= -0.02,6,1212.3976003999996,4,7.678098949999821,2,0.0,0,1220.0756993499995
btc_bb_width >= 0.01,35,922.8755648000001,18,429.18085040000005,9,-310.47441534999984,8,1041.5819998500003
roc_48 <= -0.02,5,1722.457715,2,-768.22812075,3,0.0,0,954.22959425
bb_width <= 0.01,60,-319.5348741500002,10,-329.7726587500001,32,1520.26681932,18,870.9592864199997
bb_width <= 0.01 AND rsi_fast >= 50,60,-319.5348741500002,10,-329.7726587500001,32,1520.26681932,18,870.9592864199997
bb_width <= 0.01 AND rsi_fast >= 55,60,-319.5348741500002,10,-329.7726587500001,32,1520.26681932,18,870.9592864199997
bb_width <= 0.01 AND rsi_fast >= 60,60,-319.5348741500002,10,-329.7726587500001,32,1520.26681932,18,870.9592864199997
bb_width <= 0.01 AND rsi_fast >= 65,60,-319.5348741500002,10,-329.7726587500001,32,1520.26681932,18,870.9592864199997
bb_width <= 0.01 AND rsi_fast >= 70,60,-319.5348741500002,10,-329.7726587500001,32,1520.26681932,18,870.9592864199997
rsi >= 65,24,582.6859096500007,9,-1255.6277487500001,10,1482.48951303,5,809.5476739300004
roc_48 >= -0.01 AND btc_roc_48 >= 0,78,-58.46829875000003,22,-336.6139502000001,43,1079.55700393,13,684.47475498
bb_width <= 0.012,75,-534.7029462500004,17,-89.3206154999998,38,1288.80302317,20,664.7794614199997
bb_width <= 0.012 AND rsi_fast >= 50,75,-534.7029462500004,17,-89.3206154999998,38,1288.80302317,20,664.7794614199997
bb_width <= 0.012 AND rsi_fast >= 55,75,-534.7029462500004,17,-89.3206154999998,38,1288.80302317,20,664.7794614199997
bb_width <= 0.012 AND rsi_fast >= 60,75,-534.7029462500004,17,-89.3206154999998,38,1288.80302317,20,664.7794614199997
bb_width <= 0.012 AND rsi_fast >= 65,75,-534.7029462500004,17,-89.3206154999998,38,1288.80302317,20,664.7794614199997
bb_width <= 0.012 AND rsi_fast >= 70,75,-534.7029462500004,17,-89.3206154999998,38,1288.80302317,20,664.7794614199997
roc_48 >= 0 AND btc_ema_50_slope >= 0,32,484.2936287500006,7,-121.5015280499997,19,192.4712981199998,6,555.2633988200007
btc_roc_48 <= -0.01,12,1393.5843529000003,8,-1075.4740480500002,3,-218.68770000000018,1,99.42260484999997
roc_24 >= 0.01,29,1458.2344219499983,17,-2106.7210237,8,655.1042024499999,4,6.617600699998206
btc_bb_width <= 0.004,39,-241.07929365000018,8,-1046.69479995,20,1267.00795884,11,-20.76613476000034
roc_48 >= 0 AND btc_roc_48 >= 0.01,11,-325.1270821999997,4,386.0444747499996,5,-86.79770965000012,2,-25.880317100000184
roc_24 >= 0.02,7,1206.7578721999998,5,-1083.152147,1,-251.78225700000007,1,-128.17653180000025
roc_48 >= -0.01 AND btc_roc_48 >= 0.01,12,-325.1270821999997,4,386.0444747499996,5,-208.0447078499999,3,-147.12731529999996
btc_roc_48 >= 0.01,14,-183.2392362000005,5,386.0444747499996,5,-404.3688358500001,4,-201.563597300001
btc_ema_50_slope <= -0.005,18,1292.5544182000003,10,-1317.1359017500001,7,-218.68770000000018,1,-243.26918354999998
btc_roc_48 >= 0.02,3,143.7728004999999,1,-304.77797999999984,1,-155.01447650000023,1,-316.01965600000017
roc_48 >= -0.01 AND btc_roc_48 >= 0.02,3,143.7728004999999,1,-304.77797999999984,1,-155.01447650000023,1,-316.01965600000017
roc_48 >= 0 AND btc_roc_48 >= 0.02,3,143.7728004999999,1,-304.77797999999984,1,-155.01447650000023,1,-316.01965600000017
bb_width <= 0.006,7,-95.4977399999998,1,-335.9016075000004,3,-41.35182949000023,3,-472.75117699000043
bb_width <= 0.006 AND rsi_fast >= 50,7,-95.4977399999998,1,-335.9016075000004,3,-41.35182949000023,3,-472.75117699000043
bb_width <= 0.006 AND rsi_fast >= 55,7,-95.4977399999998,1,-335.9016075000004,3,-41.35182949000023,3,-472.75117699000043
bb_width <= 0.006 AND rsi_fast >= 60,7,-95.4977399999998,1,-335.9016075000004,3,-41.35182949000023,3,-472.75117699000043
bb_width <= 0.006 AND rsi_fast >= 65,7,-95.4977399999998,1,-335.9016075000004,3,-41.35182949000023,3,-472.75117699000043
bb_width <= 0.006 AND rsi_fast >= 70,7,-95.4977399999998,1,-335.9016075000004,3,-41.35182949000023,3,-472.75117699000043
roc_48 >= 0.01 AND btc_roc_48 >= 0.01,4,-312.0814627,2,-304.77797999999984,1,-155.01447650000023,1,-771.8739192
ema_50_slope <= -0.01,13,-248.00132024999994,10,-529.9160829000002,3,0.0,0,-777.9174031500002
roc_48 >= 0.02 AND btc_ema_50_slope >= 0,3,-129.8250172499993,1,-690.2659741500001,2,0.0,0,-820.0909913999994
roc_48 >= 0.02 AND btc_roc_48 >= 0,4,-129.8250172499993,1,-709.2717954,3,0.0,0,-839.0968126499993
btc_ema_50_slope >= 0.005,5,-241.834922,2,-304.77797999999984,1,-351.3386045,2,-897.9515064999998
vwap_96_dist >= 0.0,77,-116.8848552999998,24,-1343.0707366000001,34,551.76314057,19,-908.1924513299999
btc_bb_width >= 0.008,56,-119.91365369999994,26,-500.64268125000035,19,-328.31968240000015,11,-948.8760173500004
bb_width <= 0.008,33,-283.79825699999947,7,-375.88196144999984,19,-329.6761903099998,7,-989.3564087599991
bb_width <= 0.008 AND rsi_fast >= 50,33,-283.79825699999947,7,-375.88196144999984,19,-329.6761903099998,7,-989.3564087599991
bb_width <= 0.008 AND rsi_fast >= 55,33,-283.79825699999947,7,-375.88196144999984,19,-329.6761903099998,7,-989.3564087599991
bb_width <= 0.008 AND rsi_fast >= 60,33,-283.79825699999947,7,-375.88196144999984,19,-329.6761903099998,7,-989.3564087599991
bb_width <= 0.008 AND rsi_fast >= 65,33,-283.79825699999947,7,-375.88196144999984,19,-329.6761903099998,7,-989.3564087599991
bb_width <= 0.008 AND rsi_fast >= 70,33,-283.79825699999947,7,-375.88196144999984,19,-329.6761903099998,7,-989.3564087599991
btc_roc_24 >= 0.01,18,40.0560025499999,9,-311.76673040000014,4,-734.2405409500002,5,-1005.9512688000004
vwap_96_dist <= -0.01,12,-404.1873535,6,-626.05549225,6,0.0,0,-1030.24284575
bb_width >= 0.03,7,321.2670584000002,4,-1471.3272116,3,0.0,0,-1150.0601531999998
btc_bb_width <= 0.006,75,-949.1126738500004,22,-1427.7875803999998,39,1176.29767889,14,-1200.6025753600002
btc_bb_width <= 0.006 AND rsi_fast >= 50,75,-949.1126738500004,22,-1427.7875803999998,39,1176.29767889,14,-1200.6025753600002
btc_bb_width <= 0.006 AND rsi_fast >= 55,75,-949.1126738500004,22,-1427.7875803999998,39,1176.29767889,14,-1200.6025753600002
btc_bb_width <= 0.006 AND rsi_fast >= 60,75,-949.1126738500004,22,-1427.7875803999998,39,1176.29767889,14,-1200.6025753600002
btc_bb_width <= 0.006 AND rsi_fast >= 65,75,-949.1126738500004,22,-1427.7875803999998,39,1176.29767889,14,-1200.6025753600002
btc_bb_width <= 0.006 AND rsi_fast >= 70,75,-949.1126738500004,22,-1427.7875803999998,39,1176.29767889,14,-1200.6025753600002
roc_48 >= -0.01 AND btc_ema_50_slope >= 0,45,-163.30658829999993,12,-446.8564016,23,-598.18380753,10,-1208.34679743
dist_ema50 >= 0.01,11,129.71616434999987,5,-1191.3079741000001,5,-251.78225700000007,1,-1313.3740667500003
roc_48 >= 0.01 AND btc_ema_50_slope >= 0,8,-441.9064799500002,3,-809.2042594499999,4,-155.01447650000023,1,-1406.1252159000003
vwap_96_dist >= 0.01,11,-338.77473504999944,6,-1191.3079741000001,5,0.0,0,-1530.0827091499996
ema_50_slope >= 0.0,12,-1907.0953285,4,-27.70707260000063,6,315.6027742499998,2,-1619.1996268500009
roc_48 >= 0.01 AND btc_roc_48 >= 0,13,-656.2557422000002,5,-918.96636855,6,-64.18269529999998,2,-1639.4048060500002
vwap_96_dist >= 0.02,4,-1210.9845257000004,2,-690.2659741500001,2,0.0,0,-1901.2504998500006
btc_roc_48 >= 0.0,85,-1797.4061495499998,25,-1163.1020821,45,937.0334181800001,15,-2023.4748134699996
roc_48 >= 0.02,5,-1337.9931254500004,2,-709.2717954,3,0.0,0,-2047.2649208500004
roc_48 >= 0.02 AND btc_roc_48 >= -0.01,5,-1337.9931254500004,2,-709.2717954,3,0.0,0,-2047.2649208500004
roc_48 >= 0.02 AND btc_ema_50_slope >= -0.01,5,-1337.9931254500004,2,-709.2717954,3,0.0,0,-2047.2649208500004
roc_48 <= -0.01,24,-123.60507959999995,14,-1793.4475560499998,6,-232.7404163000001,4,-2149.7930519499996
mfi <= 70,50,-12.714196099999754,18,-2572.66210835,25,20.918020750000096,7,-2564.4582837
dist_ema50 >= 0.02,3,-1208.1681082000007,1,-1468.6401411499999,2,0.0,0,-2676.8082493500006
roc_48 >= 0.01,16,-1813.3042620500003,7,-938.35609355,7,-64.18269529999998,2,-2815.8430509
roc_48 >= 0.01 AND btc_roc_48 >= -0.01,16,-1813.3042620500003,7,-938.35609355,7,-64.18269529999998,2,-2815.8430509
roc_48 >= 0.01 AND btc_ema_50_slope >= -0.01,16,-1813.3042620500003,7,-938.35609355,7,-64.18269529999998,2,-2815.8430509
btc_roc_48 <= 0.0,63,-744.2126209000005,28,-1513.4278811,21,-618.7679123600001,14,-2876.4084143600003
btc_roc_24 <= 0.0,42,-1904.7742690000005,17,-682.3669177999998,20,-291.1142928900001,5,-2878.2554796900004
ema_50_slope <= -0.005,49,-1407.4905144000002,23,-1183.5953799499998,18,-293.87669725,8,-2884.9625915999995
bb_width >= 0.02,21,-2019.4233454500004,13,-847.582345,6,-197.98171475000004,2,-3064.9874052000005
btc_bb_width >= 0.006,73,-1592.5060966000003,31,-1248.7423827999999,27,-858.03217307,15,-3699.28065247
vwap_96_dist <= 0.0,71,-2424.73391515,29,-1333.4592266000004,32,-233.4976347500001,10,-3991.6907765000005
btc_ema_50_slope >= 0.0,51,-1976.2998498,15,-1273.3445335000001,25,-794.5079355300002,11,-4044.1523188300007
roc_24 <= 0.0,37,-3583.6809890000004,9,-922.9323173,22,95.73424494999972,6,-4410.8790613500005
roc_48 <= 0.0,87,-1179.6652748000001,34,-2521.3923096999997,33,-1007.57265351,20,-4708.63023801
bb_width >= 0.012,73,-2006.9158242000003,36,-2587.2093477000003,28,-970.5375173499999,9,-5564.662689250001
bb_width >= 0.015,44,-3040.6382468500005,24,-2102.2014937,17,-484.77856599999984,3,-5627.61830655
bb_width >= 0.01,88,-2222.0838963,43,-2346.75730445,34,-1202.0013135000002,11,-5770.84251425
rsi <= 60,63,-3404.9836677000003,16,-2012.7276117000001,33,-981.4780837999999,14,-6399.1893632
