rank,template,side,hold,leverage,tp,sl,trades,trades_per_day,total_profit,daily,min_slice_daily,min_slice_trades_per_day,positive_slices,winrate,pf,max_dd,p2024,d2024,tpd2024,p2025,d2025,tpd2025,p2026,d2026,tpd2026,robust_score,params
1,vwap_reclaim,short,12,4.0,0.0,0.0,7510,6.877289377289378,-0.9999999999999719,-0.012571871819585523,-0.028531577251478923,5.406666666666666,0,0.4515312916111851,0.8373737288192671,0.9999999999999825,-0.9998808199380369,-0.024449237072989183,7.906849315068493,-0.9999726716160249,-0.028531577251478923,7.707988980716253,-0.9828510653316493,-0.026741405204453894,5.406666666666666,-15.688314815907413,"atr_ceiling=0.018,atr_floor=0.0025,macro_pullback=0.045,range_mult=0.8,rsi_reset=38,volume_mult=1.0,vwap_pad=0.0008"
2,vwap_reclaim,short,6,4.0,0.0,0.0,7510,6.877289377289378,-0.9999999999997826,-0.012571871819585523,-0.030930590347716502,5.406666666666666,0,0.44274300932090543,0.7553034021514484,0.999999999999828,-0.9999893960222931,-0.030894301246906286,7.906849315068493,-0.9999888615929465,-0.030930590347716502,7.707988980716253,-0.8248040212655601,-0.0115451707651123,5.406666666666666,-16.55197040141682,"atr_ceiling=0.018,atr_floor=0.0025,macro_pullback=0.045,range_mult=0.8,rsi_reset=38,volume_mult=1.0,vwap_pad=0.0008"
3,wick_reversal,long,12,4.0,0.0,0.0,8897,8.132541133455211,-0.9999999999999487,-0.012549033324075198,-0.03516146915181606,4.38,0,0.5028661346521299,0.9030762222072446,0.99999999999996,-0.9999978819162598,-0.03516146915181606,10.257534246575343,-0.9999742252207244,-0.028610526903206757,8.324175824175825,-0.9724941184521333,-0.023671042578516377,4.38,-18.051856848640355,"atr_ceiling=0.02,atr_floor=0.0035,band_pad=0.998,bb_width=0.006,roc_limit=0.035,rsi_fast=32,volume_mult=1.0,wick_atr=0.6,wick_body=1.6"
4,wick_reversal,short,3,4.0,0.0,0.0,6738,6.164684354986276,-0.9999999999998435,-0.012560442190240106,-0.03534194193027951,4.181208053691275,0,0.4483526268922529,0.6598602733070873,0.9999999999999374,-0.9999980217111588,-0.03534194193027951,6.717808219178083,-0.9999945358529502,-0.03283000111726153,6.909090909090909,-0.6730138410335015,-0.007474192929958989,4.181208053691275,-18.14755135695523,"atr_ceiling=0.02,atr_floor=0.0035,band_pad=0.998,bb_width=0.006,roc_limit=0.035,rsi_fast=32,volume_mult=1.0,wick_atr=0.6,wick_body=1.6"
5,vwap_reclaim,short,12,4.0,0.0,0.0,10067,9.21043000914913,-1.0,-0.012560442190240106,-0.036062098482691596,7.993333333333333,0,0.4416410052647263,0.817889247071367,1.0,-0.999983184858278,-0.02966939970451643,10.136986301369863,-0.9999984373680976,-0.036062098482691596,9.788461538461538,-0.992811558960136,-0.03236649412313786,7.993333333333333,-18.379278251325466,"atr_ceiling=0.018,atr_floor=0.0015,macro_pullback=0.045,range_mult=0.8,rsi_reset=38,volume_mult=1.0,vwap_pad=0.0008"
6,wick_reversal,long,3,4.0,0.0,0.0,8898,8.13345521023766,-0.9999999999999953,-0.012549033324075198,-0.03714332867924497,4.386666666666667,0,0.46336255338278265,0.715520975011511,0.9999999999999969,-0.9999999631372564,-0.03714332867924497,10.257534246575343,-0.9999810404001063,-0.029429687298846208,8.324175824175825,-0.1902613925939891,-0.0014059692997888673,4.386666666666667,-18.765327631308455,"atr_ceiling=0.02,atr_floor=0.0035,band_pad=0.998,bb_width=0.006,roc_limit=0.035,rsi_fast=32,volume_mult=1.0,wick_atr=0.6,wick_body=1.6"
7,wick_reversal,long,6,4.0,0.0,0.0,8897,8.132541133455211,-0.9999999999999759,-0.012549033324075198,-0.03714332867924497,4.38,0,0.48960323704619535,0.8256241117248841,0.9999999999999817,-0.9999999878627917,-0.03714332867924497,10.257534246575343,-0.9994037542153018,-0.020191329341065378,8.324175824175825,-0.8710181201031861,-0.013561097462125526,4.38,-18.765327647380037,"atr_ceiling=0.02,atr_floor=0.0035,band_pad=0.998,bb_width=0.006,roc_limit=0.035,rsi_fast=32,volume_mult=1.0,wick_atr=0.6,wick_body=1.6"
8,vwap_reclaim,long,3,4.0,0.0,0.0,8145,7.4451553930530165,-1.0,-0.012549033324075198,-0.03714332867924497,6.24,0,0.3950890116635973,0.5507286494835933,1.0,-0.9999999854265473,-0.03714332867924497,8.438356164383562,-0.9999970988386255,-0.03442217055497865,7.876373626373627,-0.9941283273110204,-0.03367085359254074,6.24,-18.773650314900706,"atr_ceiling=0.018,atr_floor=0.0025,macro_pullback=0.045,range_mult=0.8,rsi_reset=38,volume_mult=1.0,vwap_pad=0.0008"
9,vwap_reclaim,long,12,4.0,0.0,0.0,8145,7.4451553930530165,-1.0,-0.012549033324075198,-0.03714332867924497,6.24,0,0.44419889502762433,0.7148926303562176,1.0,-0.9999999999475835,-0.03714332867924497,8.438356164383562,-0.9999983571185467,-0.03592946800935648,7.876373626373627,-0.9954725849092941,-0.03534429866070021,6.24,-18.77365032433938,"atr_ceiling=0.018,atr_floor=0.0025,macro_pullback=0.045,range_mult=0.8,rsi_reset=38,volume_mult=1.0,vwap_pad=0.0008"
10,vwap_reclaim,long,6,4.0,0.0,0.0,8145,7.4451553930530165,-1.0,-0.012549033324075198,-0.03714332867924497,6.24,0,0.4148557397176182,0.6362616804828328,1.0,-0.9999999999523992,-0.03714332867924497,8.438356164383562,-0.9999928473553332,-0.03202549371368435,7.876373626373627,-0.9869621109923299,-0.028518096265111037,6.24,-18.77365032434251,"atr_ceiling=0.018,atr_floor=0.0025,macro_pullback=0.045,range_mult=0.8,rsi_reset=38,volume_mult=1.0,vwap_pad=0.0008"
11,wick_reversal,short,3,4.0,0.0,0.0,13340,12.193784277879342,-1.0,-0.012549033324075198,-0.03724344658460743,10.12,0,0.41626686656671663,0.5828306766039767,1.0,-0.999999999446306,-0.03714332867924497,12.4,-0.9999999999544243,-0.03724344658460743,13.714285714285714,-0.990296850988504,-0.030429444725965538,10.12,-18.801370101170107,"atr_ceiling=0.02,atr_floor=0.002,band_pad=0.998,bb_width=0.006,roc_limit=0.035,rsi_fast=32,volume_mult=1.0,wick_atr=0.6,wick_body=1.6"
12,vwap_reclaim,long,6,4.0,0.0,0.0,10768,9.842778793418647,-1.0,-0.012549033324075198,-0.03724344658460743,8.893333333333333,0,0.40536775631500743,0.613138033024858,1.0,-0.9999999999991491,-0.03714332867924497,10.838356164383562,-0.9999996250413011,-0.03724344658460743,9.840659340659341,-0.9965803843282285,-0.03714730868581295,8.893333333333333,-18.80137010119918,"atr_ceiling=0.018,atr_floor=0.0015,macro_pullback=0.045,range_mult=0.8,rsi_reset=38,volume_mult=1.0,vwap_pad=0.0008"
13,wick_reversal,long,3,4.0,0.0,0.0,16911,15.457952468007313,-1.0,-0.012549033324075198,-0.03724344658460743,11.8,0,0.43817633492992725,0.6381039801111658,1.0,-0.999999999999438,-0.03714332867924497,17.90958904109589,-0.9999999994425044,-0.03724344658460743,15.42032967032967,-0.9656769758060376,-0.0222288092470605,11.8,-18.801370101199367,"atr_ceiling=0.02,atr_floor=0.002,band_pad=0.998,bb_width=0.006,roc_limit=0.035,rsi_fast=32,volume_mult=1.0,wick_atr=0.6,wick_body=1.6"
14,wick_reversal,short,6,4.0,0.0,0.0,13340,12.193784277879342,-1.0,-0.012549033324075198,-0.03724344658460743,10.12,0,0.441904047976012,0.6585792287875109,1.0,-0.999999999802138,-0.03714332867924497,12.4,-0.9999999999995566,-0.03724344658460743,13.714285714285714,-0.990166788954667,-0.030343374937259027,10.12,-18.801370101199442,"atr_ceiling=0.02,atr_floor=0.002,band_pad=0.998,bb_width=0.006,roc_limit=0.035,rsi_fast=32,volume_mult=1.0,wick_atr=0.6,wick_body=1.6"
15,wick_reversal,long,24,4.0,0.0,0.0,16910,15.457038391224863,-1.0,-0.012549033324075198,-0.03724344658460743,11.793333333333333,0,0.49254878769958604,0.871989396819277,1.0,-0.9999999999997877,-0.03714332867924497,17.90958904109589,-1.0,-0.03724344658460743,15.42032967032967,-0.9961013010217634,-0.036305312915439925,11.793333333333333,-18.80137010119973,"atr_ceiling=0.02,atr_floor=0.002,band_pad=0.998,bb_width=0.006,roc_limit=0.035,rsi_fast=32,volume_mult=1.0,wick_atr=0.6,wick_body=1.6"
16,wick_reversal,long,24,4.0,0.0,0.0,8897,8.132541133455211,-1.0,-0.012549033324075198,-0.03724344658460743,4.38,0,0.5105091603911431,0.9399615799341656,1.0,-0.9997910778947328,-0.022947803370253705,10.257534246575343,-1.0,-0.03724344658460743,8.324175824175825,-0.9572186141675473,-0.02079182102054633,4.38,-18.80137010119973,"atr_ceiling=0.02,atr_floor=0.0035,band_pad=0.998,bb_width=0.006,roc_limit=0.035,rsi_fast=32,volume_mult=1.0,wick_atr=0.6,wick_body=1.6"
17,squeeze_breakout,short,24,4.0,0.0,0.0,19358,17.694698354661792,-1.0,-0.012549033324075198,-0.03724344658460743,13.16,0,0.4408513276164893,0.8788261605286624,1.0,-1.0,-0.03714332867924497,19.84109589041096,-0.9999995984479778,-0.03724344658460743,20.425824175824175,-0.9901408861629025,-0.03032636861726179,13.16,-18.80137010119973,"atr_ceiling=0.018,atr_floor=0.0025,roc=0.0015,rsi_max=74,rsi_min=46,slope_tolerance=0.002,squeeze_mult=0.8,volume_z=0.6"
18,wick_reversal,short,24,4.0,0.0,0.0,13340,12.193784277879342,-1.0,-0.012549033324075198,-0.03724344658460743,10.12,0,0.49137931034482757,0.8351675287641079,1.0,-0.9999999889315107,-0.03714332867924497,12.4,-1.0,-0.03724344658460743,13.714285714285714,-0.9896771402449073,-0.03002918573932467,10.12,-18.80137010119973,"atr_ceiling=0.02,atr_floor=0.002,band_pad=0.998,bb_width=0.006,roc_limit=0.035,rsi_fast=32,volume_mult=1.0,wick_atr=0.6,wick_body=1.6"
19,vwap_reclaim,short,6,4.0,0.0,0.0,10067,9.21043000914913,-1.0,-0.012560442190240106,-0.03724344658460743,7.993333333333333,0,0.4257474918049071,0.7204461900468561,1.0,-0.999999470143006,-0.03714332867924497,10.136986301369863,-0.9999996694686307,-0.03724344658460743,9.788461538461538,-0.9376159182917215,-0.01832629411867337,7.993333333333333,-18.804564368880513,"atr_ceiling=0.018,atr_floor=0.0015,macro_pullback=0.045,range_mult=0.8,rsi_reset=38,volume_mult=1.0,vwap_pad=0.0008"
20,vwap_reclaim,short,3,4.0,0.0,0.0,10067,9.21043000914913,-1.0,-0.012560442190240106,-0.03724344658460743,7.993333333333333,0,0.38313300884076684,0.5519932188371758,1.0,-0.9999999795674176,-0.03714332867924497,10.136986301369863,-0.9999999820117269,-0.03724344658460743,9.788461538461538,-0.9794067523862315,-0.025553128535199532,7.993333333333333,-18.804564572033527,"atr_ceiling=0.018,atr_floor=0.0015,macro_pullback=0.045,range_mult=0.8,rsi_reset=38,volume_mult=1.0,vwap_pad=0.0008"
21,vwap_reclaim,short,3,4.0,0.0,0.0,7510,6.877289377289378,-0.9999999999999994,-0.012571871819585523,-0.03734410560731538,5.406666666666666,0,0.40173102529960053,0.5880089627554207,0.9999999999999994,-0.9999992612515121,-0.03714332867924497,7.906849315068493,-0.9999993769323597,-0.03734410560731538,7.707988980716253,-0.9290497298658742,-0.017483859240750355,5.406666666666666,-18.860842382464174,"atr_ceiling=0.018,atr_floor=0.0025,macro_pullback=0.045,range_mult=0.8,rsi_reset=38,volume_mult=1.0,vwap_pad=0.0008"
22,wick_reversal,short,6,4.0,0.0,0.0,6738,6.164684354986276,-0.9999999999999994,-0.012560442190240106,-0.03734410560731538,4.181208053691275,0,0.460522410210745,0.7141100427917554,0.9999999999999998,-0.9999997131246297,-0.03714332867924497,6.717808219178083,-0.9999995803565781,-0.03734410560731538,6.909090909090909,-0.5315299184655087,-0.0050762201423408815,4.181208053691275,-18.86833138010698,"atr_ceiling=0.02,atr_floor=0.0035,band_pad=0.998,bb_width=0.006,roc_limit=0.035,rsi_fast=32,volume_mult=1.0,wick_atr=0.6,wick_body=1.6"
23,wick_reversal,short,12,4.0,0.0,0.0,6738,6.164684354986276,-1.0,-0.012560442190240106,-0.03734410560731538,4.181208053691275,0,0.4930246363906204,0.7941391188185537,1.0,-0.9999984475862539,-0.0359824241048502,6.717808219178083,-0.9999999441094953,-0.03734410560731538,6.909090909090909,-0.9046311589507667,-0.015648110603285192,4.181208053691275,-18.86833153024714,"atr_ceiling=0.02,atr_floor=0.0035,band_pad=0.998,bb_width=0.006,roc_limit=0.035,rsi_fast=32,volume_mult=1.0,wick_atr=0.6,wick_body=1.6"
24,wick_reversal,short,24,4.0,0.0,0.0,6738,6.164684354986276,-1.0,-0.012560442190240106,-0.03734410560731538,4.181208053691275,0,0.5008904719501336,0.8610451712087338,1.0,-0.9999949687584282,-0.0328718117675062,6.717808219178083,-0.9999999999880307,-0.03734410560731538,6.909090909090909,-0.46874377398061084,-0.004236041746713548,4.181208053691275,-18.868331566568187,"atr_ceiling=0.02,atr_floor=0.0035,band_pad=0.998,bb_width=0.006,roc_limit=0.035,rsi_fast=32,volume_mult=1.0,wick_atr=0.6,wick_body=1.6"
25,wick_reversal,long,6,4.0,0.0,0.0,16910,15.457038391224863,-1.0,-0.012549033324075198,-0.037436754775492576,11.793333333333333,0,0.4651685393258427,0.7404753291859533,1.0,-0.9999999999999787,-0.03714332867924497,17.90958904109589,-0.9999999652839182,-0.03724344658460743,15.42032967032967,-0.9967311787995361,-0.037436754775492576,11.793333333333333,-18.870961049918368,"atr_ceiling=0.02,atr_floor=0.002,band_pad=0.998,bb_width=0.006,roc_limit=0.035,rsi_fast=32,volume_mult=1.0,wick_atr=0.6,wick_body=1.6"
26,vwap_reclaim,short,24,4.0,0.0,0.0,7510,6.877289377289378,-1.0,-0.012571871819585523,-0.039248055794184555,5.406666666666666,0,0.46564580559254326,0.868743632486453,1.0,-0.9992276041826922,-0.019441442929637565,7.906849315068493,-0.999999998370312,-0.03734410560731538,7.707988980716253,-0.9975357157675147,-0.039248055794184555,5.406666666666666,-19.546264853671747,"atr_ceiling=0.018,atr_floor=0.0025,macro_pullback=0.045,range_mult=0.8,rsi_reset=38,volume_mult=1.0,vwap_pad=0.0008"
27,vwap_reclaim,long,3,4.0,0.0,0.0,10768,9.842778793418647,-1.0,-0.012549033324075198,-0.04046915152049069,8.893333333333333,0,0.3835438335809807,0.5232639002163062,1.0,-0.9999999997881234,-0.03714332867924497,10.838356164383562,-0.9999998241524501,-0.03724344658460743,9.840659340659341,-0.9979637023979152,-0.04046915152049069,8.893333333333333,-19.962623877979983,"atr_ceiling=0.018,atr_floor=0.0015,macro_pullback=0.045,range_mult=0.8,rsi_reset=38,volume_mult=1.0,vwap_pad=0.0008"
28,squeeze_breakout,long,24,4.0,0.0,0.0,17426,15.94327538883806,-1.0,-0.012560442190240106,-0.04047111491479061,10.673333333333334,0,0.4330311029496155,0.8636746420468603,1.0,-1.0,-0.03714332867924497,18.175342465753424,-0.9999999999999996,-0.03724344658460743,17.846153846153847,-0.9979643273041964,-0.04047111491479061,10.673333333333334,-19.966525182591845,"atr_ceiling=0.018,atr_floor=0.0025,roc=0.0015,rsi_max=74,rsi_min=46,slope_tolerance=0.002,squeeze_mult=0.8,volume_z=0.6"
29,squeeze_breakout,short,12,4.0,0.0,0.0,19358,17.694698354661792,-1.0,-0.012549033324075198,-0.041316973665591394,13.16,0,0.42054964355821883,0.7985704063025697,1.0,-0.9999999999999994,-0.03714332867924497,19.84109589041096,-0.9999999999998849,-0.03724344658460743,20.425824175824175,-0.9982165714041576,-0.041316973665591394,13.16,-20.267839850353955,"atr_ceiling=0.018,atr_floor=0.0025,roc=0.0015,rsi_max=74,rsi_min=46,slope_tolerance=0.002,squeeze_mult=0.8,volume_z=0.6"
30,squeeze_breakout,long,12,4.0,0.0,0.0,17426,15.94327538883806,-1.0,-0.012560442190240106,-0.04319741367610486,10.673333333333334,0,0.41736485711006543,0.7881102955321089,1.0,-0.9999999999999889,-0.03714332867924497,18.175342465753424,-1.0,-0.03724344658460743,17.846153846153847,-0.9986715320310662,-0.04319741367610486,10.673333333333334,-20.947992736664975,"atr_ceiling=0.018,atr_floor=0.0025,roc=0.0015,rsi_max=74,rsi_min=46,slope_tolerance=0.002,squeeze_mult=0.8,volume_z=0.6"
31,squeeze_breakout,long,6,4.0,0.0,0.0,17426,15.94327538883806,-1.0,-0.012560442190240106,-0.045463555333565275,10.673333333333334,0,0.4035923332950763,0.7450889574412743,1.0,-0.9999999999998467,-0.03714332867924497,18.175342465753424,-0.9999999999997907,-0.03724344658460743,17.846153846153847,-0.999069155379647,-0.045463555333565275,10.673333333333334,-21.763803733350628,"atr_ceiling=0.018,atr_floor=0.0025,roc=0.0015,rsi_max=74,rsi_min=46,slope_tolerance=0.002,squeeze_mult=0.8,volume_z=0.6"
32,wick_reversal,short,12,4.0,0.0,0.0,13340,12.193784277879342,-1.0,-0.012549033324075198,-0.047651758695615,10.12,0,0.47331334332833586,0.738432552685701,1.0,-0.9999999986342649,-0.03714332867924497,12.4,-0.9999999999999893,-0.03724344658460743,13.714285714285714,-0.9993402678960515,-0.047651758695615,10.12,-22.548362461162444,"atr_ceiling=0.02,atr_floor=0.002,band_pad=0.998,bb_width=0.006,roc_limit=0.035,rsi_fast=32,volume_mult=1.0,wick_atr=0.6,wick_body=1.6"
33,squeeze_breakout,long,3,4.0,0.0,0.0,17426,15.94327538883806,-1.0,-0.012560442190240106,-0.04780477120376758,10.673333333333334,0,0.3858028233673821,0.6686450090947548,1.0,-0.9999999999382949,-0.03714332867924497,18.175342465753424,-0.9999999999999509,-0.03724344658460743,17.846153846153847,-0.9993559788189295,-0.04780477120376758,10.673333333333334,-22.606641446623524,"atr_ceiling=0.018,atr_floor=0.0025,roc=0.0015,rsi_max=74,rsi_min=46,slope_tolerance=0.002,squeeze_mult=0.8,volume_z=0.6"
34,vwap_reclaim,long,12,4.0,0.0,0.0,10768,9.842778793418647,-1.0,-0.012549033324075198,-0.04834624703321788,8.893333333333333,0,0.4375,0.6962573260565035,1.0,-0.9999999999993028,-0.03714332867924497,10.838356164383562,-0.9999999384099995,-0.03724344658460743,9.840659340659341,-0.9994086498716007,-0.04834624703321788,8.893333333333333,-22.79837826269904,"atr_ceiling=0.018,atr_floor=0.0015,macro_pullback=0.045,range_mult=0.8,rsi_reset=38,volume_mult=1.0,vwap_pad=0.0008"
35,vwap_reclaim,short,24,4.0,0.0,0.0,10067,9.21043000914913,-1.0,-0.012560442190240106,-0.048386882711104806,7.993333333333333,0,0.461805900466872,0.8629625453086737,1.0,-0.9998917443535013,-0.024706160494443297,10.136986301369863,-0.9999999997699212,-0.03724344658460743,9.788461538461538,-0.9994124254513999,-0.048386882711104806,7.993333333333333,-22.816201589115405,"atr_ceiling=0.018,atr_floor=0.0015,macro_pullback=0.045,range_mult=0.8,rsi_reset=38,volume_mult=1.0,vwap_pad=0.0008"
36,squeeze_breakout,short,24,4.0,0.0,0.0,31109,28.43601462522852,-1.0,-0.012549033324075198,-0.04938139536381114,26.18,0,0.4336687132341123,0.862145261296414,1.0,-1.0,-0.03714332867924497,30.183561643835617,-0.9999999999987765,-0.03724344658460743,30.392857142857142,-0.9994977193491564,-0.04938139536381114,26.18,-23.171031661713066,"atr_ceiling=0.018,atr_floor=0.0015,roc=0.0015,rsi_max=74,rsi_min=46,slope_tolerance=0.002,squeeze_mult=0.8,volume_z=0.6"
37,wick_reversal,long,12,4.0,0.0,0.0,16910,15.457038391224863,-1.0,-0.012549033324075198,-0.049476181818300824,11.793333333333333,0,0.4836191602602011,0.8156660844618817,1.0,-0.9999999999994076,-0.03714332867924497,17.90958904109589,-0.9999999993913715,-0.03724344658460743,15.42032967032967,-0.9995051761997821,-0.049476181818300824,11.793333333333333,-23.205154785328965,"atr_ceiling=0.02,atr_floor=0.002,band_pad=0.998,bb_width=0.006,roc_limit=0.035,rsi_fast=32,volume_mult=1.0,wick_atr=0.6,wick_body=1.6"
38,vwap_reclaim,long,24,4.0,0.0,0.0,8145,7.4451553930530165,-1.0,-0.012549033324075198,-0.057367585501963414,6.24,0,0.4594229588704727,0.7794476886019983,1.0,-0.9999999999965641,-0.03714332867924497,8.438356164383562,-0.9999999034444019,-0.03724344658460743,7.876373626373627,-0.9998583046891354,-0.057367585501963414,6.24,-26.054382780549858,"atr_ceiling=0.018,atr_floor=0.0025,macro_pullback=0.045,range_mult=0.8,rsi_reset=38,volume_mult=1.0,vwap_pad=0.0008"
39,squeeze_breakout,short,6,4.0,0.0,0.0,19358,17.694698354661792,-1.0,-0.012549033324075198,-0.0635729757775284,13.16,0,0.40071288356235146,0.7517810026560712,1.0,-0.9999999999999993,-0.03714332867924497,19.84109589041096,-0.9999999995119396,-0.03724344658460743,20.425824175824175,-0.9999473872784221,-0.0635729757775284,13.16,-28.28000061065128,"atr_ceiling=0.018,atr_floor=0.0025,roc=0.0015,rsi_max=74,rsi_min=46,slope_tolerance=0.002,squeeze_mult=0.8,volume_z=0.6"
40,squeeze_breakout,short,12,4.0,0.0,0.0,31109,28.43601462522852,-1.0,-0.012549033324075198,-0.0670301096690652,26.18,0,0.4139959497251599,0.7852698757968689,1.0,-1.0,-0.03714332867924497,30.183561643835617,-1.0,-0.03724344658460743,30.392857142857142,-0.9999697904537077,-0.0670301096690652,26.18,-29.524568811604524,"atr_ceiling=0.018,atr_floor=0.0015,roc=0.0015,rsi_max=74,rsi_min=46,slope_tolerance=0.002,squeeze_mult=0.8,volume_z=0.6"
41,vwap_reclaim,long,24,4.0,0.0,0.0,10768,9.842778793418647,-1.0,-0.012549033324075198,-0.07005334615581593,8.893333333333333,0,0.4515230312035661,0.7594099104000357,1.0,-0.9999999999999959,-0.03714332867924497,10.838356164383562,-0.9999999966414165,-0.03724344658460743,9.840659340659341,-0.999981434552956,-0.07005334615581593,8.893333333333333,-30.612933946834787,"atr_ceiling=0.018,atr_floor=0.0015,macro_pullback=0.045,range_mult=0.8,rsi_reset=38,volume_mult=1.0,vwap_pad=0.0008"
42,squeeze_breakout,short,3,4.0,0.0,0.0,19358,17.694698354661792,-1.0,-0.012549033324075198,-0.0706883151147858,13.16,0,0.38263250335778487,0.6028780392820073,1.0,-0.9999999999999998,-0.03714332867924497,19.84109589041096,-0.9999999999998571,-0.03724344658460743,20.425824175824175,-0.9999832424825292,-0.0706883151147858,13.16,-30.84152277206394,"atr_ceiling=0.018,atr_floor=0.0025,roc=0.0015,rsi_max=74,rsi_min=46,slope_tolerance=0.002,squeeze_mult=0.8,volume_z=0.6"
43,squeeze_breakout,long,12,4.0,0.0,0.0,28299,25.86745886654479,-1.0,-0.012549033324075198,-0.07829480356735175,21.086666666666666,0,0.40471394748931055,0.7506998247230082,1.0,-1.0,-0.03714332867924497,28.024657534246575,-1.0,-0.03724344658460743,27.48076923076923,-0.999995115665514,-0.07829480356735175,21.086666666666666,-33.579858614987685,"atr_ceiling=0.018,atr_floor=0.0015,roc=0.0015,rsi_max=74,rsi_min=46,slope_tolerance=0.002,squeeze_mult=0.8,volume_z=0.6"
44,squeeze_breakout,long,6,4.0,0.0,0.0,28300,25.86837294332724,-1.0,-0.012549033324075198,-0.07866692372217654,21.093333333333334,0,0.3848409893992933,0.6843249932595331,1.0,-1.0,-0.03714332867924497,28.024657534246575,-1.0,-0.03724344658460743,27.48076923076923,-0.9999954027362342,-0.07866692372217654,21.093333333333334,-33.713821870724615,"atr_ceiling=0.018,atr_floor=0.0015,roc=0.0015,rsi_max=74,rsi_min=46,slope_tolerance=0.002,squeeze_mult=0.8,volume_z=0.6"
45,squeeze_breakout,long,3,4.0,0.0,0.0,28300,25.86837294332724,-1.0,-0.012549033324075198,-0.08243113852887296,21.093333333333334,0,0.36056537102473496,0.6013398869104015,1.0,-1.0,-0.03714332867924497,28.024657534246575,-1.0,-0.03724344658460743,27.48076923076923,-0.9999975122883206,-0.08243113852887296,21.093333333333334,-35.06893920113532,"atr_ceiling=0.018,atr_floor=0.0015,roc=0.0015,rsi_max=74,rsi_min=46,slope_tolerance=0.002,squeeze_mult=0.8,volume_z=0.6"
46,squeeze_breakout,long,24,4.0,0.0,0.0,28298,25.86654478976234,-1.0,-0.012549033324075198,-0.08663379104474866,21.08,0,0.42197328433104814,0.8201305515149199,1.0,-1.0,-0.03714332867924497,28.024657534246575,-1.0,-0.03724344658460743,27.48076923076923,-0.9999987504862177,-0.08663379104474866,21.08,-36.58189410685058,"atr_ceiling=0.018,atr_floor=0.0015,roc=0.0015,rsi_max=74,rsi_min=46,slope_tolerance=0.002,squeeze_mult=0.8,volume_z=0.6"
47,squeeze_breakout,short,3,4.0,0.0,0.0,31109,28.43601462522852,-1.0,-0.012549033324075198,-0.08798916064409024,26.18,0,0.3598637050371275,0.5624741965987301,1.0,-1.0,-0.03714332867924497,30.183561643835617,-1.0,-0.03724344658460743,30.392857142857142,-0.999999994839784,-0.08798916064409024,26.18,-37.06982716261354,"atr_ceiling=0.018,atr_floor=0.0015,roc=0.0015,rsi_max=74,rsi_min=46,slope_tolerance=0.002,squeeze_mult=0.8,volume_z=0.6"
48,squeeze_breakout,short,6,4.0,0.0,0.0,31109,28.43601462522852,-1.0,-0.012549033324075198,-0.08798916064409024,26.18,0,0.38715484265003697,0.705015406298444,1.0,-1.0,-0.03714332867924497,30.183561643835617,-0.9999999999999993,-0.03724344658460743,30.392857142857142,-0.9999999413969891,-0.08798916064409024,26.18,-37.06982716261354,"atr_ceiling=0.018,atr_floor=0.0015,roc=0.0015,rsi_max=74,rsi_min=46,slope_tolerance=0.002,squeeze_mult=0.8,volume_z=0.6"
